Warning : `load_model` does not return WordVectorModel or SupervisedModel any more, but a `FastText` object which is very similar.
Warning : `load_model` does not return WordVectorModel or SupervisedModel any more, but a `FastText` object which is very similar.
Warning : `load_model` does not return WordVectorModel or SupervisedModel any more, but a `FastText` object which is very similar.
Warning : `load_model` does not return WordVectorModel or SupervisedModel any more, but a `FastText` object which is very similar.
<unknown>:16: SyntaxWarning: invalid escape sequence '\$'
<unknown>:44: SyntaxWarning: invalid escape sequence '\d'
<unknown>:45: SyntaxWarning: invalid escape sequence '\d'
<unknown>:58: SyntaxWarning: invalid escape sequence '\d'
<unknown>:90: SyntaxWarning: invalid escape sequence '\/'
<unknown>:185: SyntaxWarning: invalid escape sequence '\d'
<unknown>:191: SyntaxWarning: invalid escape sequence '\d'
<unknown>:48: SyntaxWarning: invalid escape sequence '\d'
<unknown>:80: SyntaxWarning: invalid escape sequence '\s'
<unknown>:16: SyntaxWarning: invalid escape sequence '\-'
<unknown>:24: SyntaxWarning: invalid escape sequence '\.'
<unknown>:25: SyntaxWarning: invalid escape sequence '\.'
<unknown>:26: SyntaxWarning: invalid escape sequence '\.'
<unknown>:27: SyntaxWarning: invalid escape sequence '\/'
<unknown>:30: SyntaxWarning: invalid escape sequence '\w'
<unknown>:478: SyntaxWarning: invalid escape sequence '\*'
<unknown>:103: SyntaxWarning: invalid escape sequence '\D'
<unknown>:135: SyntaxWarning: invalid escape sequence '\m'
<unknown>:55: SyntaxWarning: invalid escape sequence '\d'
<unknown>:42: SyntaxWarning: invalid escape sequence '\/'
<unknown>:50: SyntaxWarning: invalid escape sequence '\/'
<unknown>:71: SyntaxWarning: invalid escape sequence '\/'
<unknown>:104: SyntaxWarning: invalid escape sequence '\/'
<unknown>:72: SyntaxWarning: invalid escape sequence '\G'
<unknown>:12: SyntaxWarning: invalid escape sequence '\ '
<unknown>:8: SyntaxWarning: invalid escape sequence '\_'
<unknown>:34: SyntaxWarning: invalid escape sequence '\%'
<unknown>:19: SyntaxWarning: invalid escape sequence '\s'
<unknown>:10: SyntaxWarning: invalid escape sequence '\ '
<unknown>:26: SyntaxWarning: invalid escape sequence '\D'
<unknown>:172: SyntaxWarning: invalid escape sequence '\d'
<unknown>:179: SyntaxWarning: invalid escape sequence '\s'
<unknown>:24: SyntaxWarning: invalid escape sequence '\w'
<unknown>:48: SyntaxWarning: invalid escape sequence '\.'
<unknown>:59: SyntaxWarning: invalid escape sequence '\^'
<unknown>:52: SyntaxWarning: invalid escape sequence '\e'
<unknown>:52: SyntaxWarning: invalid escape sequence '\e'
<unknown>:57: SyntaxWarning: invalid escape sequence '\e'
<unknown>:57: SyntaxWarning: invalid escape sequence '\e'
<unknown>:91: SyntaxWarning: invalid escape sequence '\e'
<unknown>:91: SyntaxWarning: invalid escape sequence '\e'
<unknown>:91: SyntaxWarning: invalid escape sequence '\e'
<unknown>:110: SyntaxWarning: invalid escape sequence '\e'
<unknown>:110: SyntaxWarning: invalid escape sequence '\e'
<unknown>:110: SyntaxWarning: invalid escape sequence '\e'
<unknown>:64: SyntaxWarning: invalid escape sequence '\i'
<unknown>:42: SyntaxWarning: invalid escape sequence '\*'
<unknown>:29: SyntaxWarning: invalid escape sequence '\.'
<unknown>:29: SyntaxWarning: invalid escape sequence '\.'
<unknown>:30: SyntaxWarning: invalid escape sequence '\_'
<unknown>:106: SyntaxWarning: invalid escape sequence '\['
<unknown>:130: SyntaxWarning: invalid escape sequence '\['
<unknown>:162: SyntaxWarning: invalid escape sequence '\('
<unknown>:25: SyntaxWarning: invalid escape sequence '\ '
<unknown>:32: SyntaxWarning: invalid escape sequence '\A'
<unknown>:51: SyntaxWarning: invalid escape sequence '\A'
<unknown>:39: SyntaxWarning: invalid escape sequence '\|'
<unknown>:357: SyntaxWarning: invalid escape sequence '\*'
<unknown>:398: SyntaxWarning: invalid escape sequence '\*'
<unknown>:31: SyntaxWarning: invalid escape sequence '\w'
<unknown>:97: SyntaxWarning: invalid escape sequence '\.'
<unknown>:13: SyntaxWarning: invalid escape sequence '\l'
<unknown>:26: SyntaxWarning: invalid escape sequence '\ '
<unknown>:36: SyntaxWarning: invalid escape sequence '\m'
<unknown>:83: SyntaxWarning: invalid escape sequence '\s'
<unknown>:33: SyntaxWarning: invalid escape sequence '\d'
<unknown>:58: SyntaxWarning: invalid escape sequence '\w'
<unknown>:59: SyntaxWarning: invalid escape sequence '\s'
<unknown>:226: SyntaxWarning: invalid escape sequence '\m'
<unknown>:237: SyntaxWarning: invalid escape sequence '\m'
<unknown>:293: SyntaxWarning: invalid escape sequence '\m'
<unknown>:376: SyntaxWarning: invalid escape sequence '\m'
<unknown>:519: SyntaxWarning: invalid escape sequence '\m'
<unknown>:630: SyntaxWarning: invalid escape sequence '\m'
<unknown>:634: SyntaxWarning: invalid escape sequence '\m'
<unknown>:638: SyntaxWarning: invalid escape sequence '\m'
<unknown>:759: SyntaxWarning: invalid escape sequence '\m'
<unknown>:777: SyntaxWarning: invalid escape sequence '\m'
<unknown>:856: SyntaxWarning: invalid escape sequence '\m'
<unknown>:865: SyntaxWarning: invalid escape sequence '\m'
<unknown>:3: SyntaxWarning: invalid escape sequence '\ '
<unknown>:4: SyntaxWarning: invalid escape sequence '\ '
<unknown>:5: SyntaxWarning: invalid escape sequence '\_'
<unknown>:6: SyntaxWarning: invalid escape sequence '\_'
<unknown>:29: SyntaxWarning: invalid escape sequence '\d'
<unknown>:783: SyntaxWarning: invalid escape sequence '\c'
<unknown>:784: SyntaxWarning: invalid escape sequence '\c'
<unknown>:82: SyntaxWarning: invalid escape sequence '\R'
<unknown>:86: SyntaxWarning: invalid escape sequence '\R'
<unknown>:297: SyntaxWarning: invalid escape sequence '\<'
<unknown>:297: SyntaxWarning: invalid escape sequence '\:'
<unknown>:297: SyntaxWarning: invalid escape sequence '\>'
<unknown>:4: SyntaxWarning: invalid escape sequence '\s'
<unknown>:7: SyntaxWarning: invalid escape sequence '\d'
<unknown>:19: SyntaxWarning: invalid escape sequence '\E'
<unknown>:54: SyntaxWarning: invalid escape sequence '\E'
<unknown>:59: SyntaxWarning: invalid escape sequence '\E'
<unknown>:75: SyntaxWarning: invalid escape sequence '\s'
<unknown>:14: SyntaxWarning: invalid escape sequence '\D'
<unknown>:15: SyntaxWarning: invalid escape sequence '\D'
<unknown>:10: SyntaxWarning: invalid escape sequence '\S'
<unknown>:10: SyntaxWarning: invalid escape sequence '\S'
<unknown>:67: SyntaxWarning: invalid escape sequence '\ '
<unknown>:35: SyntaxWarning: invalid escape sequence '\d'
<unknown>:62: SyntaxWarning: invalid escape sequence '\d'
<unknown>:17: SyntaxWarning: invalid escape sequence '\s'
<unknown>:20: SyntaxWarning: invalid escape sequence '\ '
<unknown>:203: SyntaxWarning: invalid escape sequence '\['
<unknown>:2: SyntaxWarning: invalid escape sequence '\s'
<unknown>:10: SyntaxWarning: invalid escape sequence '\.'
<unknown>:890: SyntaxWarning: invalid escape sequence '\/'
<unknown>:343: SyntaxWarning: invalid escape sequence '\m'
<unknown>:344: SyntaxWarning: invalid escape sequence '\m'
<unknown>:523: SyntaxWarning: invalid escape sequence '\m'
<unknown>:524: SyntaxWarning: invalid escape sequence '\m'
<unknown>:50: SyntaxWarning: invalid escape sequence '\.'
<unknown>:53: SyntaxWarning: invalid escape sequence '\('
<unknown>:54: SyntaxWarning: invalid escape sequence '\)'
<unknown>:55: SyntaxWarning: invalid escape sequence '\?'
<unknown>:9: SyntaxWarning: invalid escape sequence '\/'
<unknown>:173: SyntaxWarning: invalid escape sequence '\D'
<unknown>:89: SyntaxWarning: invalid escape sequence '\['
<unknown>:80: SyntaxWarning: invalid escape sequence '\d'
<unknown>:84: SyntaxWarning: invalid escape sequence '\d'
<unknown>:12: SyntaxWarning: invalid escape sequence '\d'
<unknown>:20: SyntaxWarning: invalid escape sequence '\s'
<unknown>:848: SyntaxWarning: invalid escape sequence '\p'
<unknown>:920: SyntaxWarning: invalid escape sequence '\l'
<unknown>:971: SyntaxWarning: invalid escape sequence '\i'
<unknown>:36: SyntaxWarning: invalid escape sequence '\M'
<unknown>:8: SyntaxWarning: invalid escape sequence '\s'
<unknown>:91: SyntaxWarning: invalid escape sequence '\m'
<unknown>:92: SyntaxWarning: invalid escape sequence '\m'
<unknown>:61: SyntaxWarning: invalid escape sequence '\d'
<unknown>:68: SyntaxWarning: invalid escape sequence '\d'
<unknown>:5: SyntaxWarning: invalid escape sequence '\]'
<unknown>:290: SyntaxWarning: invalid escape sequence '\*'
<unknown>:29: SyntaxWarning: invalid escape sequence '\('
<unknown>:159: SyntaxWarning: invalid escape sequence '\s'
<unknown>:65: SyntaxWarning: invalid escape sequence '\w'
<unknown>:20: SyntaxWarning: invalid escape sequence '\s'
<unknown>:21: SyntaxWarning: invalid escape sequence '\s'
<unknown>:22: SyntaxWarning: invalid escape sequence '\s'
<unknown>:177: SyntaxWarning: invalid escape sequence '\w'
<unknown>:254: SyntaxWarning: invalid escape sequence '\('
<unknown>:70: SyntaxWarning: invalid escape sequence '\-'
<unknown>:42: SyntaxWarning: invalid escape sequence '\.'
<unknown>:92: SyntaxWarning: invalid escape sequence '\s'
<unknown>:96: SyntaxWarning: invalid escape sequence '\h'
<unknown>:97: SyntaxWarning: invalid escape sequence '\h'
<unknown>:334: SyntaxWarning: invalid escape sequence '\+'
<unknown>:33: SyntaxWarning: invalid escape sequence '\.'
<unknown>:35: SyntaxWarning: invalid escape sequence '\s'
<unknown>:37: SyntaxWarning: invalid escape sequence '\s'
<unknown>:13: SyntaxWarning: invalid escape sequence '\G'
<unknown>:50: SyntaxWarning: invalid escape sequence '\ '
<unknown>:57: SyntaxWarning: invalid escape sequence '\ '
<unknown>:149: SyntaxWarning: invalid escape sequence '\ '
<unknown>:213: SyntaxWarning: invalid escape sequence '\:'
<unknown>:18: SyntaxWarning: invalid escape sequence '\l'
<unknown>:28: SyntaxWarning: invalid escape sequence '\d'
<unknown>:29: SyntaxWarning: invalid escape sequence '\.'
<unknown>:103: SyntaxWarning: invalid escape sequence '\d'
<unknown>:143: SyntaxWarning: invalid escape sequence '\d'
<unknown>:14: SyntaxWarning: invalid escape sequence '\w'
<unknown>:23: SyntaxWarning: invalid escape sequence '\d'
<unknown>:13: SyntaxWarning: invalid escape sequence '\.'
<unknown>:188: SyntaxWarning: invalid escape sequence '\D'
<unknown>:212: SyntaxWarning: invalid escape sequence '\h'
<unknown>:239: SyntaxWarning: invalid escape sequence '\D'
<unknown>:22: SyntaxWarning: invalid escape sequence '\s'
<unknown>:177: SyntaxWarning: invalid escape sequence '\W'
<unknown>:178: SyntaxWarning: invalid escape sequence '\W'
<unknown>:179: SyntaxWarning: invalid escape sequence '\-'
<unknown>:8: SyntaxWarning: invalid escape sequence '\i'
<unknown>:40: SyntaxWarning: invalid escape sequence '\i'
<unknown>:75: SyntaxWarning: invalid escape sequence '\i'
<unknown>:112: SyntaxWarning: invalid escape sequence '\i'
<unknown>:144: SyntaxWarning: invalid escape sequence '\i'
<unknown>:6: SyntaxWarning: invalid escape sequence '\{'
<unknown>:5: SyntaxWarning: invalid escape sequence '\A'
<unknown>:9: SyntaxWarning: invalid escape sequence '\d'
<unknown>:7: SyntaxWarning: invalid escape sequence '\m'
<unknown>:381: SyntaxWarning: invalid escape sequence '\d'
<unknown>:462: SyntaxWarning: invalid escape sequence '\d'
<unknown>:515: SyntaxWarning: invalid escape sequence '\d'
<unknown>:906: SyntaxWarning: invalid escape sequence '\/'
<unknown>:5: SyntaxWarning: invalid escape sequence '\/'
<unknown>:30: SyntaxWarning: invalid escape sequence '\w'
<unknown>:25: SyntaxWarning: invalid escape sequence '\ '
<unknown>:72: SyntaxWarning: invalid escape sequence '\ '
<unknown>:47: SyntaxWarning: invalid escape sequence '\d'
<unknown>:7: SyntaxWarning: invalid escape sequence '\S'
<unknown>:5: SyntaxWarning: invalid escape sequence '\ '
<unknown>:25: SyntaxWarning: invalid escape sequence '\d'
<unknown>:26: SyntaxWarning: invalid escape sequence '\d'
<unknown>:8: SyntaxWarning: invalid escape sequence '\d'
<unknown>:19: SyntaxWarning: invalid escape sequence '\d'
<unknown>:86: SyntaxWarning: invalid escape sequence '\d'
<unknown>:11: SyntaxWarning: invalid escape sequence '\d'
<unknown>:15: SyntaxWarning: invalid escape sequence '\d'
<unknown>:10: SyntaxWarning: invalid escape sequence '\{'
<unknown>:44: SyntaxWarning: invalid escape sequence '\{'
<unknown>:52: SyntaxWarning: invalid escape sequence '\#'
<unknown>:25: SyntaxWarning: invalid escape sequence '\s'
<unknown>:32: SyntaxWarning: invalid escape sequence '\s'
<unknown>:33: SyntaxWarning: invalid escape sequence '\s'
<unknown>:39: SyntaxWarning: invalid escape sequence '\*'
<unknown>:105: SyntaxWarning: invalid escape sequence '\*'
<unknown>:153: SyntaxWarning: invalid escape sequence '\*'
<unknown>:202: SyntaxWarning: invalid escape sequence '\*'
<unknown>:246: SyntaxWarning: invalid escape sequence '\*'
<unknown>:304: SyntaxWarning: invalid escape sequence '\*'
<unknown>:392: SyntaxWarning: invalid escape sequence '\*'
<unknown>:28: SyntaxWarning: invalid escape sequence '\p'
<unknown>:47: SyntaxWarning: invalid escape sequence '\!'
<unknown>:295: SyntaxWarning: invalid escape sequence '\;'
<unknown>:295: SyntaxWarning: invalid escape sequence '\,'
<unknown>:527: SyntaxWarning: invalid escape sequence '\!'
<unknown>:573: SyntaxWarning: invalid escape sequence '\,'
<unknown>:573: SyntaxWarning: invalid escape sequence '\,'
<unknown>:574: SyntaxWarning: invalid escape sequence '\,'
<unknown>:574: SyntaxWarning: invalid escape sequence '\,'
<unknown>:642: SyntaxWarning: invalid escape sequence '\,'
<unknown>:647: SyntaxWarning: invalid escape sequence '\,'
<unknown>:660: SyntaxWarning: invalid escape sequence '\,'
<unknown>:665: SyntaxWarning: invalid escape sequence '\,'
<unknown>:677: SyntaxWarning: invalid escape sequence '\,'
<unknown>:684: SyntaxWarning: invalid escape sequence '\,'
<unknown>:686: SyntaxWarning: invalid escape sequence '\,'
<unknown>:835: SyntaxWarning: invalid escape sequence '\g'
<unknown>:842: SyntaxWarning: invalid escape sequence '\{'
<unknown>:843: SyntaxWarning: invalid escape sequence '\l'
<unknown>:850: SyntaxWarning: invalid escape sequence '\{'
<unknown>:852: SyntaxWarning: invalid escape sequence '\{'
<unknown>:915: SyntaxWarning: invalid escape sequence '\!'
<unknown>:923: SyntaxWarning: invalid escape sequence '\!'
<unknown>:925: SyntaxWarning: invalid escape sequence '\!'
<unknown>:939: SyntaxWarning: invalid escape sequence '\!'
<unknown>:941: SyntaxWarning: invalid escape sequence '\!'
<unknown>:951: SyntaxWarning: invalid escape sequence '\!'
<unknown>:966: SyntaxWarning: invalid escape sequence '\!'
<unknown>:973: SyntaxWarning: invalid escape sequence '\!'
<unknown>:980: SyntaxWarning: invalid escape sequence '\!'
<unknown>:1022: SyntaxWarning: invalid escape sequence '\!'
<unknown>:1038: SyntaxWarning: invalid escape sequence '\!'
<unknown>:1045: SyntaxWarning: invalid escape sequence '\!'
<unknown>:1047: SyntaxWarning: invalid escape sequence '\!'
<unknown>:1062: SyntaxWarning: invalid escape sequence '\!'
<unknown>:1064: SyntaxWarning: invalid escape sequence '\!'
<unknown>:1070: SyntaxWarning: invalid escape sequence '\;'
<unknown>:1101: SyntaxWarning: invalid escape sequence '\d'
<unknown>:1159: SyntaxWarning: invalid escape sequence '\!'
<unknown>:1180: SyntaxWarning: invalid escape sequence '\!'
<unknown>:1231: SyntaxWarning: invalid escape sequence '\!'
<unknown>:1237: SyntaxWarning: invalid escape sequence '\;'
<unknown>:1243: SyntaxWarning: invalid escape sequence '\;'
<unknown>:127: SyntaxWarning: invalid escape sequence '\ '
<unknown>:8: SyntaxWarning: invalid escape sequence '\.'
<unknown>:94: SyntaxWarning: invalid escape sequence '\d'
<unknown>:30: SyntaxWarning: invalid escape sequence '\{'
<unknown>:31: SyntaxWarning: invalid escape sequence '\{'
<unknown>:18: SyntaxWarning: invalid escape sequence '\D'
<unknown>:26: SyntaxWarning: invalid escape sequence '\D'
<unknown>:27: SyntaxWarning: invalid escape sequence '\{'
<unknown>:67: SyntaxWarning: invalid escape sequence '\c'
<unknown>:15: SyntaxWarning: invalid escape sequence '\h'
<unknown>:103: SyntaxWarning: invalid escape sequence '\p'
<unknown>:249: SyntaxWarning: invalid escape sequence '\l'
<unknown>:10: SyntaxWarning: invalid escape sequence '\D'
<unknown>:37: SyntaxWarning: invalid escape sequence '\W'
<unknown>:11: SyntaxWarning: invalid escape sequence '\s'
<unknown>:21: SyntaxWarning: invalid escape sequence '\s'
<unknown>:23: SyntaxWarning: invalid escape sequence '\/'
<unknown>:50: SyntaxWarning: invalid escape sequence '\d'
<unknown>:456: SyntaxWarning: invalid escape sequence '\i'
<unknown>:75: SyntaxWarning: invalid escape sequence '\s'
<unknown>:88: SyntaxWarning: invalid escape sequence '\.'
<unknown>:124: SyntaxWarning: invalid escape sequence '\q'
<unknown>:92: SyntaxWarning: invalid escape sequence '\w'
<unknown>:46: SyntaxWarning: invalid escape sequence '\*'
<unknown>:17: SyntaxWarning: invalid escape sequence '\.'
<unknown>:62: SyntaxWarning: invalid escape sequence '\ '
<unknown>:88: SyntaxWarning: invalid escape sequence '\/'
<unknown>:125: SyntaxWarning: invalid escape sequence '\/'
<unknown>:142: SyntaxWarning: invalid escape sequence '\/'
<unknown>:251: SyntaxWarning: invalid escape sequence '\ '
<unknown>:282: SyntaxWarning: invalid escape sequence '\/'
<unknown>:331: SyntaxWarning: invalid escape sequence '\ '
<unknown>:375: SyntaxWarning: invalid escape sequence '\/'
<unknown>:388: SyntaxWarning: invalid escape sequence '\/'
<unknown>:401: SyntaxWarning: invalid escape sequence '\/'
<unknown>:428: SyntaxWarning: invalid escape sequence '\/'
<unknown>:456: SyntaxWarning: invalid escape sequence '\ '
<unknown>:490: SyntaxWarning: invalid escape sequence '\ '
<unknown>:523: SyntaxWarning: invalid escape sequence '\|'
<unknown>:564: SyntaxWarning: invalid escape sequence '\/'
<unknown>:631: SyntaxWarning: invalid escape sequence '\|'
<unknown>:686: SyntaxWarning: invalid escape sequence '\-'
<unknown>:713: SyntaxWarning: invalid escape sequence '\/'
<unknown>:783: SyntaxWarning: invalid escape sequence '\/'
<unknown>:1008: SyntaxWarning: invalid escape sequence '\ '
<unknown>:286: SyntaxWarning: invalid escape sequence '\+'
<unknown>:323: SyntaxWarning: invalid escape sequence '\.'
<unknown>:325: SyntaxWarning: invalid escape sequence '\.'
<unknown>:24: SyntaxWarning: invalid escape sequence '\w'
<unknown>:68: SyntaxWarning: invalid escape sequence '\h'
<unknown>:59: SyntaxWarning: invalid escape sequence '\/'
<unknown>:187: SyntaxWarning: invalid escape sequence '\/'
<unknown>:25: SyntaxWarning: invalid escape sequence '\w'
<unknown>:53: SyntaxWarning: invalid escape sequence '\S'
<unknown>:7: SyntaxWarning: invalid escape sequence '\s'
<unknown>:84: SyntaxWarning: invalid escape sequence '\m'
<unknown>:176: SyntaxWarning: invalid escape sequence '\m'
<unknown>:177: SyntaxWarning: invalid escape sequence '\#'
<unknown>:193: SyntaxWarning: invalid escape sequence '\m'
<unknown>:194: SyntaxWarning: invalid escape sequence '\#'
<unknown>:204: SyntaxWarning: invalid escape sequence '\m'
<unknown>:205: SyntaxWarning: invalid escape sequence '\#'
<unknown>:225: SyntaxWarning: invalid escape sequence '\m'
<unknown>:226: SyntaxWarning: invalid escape sequence '\#'
<unknown>:70: SyntaxWarning: invalid escape sequence '\|'
<unknown>:74: SyntaxWarning: invalid escape sequence '\/'
<unknown>:75: SyntaxWarning: invalid escape sequence '\/'
<unknown>:77: SyntaxWarning: invalid escape sequence '\_'
<unknown>:37: SyntaxWarning: invalid escape sequence '\d'
<unknown>:12: SyntaxWarning: invalid escape sequence '\.'
<unknown>:50: SyntaxWarning: invalid escape sequence '\s'
<unknown>:21: SyntaxWarning: invalid escape sequence '\d'
<unknown>:32: SyntaxWarning: invalid escape sequence '\$'
<unknown>:40: SyntaxWarning: invalid escape sequence '\$'
<unknown>:21: SyntaxWarning: invalid escape sequence '\s'
<unknown>:37: SyntaxWarning: invalid escape sequence '\s'
<unknown>:24: SyntaxWarning: invalid escape sequence '\e'
<unknown>:114: SyntaxWarning: invalid escape sequence '\p'
<unknown>:129: SyntaxWarning: invalid escape sequence '\p'
<unknown>:48: SyntaxWarning: invalid escape sequence '\w'
<unknown>:62: SyntaxWarning: invalid escape sequence '\d'
<unknown>:79: SyntaxWarning: invalid escape sequence '\p'
<unknown>:163: SyntaxWarning: invalid escape sequence '\ '
<unknown>:9: SyntaxWarning: invalid escape sequence '\w'
<unknown>:132: SyntaxWarning: invalid escape sequence '\s'
<unknown>:9: SyntaxWarning: invalid escape sequence '\ '
<unknown>:22: SyntaxWarning: invalid escape sequence '\.'
<unknown>:15: SyntaxWarning: invalid escape sequence '\d'
<unknown>:108: SyntaxWarning: invalid escape sequence '\d'
<unknown>:13: SyntaxWarning: invalid escape sequence '\i'
<unknown>:8: SyntaxWarning: invalid escape sequence '\ '
<unknown>:3: SyntaxWarning: invalid escape sequence '\ '
<unknown>:4: SyntaxWarning: invalid escape sequence '\ '
<unknown>:126: SyntaxWarning: invalid escape sequence '\^'
<unknown>:993: SyntaxWarning: invalid escape sequence '\$'
<unknown>:1170: SyntaxWarning: invalid escape sequence '\$'
<unknown>:1210: SyntaxWarning: invalid escape sequence '\$'
<unknown>:45: SyntaxWarning: invalid escape sequence '\d'
<unknown>:17: SyntaxWarning: invalid escape sequence '\s'
<unknown>:6: SyntaxWarning: invalid escape sequence '\w'
<unknown>:8: SyntaxWarning: invalid escape sequence '\d'
<unknown>:10: SyntaxWarning: invalid escape sequence '\d'
<unknown>:12: SyntaxWarning: invalid escape sequence '\d'
<unknown>:147: SyntaxWarning: invalid escape sequence '\|'
<unknown>:100: SyntaxWarning: invalid escape sequence '\s'
<unknown>:101: SyntaxWarning: invalid escape sequence '\s'
<unknown>:221: SyntaxWarning: invalid escape sequence '\D'
<unknown>:225: SyntaxWarning: invalid escape sequence '\D'
<unknown>:21: SyntaxWarning: invalid escape sequence '\m'
<unknown>:22: SyntaxWarning: invalid escape sequence '\p'
<unknown>:23: SyntaxWarning: invalid escape sequence '\d'
<unknown>:24: SyntaxWarning: invalid escape sequence '\s'
<unknown>:26: SyntaxWarning: invalid escape sequence '\i'
<unknown>:14: SyntaxWarning: invalid escape sequence '\s'
<unknown>:15: SyntaxWarning: invalid escape sequence '\s'
<unknown>:24: SyntaxWarning: invalid escape sequence '\s'
<unknown>:49: SyntaxWarning: invalid escape sequence '\-'
<unknown>:65: SyntaxWarning: invalid escape sequence '\-'
<unknown>:21: SyntaxWarning: invalid escape sequence '\['
<unknown>:22: SyntaxWarning: invalid escape sequence '\:'
<unknown>:64: SyntaxWarning: invalid escape sequence '\['
<unknown>:7: SyntaxWarning: invalid escape sequence '\p'
<unknown>:8: SyntaxWarning: invalid escape sequence '\p'
<unknown>:52: SyntaxWarning: invalid escape sequence '\O'
<unknown>:58: SyntaxWarning: invalid escape sequence '\O'
<unknown>:64: SyntaxWarning: invalid escape sequence '\O'
<unknown>:73: SyntaxWarning: invalid escape sequence '\O'
<unknown>:80: SyntaxWarning: invalid escape sequence '\O'
<unknown>:41: SyntaxWarning: invalid escape sequence '\['
<unknown>:42: SyntaxWarning: invalid escape sequence '\['
<unknown>:270: SyntaxWarning: invalid escape sequence '\['
<unknown>:47: SyntaxWarning: invalid escape sequence '\s'
<unknown>:57: SyntaxWarning: invalid escape sequence '\s'
<unknown>:59: SyntaxWarning: invalid escape sequence '\ '
<unknown>:116: SyntaxWarning: invalid escape sequence '\ '
<unknown>:329: SyntaxWarning: invalid escape sequence '\d'
<unknown>:329: SyntaxWarning: invalid escape sequence '\d'
<unknown>:329: SyntaxWarning: invalid escape sequence '\d'
<unknown>:23: SyntaxWarning: invalid escape sequence '\w'
<unknown>:141: SyntaxWarning: invalid escape sequence '\i'
<unknown>:64: SyntaxWarning: invalid escape sequence '\ '
<unknown>:10: SyntaxWarning: invalid escape sequence '\T'
<unknown>:38: SyntaxWarning: invalid escape sequence '\P'
<unknown>:64: SyntaxWarning: invalid escape sequence '\M'
<unknown>:90: SyntaxWarning: invalid escape sequence '\C'
<unknown>:116: SyntaxWarning: invalid escape sequence '\V'
<unknown>:142: SyntaxWarning: invalid escape sequence '\S'
<unknown>:168: SyntaxWarning: invalid escape sequence '\D'
<unknown>:194: SyntaxWarning: invalid escape sequence '\P'
<unknown>:220: SyntaxWarning: invalid escape sequence '\P'
<unknown>:246: SyntaxWarning: invalid escape sequence '\W'
<unknown>:272: SyntaxWarning: invalid escape sequence '\P'
<unknown>:298: SyntaxWarning: invalid escape sequence '\C'
<unknown>:324: SyntaxWarning: invalid escape sequence '\m'
<unknown>:350: SyntaxWarning: invalid escape sequence '\F'
<unknown>:376: SyntaxWarning: invalid escape sequence '\o'
<unknown>:27: SyntaxWarning: invalid escape sequence '\c'
<unknown>:304: SyntaxWarning: invalid escape sequence '\+'
<unknown>:99: SyntaxWarning: invalid escape sequence '\s'
<unknown>:117: SyntaxWarning: invalid escape sequence '\s'
<unknown>:112: SyntaxWarning: invalid escape sequence '\s'
<unknown>:149: SyntaxWarning: invalid escape sequence '\s'
<unknown>:150: SyntaxWarning: invalid escape sequence '\s'
<unknown>:275: SyntaxWarning: invalid escape sequence '\s'
<unknown>:489: SyntaxWarning: invalid escape sequence '\s'
<unknown>:5: SyntaxWarning: invalid escape sequence '\d'
<unknown>:64: SyntaxWarning: invalid escape sequence '\o'
<unknown>:29: SyntaxWarning: invalid escape sequence '\l'
<unknown>:41: SyntaxWarning: invalid escape sequence '\l'
<unknown>:111: SyntaxWarning: invalid escape sequence '\l'
<unknown>:152: SyntaxWarning: invalid escape sequence '\l'
<unknown>:114: SyntaxWarning: invalid escape sequence '\D'
<unknown>:9: SyntaxWarning: invalid escape sequence '\-'
<unknown>:26: SyntaxWarning: invalid escape sequence '\d'
<unknown>:11: SyntaxWarning: invalid escape sequence '\/'
<unknown>:13: SyntaxWarning: invalid escape sequence '\-'
<unknown>:35: SyntaxWarning: invalid escape sequence '\.'
<unknown>:35: SyntaxWarning: invalid escape sequence '\-'
<unknown>:49: SyntaxWarning: invalid escape sequence '\d'
<unknown>:53: SyntaxWarning: invalid escape sequence '\d'
<unknown>:57: SyntaxWarning: invalid escape sequence '\d'
<unknown>:64: SyntaxWarning: invalid escape sequence '\d'
<unknown>:73: SyntaxWarning: invalid escape sequence '\d'
<unknown>:77: SyntaxWarning: invalid escape sequence '\d'
<unknown>:83: SyntaxWarning: invalid escape sequence '\d'
<unknown>:89: SyntaxWarning: invalid escape sequence '\d'
<unknown>:110: SyntaxWarning: invalid escape sequence '\#'
<unknown>:11: SyntaxWarning: invalid escape sequence '\w'
<unknown>:129: SyntaxWarning: invalid escape sequence '\s'
<unknown>:150: SyntaxWarning: invalid escape sequence '\S'
<unknown>:34: SyntaxWarning: invalid escape sequence '\s'
<unknown>:82: SyntaxWarning: invalid escape sequence '\.'
<unknown>:42: SyntaxWarning: invalid escape sequence '\s'
<unknown>:19: SyntaxWarning: invalid escape sequence '\.'
<unknown>:34: SyntaxWarning: invalid escape sequence '\w'
<unknown>:16: SyntaxWarning: invalid escape sequence '\.'
<unknown>:46: SyntaxWarning: invalid escape sequence '\.'
<unknown>:392: SyntaxWarning: invalid escape sequence '\.'
<unknown>:458: SyntaxWarning: invalid escape sequence '\.'
<unknown>:463: SyntaxWarning: invalid escape sequence '\.'
<unknown>:224: SyntaxWarning: invalid escape sequence '\ '
<unknown>:270: SyntaxWarning: invalid escape sequence '\ '
<unknown>:353: SyntaxWarning: invalid escape sequence '\ '
<unknown>:466: SyntaxWarning: invalid escape sequence '\ '
<unknown>:36: SyntaxWarning: invalid escape sequence '\c'
<unknown>:63: SyntaxWarning: invalid escape sequence '\s'
<unknown>:67: SyntaxWarning: invalid escape sequence '\s'
<unknown>:74: SyntaxWarning: invalid escape sequence '\w'
<unknown>:76: SyntaxWarning: invalid escape sequence '\w'
<unknown>:79: SyntaxWarning: invalid escape sequence '\w'
<unknown>:81: SyntaxWarning: invalid escape sequence '\w'
<unknown>:87: SyntaxWarning: invalid escape sequence '\w'
<unknown>:89: SyntaxWarning: invalid escape sequence '\w'
<unknown>:90: SyntaxWarning: invalid escape sequence '\w'
<unknown>:54: SyntaxWarning: invalid escape sequence '\.'
<unknown>:413: SyntaxWarning: invalid escape sequence '\/'
<unknown>:43: SyntaxWarning: invalid escape sequence '\*'
<unknown>:180: SyntaxWarning: invalid escape sequence '\^'
<unknown>:39: SyntaxWarning: invalid escape sequence '\$'
<unknown>:41: SyntaxWarning: invalid escape sequence '\$'
<unknown>:6: SyntaxWarning: invalid escape sequence '\-'
<unknown>:4: SyntaxWarning: invalid escape sequence '\.'
<unknown>:16: SyntaxWarning: invalid escape sequence '\D'
<unknown>:69: SyntaxWarning: invalid escape sequence '\s'
<unknown>:91: SyntaxWarning: invalid escape sequence '\s'
<unknown>:98: SyntaxWarning: invalid escape sequence '\s'
<unknown>:105: SyntaxWarning: invalid escape sequence '\s'
<unknown>:80: SyntaxWarning: invalid escape sequence '\-'
<unknown>:70: SyntaxWarning: invalid escape sequence '\s'
<unknown>:21: SyntaxWarning: invalid escape sequence '\{'
<unknown>:16: SyntaxWarning: invalid escape sequence '\('
<unknown>:17: SyntaxWarning: invalid escape sequence '\s'
<unknown>:18: SyntaxWarning: invalid escape sequence '\s'
<unknown>:21: SyntaxWarning: invalid escape sequence '\w'
<unknown>:95: SyntaxWarning: invalid escape sequence '\w'
<unknown>:96: SyntaxWarning: invalid escape sequence '\w'
<unknown>:3: SyntaxWarning: invalid escape sequence '\ '
<unknown>:65: SyntaxWarning: invalid escape sequence '\ '
<unknown>:70: SyntaxWarning: invalid escape sequence '\ '
<unknown>:19: SyntaxWarning: invalid escape sequence '\w'
<unknown>:22: SyntaxWarning: invalid escape sequence '\w'
<unknown>:11: SyntaxWarning: invalid escape sequence '\m'
<unknown>:19: SyntaxWarning: invalid escape sequence '\P'
<unknown>:171: SyntaxWarning: invalid escape sequence '\P'
<unknown>:14: SyntaxWarning: invalid escape sequence '\h'
<unknown>:28: SyntaxWarning: invalid escape sequence '\w'
<unknown>:10: SyntaxWarning: invalid escape sequence '\y'
<unknown>:47: SyntaxWarning: invalid escape sequence '\y'
<unknown>:56: SyntaxWarning: invalid escape sequence '\d'
<unknown>:57: SyntaxWarning: invalid escape sequence '\ '
<unknown>:61: SyntaxWarning: invalid escape sequence '\ '
<unknown>:63: SyntaxWarning: invalid escape sequence '\ '
<unknown>:67: SyntaxWarning: invalid escape sequence '\ '
<unknown>:69: SyntaxWarning: invalid escape sequence '\ '
<unknown>:73: SyntaxWarning: invalid escape sequence '\ '
<unknown>:75: SyntaxWarning: invalid escape sequence '\ '
<unknown>:80: SyntaxWarning: invalid escape sequence '\ '
<unknown>:82: SyntaxWarning: invalid escape sequence '\ '
<unknown>:88: SyntaxWarning: invalid escape sequence '\ '
<unknown>:89: SyntaxWarning: invalid escape sequence '\ '
<unknown>:354: SyntaxWarning: invalid escape sequence '\p'
<unknown>:361: SyntaxWarning: invalid escape sequence '\s'
<unknown>:53: SyntaxWarning: invalid escape sequence '\i'
<unknown>:57: SyntaxWarning: invalid escape sequence '\w'
<unknown>:341: SyntaxWarning: invalid escape sequence '\w'
<unknown>:100: SyntaxWarning: invalid escape sequence '\?'
<unknown>:106: SyntaxWarning: invalid escape sequence '\.'
<unknown>:120: SyntaxWarning: invalid escape sequence '\?'
<unknown>:136: SyntaxWarning: invalid escape sequence '\.'
<unknown>:143: SyntaxWarning: invalid escape sequence '\?'
<unknown>:173: SyntaxWarning: invalid escape sequence '\.'
<unknown>:26: SyntaxWarning: invalid escape sequence '\['
<unknown>:182: SyntaxWarning: invalid escape sequence '\+'
<unknown>:116: SyntaxWarning: invalid escape sequence '\d'
<unknown>:130: SyntaxWarning: invalid escape sequence '\d'
<unknown>:138: SyntaxWarning: invalid escape sequence '\d'
<unknown>:25: SyntaxWarning: invalid escape sequence '\d'
<unknown>:30: SyntaxWarning: invalid escape sequence '\('
<unknown>:651: SyntaxWarning: invalid escape sequence '\s'
<unknown>:689: SyntaxWarning: invalid escape sequence '\s'
<unknown>:12: SyntaxWarning: invalid escape sequence '\d'
<unknown>:151: SyntaxWarning: invalid escape sequence '\s'
<unknown>:90: SyntaxWarning: invalid escape sequence '\d'
<unknown>:106: SyntaxWarning: invalid escape sequence '\d'
<unknown>:110: SyntaxWarning: invalid escape sequence '\d'
<unknown>:158: SyntaxWarning: invalid escape sequence '\w'
<unknown>:170: SyntaxWarning: invalid escape sequence '\d'
<unknown>:89: SyntaxWarning: invalid escape sequence '\#'
<unknown>:93: SyntaxWarning: invalid escape sequence '\#'
<unknown>:97: SyntaxWarning: invalid escape sequence '\#'
<unknown>:35: SyntaxWarning: invalid escape sequence '\*'
<unknown>:6: SyntaxWarning: invalid escape sequence '\o'
<unknown>:21: SyntaxWarning: invalid escape sequence '\d'
<unknown>:132: SyntaxWarning: invalid escape sequence '\.'
<unknown>:189: SyntaxWarning: invalid escape sequence '\.'
<unknown>:251: SyntaxWarning: invalid escape sequence '\.'
<unknown>:315: SyntaxWarning: invalid escape sequence '\.'
<unknown>:374: SyntaxWarning: invalid escape sequence '\.'
<unknown>:512: SyntaxWarning: invalid escape sequence '\.'
<unknown>:526: SyntaxWarning: invalid escape sequence '\.'
<unknown>:1176: SyntaxWarning: invalid escape sequence '\ '
<unknown>:1178: SyntaxWarning: invalid escape sequence '\*'
<unknown>:79: SyntaxWarning: invalid escape sequence '\d'
<unknown>:83: SyntaxWarning: invalid escape sequence '\d'
<unknown>:27: SyntaxWarning: invalid escape sequence '\s'
<unknown>:25: SyntaxWarning: invalid escape sequence '\d'
<unknown>:59: SyntaxWarning: invalid escape sequence '\/'
<unknown>:61: SyntaxWarning: invalid escape sequence '\/'
<unknown>:40: SyntaxWarning: invalid escape sequence '\L'
<unknown>:1352: SyntaxWarning: invalid escape sequence '\m'
<unknown>:1464: SyntaxWarning: invalid escape sequence '\m'
<unknown>:12: SyntaxWarning: invalid escape sequence '\:'
<unknown>:52: SyntaxWarning: invalid escape sequence '\d'
<unknown>:59: SyntaxWarning: invalid escape sequence '\['
<unknown>:16: SyntaxWarning: invalid escape sequence '\W'
<unknown>:114: SyntaxWarning: invalid escape sequence '\o'
<unknown>:17: SyntaxWarning: invalid escape sequence '\.'
<unknown>:367: SyntaxWarning: invalid escape sequence '\('
<unknown>:368: SyntaxWarning: invalid escape sequence '\)'
<unknown>:23: SyntaxWarning: invalid escape sequence '\.'
<unknown>:22: SyntaxWarning: invalid escape sequence '\L'
<unknown>:45: SyntaxWarning: invalid escape sequence '\e'
<unknown>:512: SyntaxWarning: invalid escape sequence '\]'
<unknown>:399: SyntaxWarning: invalid escape sequence '\e'
<unknown>:36: SyntaxWarning: invalid escape sequence '\.'
<unknown>:37: SyntaxWarning: invalid escape sequence '\.'
<unknown>:38: SyntaxWarning: invalid escape sequence '\.'
<unknown>:39: SyntaxWarning: invalid escape sequence '\d'
<unknown>:40: SyntaxWarning: invalid escape sequence '\s'
<unknown>:187: SyntaxWarning: invalid escape sequence '\/'
<unknown>:13: SyntaxWarning: invalid escape sequence '\ '
<unknown>:11: SyntaxWarning: invalid escape sequence '\s'
<unknown>:59: SyntaxWarning: invalid escape sequence '\$'
<unknown>:67: SyntaxWarning: invalid escape sequence '\$'
<unknown>:100: SyntaxWarning: invalid escape sequence '\$'
<unknown>:451: SyntaxWarning: invalid escape sequence '\i'
<unknown>:480: SyntaxWarning: invalid escape sequence '\i'
<unknown>:627: SyntaxWarning: invalid escape sequence '\i'
<unknown>:668: SyntaxWarning: invalid escape sequence '\i'
<unknown>:130: SyntaxWarning: invalid escape sequence '\`'
<unknown>:132: SyntaxWarning: invalid escape sequence '\`'
<unknown>:133: SyntaxWarning: invalid escape sequence '\`'
<unknown>:134: SyntaxWarning: invalid escape sequence '\`'
<unknown>:135: SyntaxWarning: invalid escape sequence '\`'
<unknown>:47: SyntaxWarning: invalid escape sequence '\p'
<unknown>:50: SyntaxWarning: invalid escape sequence '\d'
<unknown>:51: SyntaxWarning: invalid escape sequence '\d'
<unknown>:82: SyntaxWarning: invalid escape sequence '\/'
<unknown>:86: SyntaxWarning: invalid escape sequence '\g'
<unknown>:770: SyntaxWarning: invalid escape sequence '\T'
<unknown>:21: SyntaxWarning: invalid escape sequence '\p'
<unknown>:24: SyntaxWarning: invalid escape sequence '\|'
<unknown>:24: SyntaxWarning: invalid escape sequence '\/'
<unknown>:70: SyntaxWarning: invalid escape sequence '\i'
<unknown>:14: SyntaxWarning: invalid escape sequence '\.'
<unknown>:212: SyntaxWarning: invalid escape sequence '\/'
<unknown>:30: SyntaxWarning: invalid escape sequence '\*'
<unknown>:49: SyntaxWarning: invalid escape sequence '\?'
<unknown>:51: SyntaxWarning: invalid escape sequence '\s'
<unknown>:85: SyntaxWarning: invalid escape sequence '\d'
<unknown>:23: SyntaxWarning: invalid escape sequence '\s'
<unknown>:59: SyntaxWarning: invalid escape sequence '\P'
<unknown>:132: SyntaxWarning: invalid escape sequence '\-'
<unknown>:18: SyntaxWarning: invalid escape sequence '\d'
<unknown>:44: SyntaxWarning: invalid escape sequence '\-'
<unknown>:109: SyntaxWarning: invalid escape sequence '\+'
<unknown>:48: SyntaxWarning: invalid escape sequence '\K'
<unknown>:25: SyntaxWarning: invalid escape sequence '\g'
<unknown>:200: SyntaxWarning: invalid escape sequence '\A'
<unknown>:105: SyntaxWarning: invalid escape sequence '\.'
<unknown>:103: SyntaxWarning: invalid escape sequence '\.'
<unknown>:5: SyntaxWarning: invalid escape sequence '\d'
<unknown>:7: SyntaxWarning: invalid escape sequence '\d'
<unknown>:10: SyntaxWarning: invalid escape sequence '\w'
<unknown>:13: SyntaxWarning: invalid escape sequence '\w'
<unknown>:16: SyntaxWarning: invalid escape sequence '\W'
<unknown>:278: SyntaxWarning: invalid escape sequence '\('
<unknown>:206: SyntaxWarning: invalid escape sequence '\s'
<unknown>:29: SyntaxWarning: invalid escape sequence '\.'
<unknown>:33: SyntaxWarning: invalid escape sequence '\ '
<unknown>:13: SyntaxWarning: invalid escape sequence '\*'
<unknown>:6: SyntaxWarning: invalid escape sequence '\s'
<unknown>:30: SyntaxWarning: invalid escape sequence '\/'
<unknown>:34: SyntaxWarning: invalid escape sequence '\/'
<unknown>:74: SyntaxWarning: invalid escape sequence '\/'
<unknown>:78: SyntaxWarning: invalid escape sequence '\/'
<unknown>:77: SyntaxWarning: invalid escape sequence '\_'
<unknown>:82: SyntaxWarning: invalid escape sequence '\_'
<unknown>:87: SyntaxWarning: invalid escape sequence '\_'
<unknown>:92: SyntaxWarning: invalid escape sequence '\_'
<unknown>:97: SyntaxWarning: invalid escape sequence '\_'
<unknown>:102: SyntaxWarning: invalid escape sequence '\_'
<unknown>:107: SyntaxWarning: invalid escape sequence '\_'
<unknown>:112: SyntaxWarning: invalid escape sequence '\_'
<unknown>:117: SyntaxWarning: invalid escape sequence '\_'
<unknown>:122: SyntaxWarning: invalid escape sequence '\_'
<unknown>:127: SyntaxWarning: invalid escape sequence '\_'
<unknown>:132: SyntaxWarning: invalid escape sequence '\_'
<unknown>:137: SyntaxWarning: invalid escape sequence '\_'
<unknown>:142: SyntaxWarning: invalid escape sequence '\_'
<unknown>:147: SyntaxWarning: invalid escape sequence '\_'
<unknown>:152: SyntaxWarning: invalid escape sequence '\_'
<unknown>:15: SyntaxWarning: invalid escape sequence '\.'
<unknown>:81: SyntaxWarning: invalid escape sequence '\.'
<unknown>:73: SyntaxWarning: invalid escape sequence '\m'
<unknown>:76: SyntaxWarning: invalid escape sequence '\m'
<unknown>:143: SyntaxWarning: invalid escape sequence '\m'
<unknown>:146: SyntaxWarning: invalid escape sequence '\m'
<unknown>:82: SyntaxWarning: invalid escape sequence '\d'
<unknown>:83: SyntaxWarning: invalid escape sequence '\d'
<unknown>:86: SyntaxWarning: invalid escape sequence '\d'
<unknown>:78: SyntaxWarning: invalid escape sequence '\R'
<unknown>:79: SyntaxWarning: invalid escape sequence '\$'
<unknown>:35: SyntaxWarning: invalid escape sequence '\/'
<unknown>:45: SyntaxWarning: invalid escape sequence '\W'
<unknown>:45: SyntaxWarning: invalid escape sequence '\A'
<unknown>:397: SyntaxWarning: invalid escape sequence '\g'
<unknown>:398: SyntaxWarning: invalid escape sequence '\g'
<unknown>:399: SyntaxWarning: invalid escape sequence '\g'
<unknown>:400: SyntaxWarning: invalid escape sequence '\g'
<unknown>:401: SyntaxWarning: invalid escape sequence '\g'
<unknown>:402: SyntaxWarning: invalid escape sequence '\g'
<unknown>:403: SyntaxWarning: invalid escape sequence '\g'
<unknown>:404: SyntaxWarning: invalid escape sequence '\g'
<unknown>:405: SyntaxWarning: invalid escape sequence '\g'
<unknown>:406: SyntaxWarning: invalid escape sequence '\g'
<unknown>:407: SyntaxWarning: invalid escape sequence '\g'
<unknown>:408: SyntaxWarning: invalid escape sequence '\g'
<unknown>:411: SyntaxWarning: invalid escape sequence '\w'
<unknown>:412: SyntaxWarning: invalid escape sequence '\w'
<unknown>:413: SyntaxWarning: invalid escape sequence '\w'
<unknown>:414: SyntaxWarning: invalid escape sequence '\w'
<unknown>:415: SyntaxWarning: invalid escape sequence '\w'
<unknown>:416: SyntaxWarning: invalid escape sequence '\w'
<unknown>:417: SyntaxWarning: invalid escape sequence '\w'
<unknown>:418: SyntaxWarning: invalid escape sequence '\w'
<unknown>:419: SyntaxWarning: invalid escape sequence '\w'
<unknown>:420: SyntaxWarning: invalid escape sequence '\w'
<unknown>:421: SyntaxWarning: invalid escape sequence '\w'
<unknown>:422: SyntaxWarning: invalid escape sequence '\w'
<unknown>:431: SyntaxWarning: invalid escape sequence '\{'
<unknown>:389: SyntaxWarning: invalid escape sequence '\A'
<unknown>:387: SyntaxWarning: invalid escape sequence '\ '
<unknown>:666: SyntaxWarning: invalid escape sequence '\ '
<unknown>:995: SyntaxWarning: invalid escape sequence '\ '
<unknown>:17: SyntaxWarning: invalid escape sequence '\d'
<unknown>:196: SyntaxWarning: invalid escape sequence '\d'
<unknown>:197: SyntaxWarning: invalid escape sequence '\d'
<unknown>:202: SyntaxWarning: invalid escape sequence '\d'
<unknown>:26: SyntaxWarning: invalid escape sequence '\$'
<unknown>:30: SyntaxWarning: invalid escape sequence '\$'
<unknown>:67: SyntaxWarning: invalid escape sequence '\C'
<unknown>:11: SyntaxWarning: invalid escape sequence '\m'
<unknown>:39: SyntaxWarning: invalid escape sequence '\m'
<unknown>:99: SyntaxWarning: invalid escape sequence '\|'
<unknown>:105: SyntaxWarning: invalid escape sequence '\|'
<unknown>:24: SyntaxWarning: invalid escape sequence '\d'
<unknown>:76: SyntaxWarning: invalid escape sequence '\W'
<unknown>:67: SyntaxWarning: invalid escape sequence '\%'
<unknown>:364: SyntaxWarning: invalid escape sequence '\m'
<unknown>:379: SyntaxWarning: invalid escape sequence '\m'
<unknown>:52: SyntaxWarning: invalid escape sequence '\.'
<unknown>:154: SyntaxWarning: invalid escape sequence '\#'
<unknown>:56: SyntaxWarning: invalid escape sequence '\.'
<unknown>:61: SyntaxWarning: invalid escape sequence '\.'
<unknown>:86: SyntaxWarning: invalid escape sequence '\.'
<unknown>:95: SyntaxWarning: invalid escape sequence '\.'
<unknown>:37: SyntaxWarning: invalid escape sequence '\-'
<unknown>:38: SyntaxWarning: invalid escape sequence '\-'
<unknown>:39: SyntaxWarning: invalid escape sequence '\-'
<unknown>:40: SyntaxWarning: invalid escape sequence '\-'
<unknown>:10: SyntaxWarning: invalid escape sequence '\L'
<unknown>:29: SyntaxWarning: invalid escape sequence '\d'
<unknown>:849: SyntaxWarning: invalid escape sequence '\i'
<unknown>:30: SyntaxWarning: invalid escape sequence '\|'
<unknown>:134: SyntaxWarning: invalid escape sequence '\P'
<unknown>:51: SyntaxWarning: invalid escape sequence '\s'
<unknown>:131: SyntaxWarning: invalid escape sequence '\/'
<unknown>:134: SyntaxWarning: invalid escape sequence '\s'
<unknown>:19: SyntaxWarning: invalid escape sequence '\d'
<unknown>:86: SyntaxWarning: invalid escape sequence '\d'
<unknown>:92: SyntaxWarning: invalid escape sequence '\e'
<unknown>:6: SyntaxWarning: invalid escape sequence '\Z'
<unknown>:8: SyntaxWarning: invalid escape sequence '\Z'
<unknown>:84: SyntaxWarning: invalid escape sequence '\s'
<unknown>:122: SyntaxWarning: invalid escape sequence '\s'
<unknown>:136: SyntaxWarning: invalid escape sequence '\s'
<unknown>:147: SyntaxWarning: invalid escape sequence '\s'
<unknown>:148: SyntaxWarning: invalid escape sequence '\s'
<unknown>:159: SyntaxWarning: invalid escape sequence '\s'
<unknown>:160: SyntaxWarning: invalid escape sequence '\s'
<unknown>:16: SyntaxWarning: invalid escape sequence '\/'
<unknown>:42: SyntaxWarning: invalid escape sequence '\_'
<unknown>:3: SyntaxWarning: invalid escape sequence '\w'
<unknown>:111: SyntaxWarning: invalid escape sequence '\s'
<unknown>:112: SyntaxWarning: invalid escape sequence '\s'
<unknown>:113: SyntaxWarning: invalid escape sequence '\s'
<unknown>:114: SyntaxWarning: invalid escape sequence '\s'
<unknown>:115: SyntaxWarning: invalid escape sequence '\s'
<unknown>:116: SyntaxWarning: invalid escape sequence '\s'
<unknown>:117: SyntaxWarning: invalid escape sequence '\s'
<unknown>:176: SyntaxWarning: invalid escape sequence '\d'
<unknown>:4: SyntaxWarning: invalid escape sequence '\.'
<unknown>:52: SyntaxWarning: invalid escape sequence '\o'
<unknown>:49: SyntaxWarning: invalid escape sequence '\w'
<unknown>:50: SyntaxWarning: invalid escape sequence '\s'
<unknown>:51: SyntaxWarning: invalid escape sequence '\-'
<unknown>:13: SyntaxWarning: invalid escape sequence '\m'
<unknown>:336: SyntaxWarning: invalid escape sequence '\/'
<unknown>:31: SyntaxWarning: invalid escape sequence '\`'
<unknown>:134: SyntaxWarning: invalid escape sequence '\.'
<unknown>:16: SyntaxWarning: invalid escape sequence '\l'
<unknown>:83: SyntaxWarning: invalid escape sequence '\W'
<unknown>:7: SyntaxWarning: invalid escape sequence '\d'
<unknown>:132: SyntaxWarning: invalid escape sequence '\p'
<unknown>:10: SyntaxWarning: invalid escape sequence '\M'
<unknown>:537: SyntaxWarning: invalid escape sequence '\{'
<unknown>:79: SyntaxWarning: invalid escape sequence '\s'
<unknown>:8: SyntaxWarning: invalid escape sequence '\d'
<unknown>:93: SyntaxWarning: invalid escape sequence '\.'
<unknown>:30: SyntaxWarning: invalid escape sequence '\*'
<unknown>:10: SyntaxWarning: invalid escape sequence '\o'
<unknown>:10: SyntaxWarning: invalid escape sequence '\o'
<unknown>:27: SyntaxWarning: invalid escape sequence '\ '
<unknown>:24: SyntaxWarning: invalid escape sequence '\ '
<unknown>:19: SyntaxWarning: invalid escape sequence '\s'
<unknown>:81: SyntaxWarning: invalid escape sequence '\('
<unknown>:96: SyntaxWarning: invalid escape sequence '\('
<unknown>:349: SyntaxWarning: invalid escape sequence '\_'
<unknown>:45: SyntaxWarning: invalid escape sequence '\d'
<unknown>:47: SyntaxWarning: invalid escape sequence '\.'
<unknown>:50: SyntaxWarning: invalid escape sequence '\|'
<unknown>:52: SyntaxWarning: invalid escape sequence '\w'
<unknown>:154: SyntaxWarning: invalid escape sequence '\m'
<unknown>:84: SyntaxWarning: invalid escape sequence '\d'
<unknown>:101: SyntaxWarning: invalid escape sequence '\g'
<unknown>:102: SyntaxWarning: invalid escape sequence '\g'
<unknown>:103: SyntaxWarning: invalid escape sequence '\g'
<unknown>:104: SyntaxWarning: invalid escape sequence '\g'
<unknown>:105: SyntaxWarning: invalid escape sequence '\{'
<unknown>:251: SyntaxWarning: invalid escape sequence '\*'
<unknown>:270: SyntaxWarning: invalid escape sequence '\*'
<unknown>:287: SyntaxWarning: invalid escape sequence '\*'
<unknown>:46: SyntaxWarning: invalid escape sequence '\d'
<unknown>:47: SyntaxWarning: invalid escape sequence '\d'
<unknown>:28: SyntaxWarning: invalid escape sequence '\p'
<unknown>:43: SyntaxWarning: invalid escape sequence '\p'
<unknown>:117: SyntaxWarning: invalid escape sequence '\p'
<unknown>:4: SyntaxWarning: invalid escape sequence '\s'
<unknown>:42: SyntaxWarning: invalid escape sequence '\s'
<unknown>:19: SyntaxWarning: invalid escape sequence '\d'
<unknown>:65: SyntaxWarning: invalid escape sequence '\D'
<unknown>:70: SyntaxWarning: invalid escape sequence '\D'
<unknown>:156: SyntaxWarning: invalid escape sequence '\d'
<unknown>:23: SyntaxWarning: invalid escape sequence '\%'
<unknown>:25: SyntaxWarning: invalid escape sequence '\%'
<unknown>:92: SyntaxWarning: invalid escape sequence '\{'
<unknown>:325: SyntaxWarning: invalid escape sequence '\s'
<unknown>:373: SyntaxWarning: invalid escape sequence '\W'
<unknown>:319: SyntaxWarning: invalid escape sequence '\w'
<unknown>:5: SyntaxWarning: invalid escape sequence '\m'
<unknown>:226: SyntaxWarning: invalid escape sequence '\q'
<unknown>:55: SyntaxWarning: invalid escape sequence '\s'
<unknown>:70: SyntaxWarning: invalid escape sequence '\s'
<unknown>:101: SyntaxWarning: invalid escape sequence '\]'
<unknown>:128: SyntaxWarning: invalid escape sequence '\]'
<unknown>:329: SyntaxWarning: invalid escape sequence '\]'
<unknown>:27: SyntaxWarning: invalid escape sequence '\s'
<unknown>:168: SyntaxWarning: invalid escape sequence '\q'
<unknown>:169: SyntaxWarning: invalid escape sequence '\q'
<unknown>:182: SyntaxWarning: invalid escape sequence '\q'
<unknown>:243: SyntaxWarning: invalid escape sequence '\q'
<unknown>:244: SyntaxWarning: invalid escape sequence '\q'
<unknown>:256: SyntaxWarning: invalid escape sequence '\q'
<unknown>:322: SyntaxWarning: invalid escape sequence '\q'
<unknown>:323: SyntaxWarning: invalid escape sequence '\q'
<unknown>:398: SyntaxWarning: invalid escape sequence '\q'
<unknown>:399: SyntaxWarning: invalid escape sequence '\q'
<unknown>:456: SyntaxWarning: invalid escape sequence '\q'
<unknown>:468: SyntaxWarning: invalid escape sequence '\q'
<unknown>:519: SyntaxWarning: invalid escape sequence '\q'
<unknown>:597: SyntaxWarning: invalid escape sequence '\q'
<unknown>:668: SyntaxWarning: invalid escape sequence '\q'
<unknown>:733: SyntaxWarning: invalid escape sequence '\q'
<unknown>:748: SyntaxWarning: invalid escape sequence '\q'
<unknown>:763: SyntaxWarning: invalid escape sequence '\q'
<unknown>:778: SyntaxWarning: invalid escape sequence '\q'
<unknown>:921: SyntaxWarning: invalid escape sequence '\q'
<unknown>:923: SyntaxWarning: invalid escape sequence '\q'
<unknown>:927: SyntaxWarning: invalid escape sequence '\q'
<unknown>:940: SyntaxWarning: invalid escape sequence '\q'
<unknown>:1002: SyntaxWarning: invalid escape sequence '\q'
<unknown>:1004: SyntaxWarning: invalid escape sequence '\q'
<unknown>:1008: SyntaxWarning: invalid escape sequence '\q'
<unknown>:1022: SyntaxWarning: invalid escape sequence '\q'
<unknown>:1081: SyntaxWarning: invalid escape sequence '\q'
<unknown>:1083: SyntaxWarning: invalid escape sequence '\q'
<unknown>:1087: SyntaxWarning: invalid escape sequence '\q'
<unknown>:1102: SyntaxWarning: invalid escape sequence '\q'
<unknown>:1157: SyntaxWarning: invalid escape sequence '\q'
<unknown>:1159: SyntaxWarning: invalid escape sequence '\q'
<unknown>:1163: SyntaxWarning: invalid escape sequence '\q'
<unknown>:1232: SyntaxWarning: invalid escape sequence '\q'
<unknown>:1234: SyntaxWarning: invalid escape sequence '\q'
<unknown>:1238: SyntaxWarning: invalid escape sequence '\q'
<unknown>:1253: SyntaxWarning: invalid escape sequence '\q'
<unknown>:7: SyntaxWarning: invalid escape sequence '\ '
<unknown>:152: SyntaxWarning: invalid escape sequence '\('
<unknown>:216: SyntaxWarning: invalid escape sequence '\s'
<unknown>:21: SyntaxWarning: invalid escape sequence '\,'
<unknown>:22: SyntaxWarning: invalid escape sequence '\,'
<unknown>:27: SyntaxWarning: invalid escape sequence '\$'
<unknown>:80: SyntaxWarning: invalid escape sequence '\.'
<unknown>:23: SyntaxWarning: invalid escape sequence '\*'
<unknown>:102: SyntaxWarning: invalid escape sequence '\c'
<unknown>:43: SyntaxWarning: invalid escape sequence '\l'
<unknown>:165: SyntaxWarning: invalid escape sequence '\p'
<unknown>:192: SyntaxWarning: invalid escape sequence '\p'
<unknown>:336: SyntaxWarning: invalid escape sequence '\p'
<unknown>:364: SyntaxWarning: invalid escape sequence '\p'
<unknown>:102: SyntaxWarning: invalid escape sequence '\S'
<unknown>:129: SyntaxWarning: invalid escape sequence '\s'
<unknown>:295: SyntaxWarning: invalid escape sequence '\>'
<unknown>:295: SyntaxWarning: invalid escape sequence '\<'
<unknown>:30: SyntaxWarning: invalid escape sequence '\*'
<unknown>:21: SyntaxWarning: invalid escape sequence '\*'
<unknown>:39: SyntaxWarning: invalid escape sequence '\*'
<unknown>:61: SyntaxWarning: invalid escape sequence '\.'
<unknown>:19: SyntaxWarning: invalid escape sequence '\('
<unknown>:624: SyntaxWarning: invalid escape sequence '\s'
<unknown>:651: SyntaxWarning: invalid escape sequence '\['
<unknown>:685: SyntaxWarning: invalid escape sequence '\.'
<unknown>:787: SyntaxWarning: invalid escape sequence '\m'
<unknown>:12: SyntaxWarning: invalid escape sequence '\/'
<unknown>:420: SyntaxWarning: invalid escape sequence '\d'
<unknown>:21: SyntaxWarning: invalid escape sequence '\U'
<unknown>:377: SyntaxWarning: invalid escape sequence '\s'
<unknown>:839: SyntaxWarning: invalid escape sequence '\P'
<unknown>:3: SyntaxWarning: invalid escape sequence '\s'
<unknown>:16: SyntaxWarning: invalid escape sequence '\g'
<unknown>:369: SyntaxWarning: invalid escape sequence '\O'
<unknown>:369: SyntaxWarning: invalid escape sequence '\l'
<unknown>:370: SyntaxWarning: invalid escape sequence '\l'
<unknown>:370: SyntaxWarning: invalid escape sequence '\l'
<unknown>:375: SyntaxWarning: invalid escape sequence '\O'
<unknown>:375: SyntaxWarning: invalid escape sequence '\l'
<unknown>:376: SyntaxWarning: invalid escape sequence '\l'
<unknown>:376: SyntaxWarning: invalid escape sequence '\l'
<unknown>:382: SyntaxWarning: invalid escape sequence '\O'
<unknown>:382: SyntaxWarning: invalid escape sequence '\O'
<unknown>:382: SyntaxWarning: invalid escape sequence '\O'
<unknown>:383: SyntaxWarning: invalid escape sequence '\l'
<unknown>:383: SyntaxWarning: invalid escape sequence '\l'
<unknown>:388: SyntaxWarning: invalid escape sequence '\O'
<unknown>:388: SyntaxWarning: invalid escape sequence '\O'
<unknown>:388: SyntaxWarning: invalid escape sequence '\O'
<unknown>:389: SyntaxWarning: invalid escape sequence '\l'
<unknown>:389: SyntaxWarning: invalid escape sequence '\l'
<unknown>:395: SyntaxWarning: invalid escape sequence '\O'
<unknown>:395: SyntaxWarning: invalid escape sequence '\O'
<unknown>:396: SyntaxWarning: invalid escape sequence '\l'
<unknown>:396: SyntaxWarning: invalid escape sequence '\l'
<unknown>:402: SyntaxWarning: invalid escape sequence '\O'
<unknown>:402: SyntaxWarning: invalid escape sequence '\O'
<unknown>:403: SyntaxWarning: invalid escape sequence '\l'
<unknown>:403: SyntaxWarning: invalid escape sequence '\l'
<unknown>:1046: SyntaxWarning: invalid escape sequence '\m'
<unknown>:1152: SyntaxWarning: invalid escape sequence '\m'
<unknown>:41: SyntaxWarning: invalid escape sequence '\.'
<unknown>:87: SyntaxWarning: invalid escape sequence '\-'
<unknown>:724: SyntaxWarning: invalid escape sequence '\%'
<unknown>:805: SyntaxWarning: invalid escape sequence '\%'
<unknown>:882: SyntaxWarning: invalid escape sequence '\%'
<unknown>:958: SyntaxWarning: invalid escape sequence '\%'
<unknown>:58: SyntaxWarning: invalid escape sequence '\d'
<unknown>:91: SyntaxWarning: invalid escape sequence '\W'
<unknown>:16: SyntaxWarning: invalid escape sequence '\/'
<unknown>:160: SyntaxWarning: invalid escape sequence '\/'
<unknown>:32: SyntaxWarning: invalid escape sequence '\ '
<unknown>:21: SyntaxWarning: invalid escape sequence '\ '
<unknown>:23: SyntaxWarning: invalid escape sequence '\ '
<unknown>:24: SyntaxWarning: invalid escape sequence '\ '
<unknown>:25: SyntaxWarning: invalid escape sequence '\_'
<unknown>:11: SyntaxWarning: invalid escape sequence '\D'
<unknown>:12: SyntaxWarning: invalid escape sequence '\O'
<unknown>:73: SyntaxWarning: invalid escape sequence '\/'
<unknown>:16: SyntaxWarning: invalid escape sequence '\d'
<unknown>:151: SyntaxWarning: invalid escape sequence '\['
<unknown>:81: SyntaxWarning: invalid escape sequence '\d'
<unknown>:146: SyntaxWarning: invalid escape sequence '\d'
<unknown>:189: SyntaxWarning: invalid escape sequence '\d'
<unknown>:50: SyntaxWarning: invalid escape sequence '\d'
<unknown>:9: SyntaxWarning: invalid escape sequence '\P'
<unknown>:37: SyntaxWarning: invalid escape sequence '\P'
<unknown>:10: SyntaxWarning: invalid escape sequence '\c'
<unknown>:15: SyntaxWarning: invalid escape sequence '\w'
<unknown>:17: SyntaxWarning: invalid escape sequence '\.'
<unknown>:160: SyntaxWarning: invalid escape sequence '\.'
<unknown>:231: SyntaxWarning: invalid escape sequence '\w'
<unknown>:242: SyntaxWarning: invalid escape sequence '\w'
<unknown>:19: SyntaxWarning: invalid escape sequence '\s'
<unknown>:59: SyntaxWarning: invalid escape sequence '\*'
<unknown>:43: SyntaxWarning: invalid escape sequence '\['
<unknown>:44: SyntaxWarning: invalid escape sequence '\$'
<unknown>:31: SyntaxWarning: invalid escape sequence '\o'
<unknown>:32: SyntaxWarning: invalid escape sequence '\s'
<unknown>:4: SyntaxWarning: invalid escape sequence '\i'
<unknown>:107: SyntaxWarning: invalid escape sequence '\p'
<unknown>:22: SyntaxWarning: invalid escape sequence '\i'
<unknown>:29: SyntaxWarning: invalid escape sequence '\i'
<unknown>:31: SyntaxWarning: invalid escape sequence '\i'
<unknown>:42: SyntaxWarning: invalid escape sequence '\i'
<unknown>:124: SyntaxWarning: invalid escape sequence '\i'
<unknown>:325: SyntaxWarning: invalid escape sequence '\i'
<unknown>:35: SyntaxWarning: invalid escape sequence '\['
<unknown>:41: SyntaxWarning: invalid escape sequence '\d'
<unknown>:69: SyntaxWarning: invalid escape sequence '\s'
<unknown>:77: SyntaxWarning: invalid escape sequence '\w'
<unknown>:45: SyntaxWarning: invalid escape sequence '\d'
<unknown>:92: SyntaxWarning: invalid escape sequence '\s'
<unknown>:121: SyntaxWarning: invalid escape sequence '\d'
<unknown>:183: SyntaxWarning: invalid escape sequence '\d'
<unknown>:191: SyntaxWarning: invalid escape sequence '\d'
<unknown>:195: SyntaxWarning: invalid escape sequence '\d'
<unknown>:197: SyntaxWarning: invalid escape sequence '\|'
<unknown>:198: SyntaxWarning: invalid escape sequence '\|'
<unknown>:199: SyntaxWarning: invalid escape sequence '\d'
<unknown>:201: SyntaxWarning: invalid escape sequence '\d'
<unknown>:202: SyntaxWarning: invalid escape sequence '\d'
<unknown>:205: SyntaxWarning: invalid escape sequence '\d'
<unknown>:64: SyntaxWarning: invalid escape sequence '\s'
<unknown>:68: SyntaxWarning: invalid escape sequence '\s'
<unknown>:20: SyntaxWarning: invalid escape sequence '\|'
<unknown>:37: SyntaxWarning: invalid escape sequence '\|'
<unknown>:51: SyntaxWarning: invalid escape sequence '\ '
<unknown>:23: SyntaxWarning: invalid escape sequence '\s'
<unknown>:84: SyntaxWarning: invalid escape sequence '\g'
<unknown>:85: SyntaxWarning: invalid escape sequence '\g'
<unknown>:86: SyntaxWarning: invalid escape sequence '\g'
<unknown>:87: SyntaxWarning: invalid escape sequence '\g'
<unknown>:89: SyntaxWarning: invalid escape sequence '\g'
<unknown>:115: SyntaxWarning: invalid escape sequence '\g'
<unknown>:107: SyntaxWarning: invalid escape sequence '\ '
<unknown>:108: SyntaxWarning: invalid escape sequence '\ '
<unknown>:109: SyntaxWarning: invalid escape sequence '\ '
<unknown>:29: SyntaxWarning: invalid escape sequence '\ '
<unknown>:67: SyntaxWarning: invalid escape sequence '\s'
<unknown>:77: SyntaxWarning: invalid escape sequence '\/'
<unknown>:46: SyntaxWarning: invalid escape sequence '\-'
<unknown>:61: SyntaxWarning: invalid escape sequence '\s'
<unknown>:70: SyntaxWarning: invalid escape sequence '\d'
<unknown>:71: SyntaxWarning: invalid escape sequence '\d'
<unknown>:56: SyntaxWarning: invalid escape sequence '\A'
<unknown>:27: SyntaxWarning: invalid escape sequence '\d'
<unknown>:34: SyntaxWarning: invalid escape sequence '\*'
<unknown>:12: SyntaxWarning: invalid escape sequence '\s'
<unknown>:79: SyntaxWarning: invalid escape sequence '\;'
<unknown>:23: SyntaxWarning: invalid escape sequence '\s'
<unknown>:26: SyntaxWarning: invalid escape sequence '\s'
<unknown>:27: SyntaxWarning: invalid escape sequence '\s'
<unknown>:260: SyntaxWarning: invalid escape sequence '\e'
<unknown>:264: SyntaxWarning: invalid escape sequence '\e'
<unknown>:12: SyntaxWarning: invalid escape sequence '\ '
<unknown>:218: SyntaxWarning: invalid escape sequence '\d'
<unknown>:65: SyntaxWarning: invalid escape sequence '\s'
<unknown>:34: SyntaxWarning: invalid escape sequence '\.'
<unknown>:36: SyntaxWarning: invalid escape sequence '\.'
<unknown>:107: SyntaxWarning: invalid escape sequence '\ '
<unknown>:120: SyntaxWarning: invalid escape sequence '\ '
<unknown>:105: SyntaxWarning: invalid escape sequence '\d'
<unknown>:113: SyntaxWarning: invalid escape sequence '\d'
<unknown>:156: SyntaxWarning: invalid escape sequence '\D'
<unknown>:158: SyntaxWarning: invalid escape sequence '\d'
<unknown>:161: SyntaxWarning: invalid escape sequence '\d'
<unknown>:163: SyntaxWarning: invalid escape sequence '\d'
<unknown>:11: SyntaxWarning: invalid escape sequence '\W'
<unknown>:13: SyntaxWarning: invalid escape sequence '\('
<unknown>:145: SyntaxWarning: invalid escape sequence '\o'
<unknown>:57: SyntaxWarning: invalid escape sequence '\m'
<unknown>:30: SyntaxWarning: invalid escape sequence '\s'
<unknown>:32: SyntaxWarning: invalid escape sequence '\s'
<unknown>:18: SyntaxWarning: invalid escape sequence '\d'
<unknown>:5: SyntaxWarning: invalid escape sequence '\m'
<unknown>:6: SyntaxWarning: invalid escape sequence '\o'
<unknown>:9: SyntaxWarning: invalid escape sequence '\S'
<unknown>:10: SyntaxWarning: invalid escape sequence '\S'
<unknown>:11: SyntaxWarning: invalid escape sequence '\D'
<unknown>:34: SyntaxWarning: invalid escape sequence '\s'
<unknown>:544: SyntaxWarning: invalid escape sequence '\('
<unknown>:87: SyntaxWarning: invalid escape sequence '\W'
<unknown>:201: SyntaxWarning: invalid escape sequence '\W'
<unknown>:23: SyntaxWarning: invalid escape sequence '\i'
<unknown>:23: SyntaxWarning: invalid escape sequence '\h'
<unknown>:14: SyntaxWarning: invalid escape sequence '\.'
<unknown>:20: SyntaxWarning: invalid escape sequence '\p'
<unknown>:7: SyntaxWarning: invalid escape sequence '\d'
<unknown>:9: SyntaxWarning: invalid escape sequence '\S'
<unknown>:222: SyntaxWarning: invalid escape sequence '\['
<unknown>:223: SyntaxWarning: invalid escape sequence '\['
<unknown>:225: SyntaxWarning: invalid escape sequence '\w'
<unknown>:419: SyntaxWarning: invalid escape sequence '\['
<unknown>:533: SyntaxWarning: invalid escape sequence '\w'
<unknown>:757: SyntaxWarning: invalid escape sequence '\d'
<unknown>:757: SyntaxWarning: invalid escape sequence '\g'
<unknown>:758: SyntaxWarning: invalid escape sequence '\d'
<unknown>:758: SyntaxWarning: invalid escape sequence '\g'
<unknown>:759: SyntaxWarning: invalid escape sequence '\d'
<unknown>:759: SyntaxWarning: invalid escape sequence '\g'
<unknown>:760: SyntaxWarning: invalid escape sequence '\d'
<unknown>:760: SyntaxWarning: invalid escape sequence '\g'
<unknown>:761: SyntaxWarning: invalid escape sequence '\d'
<unknown>:761: SyntaxWarning: invalid escape sequence '\g'
<unknown>:762: SyntaxWarning: invalid escape sequence '\d'
<unknown>:762: SyntaxWarning: invalid escape sequence '\g'
<unknown>:763: SyntaxWarning: invalid escape sequence '\d'
<unknown>:763: SyntaxWarning: invalid escape sequence '\g'
<unknown>:764: SyntaxWarning: invalid escape sequence '\d'
<unknown>:764: SyntaxWarning: invalid escape sequence '\g'
<unknown>:767: SyntaxWarning: invalid escape sequence '\w'
<unknown>:35: SyntaxWarning: invalid escape sequence '\m'
<unknown>:41: SyntaxWarning: invalid escape sequence '\m'
<unknown>:47: SyntaxWarning: invalid escape sequence '\m'
<unknown>:54: SyntaxWarning: invalid escape sequence '\m'
<unknown>:89: SyntaxWarning: invalid escape sequence '\m'
<unknown>:91: SyntaxWarning: invalid escape sequence '\m'
<unknown>:101: SyntaxWarning: invalid escape sequence '\m'
<unknown>:50: SyntaxWarning: invalid escape sequence '\;'
<unknown>:51: SyntaxWarning: invalid escape sequence '\='
<unknown>:50: SyntaxWarning: invalid escape sequence '\d'
<unknown>:88: SyntaxWarning: invalid escape sequence '\('
<unknown>:10: SyntaxWarning: invalid escape sequence '\d'
<unknown>:18: SyntaxWarning: invalid escape sequence '\s'
<unknown>:94: SyntaxWarning: invalid escape sequence '\D'
<unknown>:216: SyntaxWarning: invalid escape sequence '\_'
<unknown>:485: SyntaxWarning: invalid escape sequence '\d'
<unknown>:22: SyntaxWarning: invalid escape sequence '\A'
<unknown>:50: SyntaxWarning: invalid escape sequence '\s'
<unknown>:30: SyntaxWarning: invalid escape sequence '\s'
<unknown>:9: SyntaxWarning: invalid escape sequence '\s'
<unknown>:10: SyntaxWarning: invalid escape sequence '\s'
<unknown>:11: SyntaxWarning: invalid escape sequence '\s'
<unknown>:11: SyntaxWarning: invalid escape sequence '\/'
<unknown>:12: SyntaxWarning: invalid escape sequence '\/'
<unknown>:12: SyntaxWarning: invalid escape sequence '\s'
<unknown>:13: SyntaxWarning: invalid escape sequence '\/'
<unknown>:13: SyntaxWarning: invalid escape sequence '\/'
<unknown>:55: SyntaxWarning: invalid escape sequence '\s'
<unknown>:62: SyntaxWarning: invalid escape sequence '\s'
<unknown>:66: SyntaxWarning: invalid escape sequence '\/'
<unknown>:69: SyntaxWarning: invalid escape sequence '\/'
<unknown>:79: SyntaxWarning: invalid escape sequence '\/'
<unknown>:31: SyntaxWarning: invalid escape sequence '\d'
<unknown>:27: SyntaxWarning: invalid escape sequence '\s'
<unknown>:40: SyntaxWarning: invalid escape sequence '\s'
<unknown>:45: SyntaxWarning: invalid escape sequence '\s'
<unknown>:60: SyntaxWarning: invalid escape sequence '\c'
<unknown>:20: SyntaxWarning: invalid escape sequence '\D'
<unknown>:120: SyntaxWarning: invalid escape sequence '\D'
<unknown>:39: SyntaxWarning: invalid escape sequence '\d'
<unknown>:41: SyntaxWarning: invalid escape sequence '\d'
<unknown>:45: SyntaxWarning: invalid escape sequence '\s'
<unknown>:48: SyntaxWarning: invalid escape sequence '\.'
<unknown>:41: SyntaxWarning: invalid escape sequence '\/'
<unknown>:42: SyntaxWarning: invalid escape sequence '\s'
<unknown>:23: SyntaxWarning: invalid escape sequence '\d'
<unknown>:13: SyntaxWarning: invalid escape sequence '\e'
<unknown>:69: SyntaxWarning: invalid escape sequence '\D'
<unknown>:307: SyntaxWarning: invalid escape sequence '\l'
<unknown>:42: SyntaxWarning: invalid escape sequence '\.'
<unknown>:912: SyntaxWarning: invalid escape sequence '\.'
<unknown>:140: SyntaxWarning: invalid escape sequence '\D'
<unknown>:53: SyntaxWarning: invalid escape sequence '\.'
<unknown>:39: SyntaxWarning: invalid escape sequence '\c'
<unknown>:73: SyntaxWarning: invalid escape sequence '\c'
<unknown>:90: SyntaxWarning: invalid escape sequence '\c'
<unknown>:24: SyntaxWarning: invalid escape sequence '\p'
<unknown>:15: SyntaxWarning: invalid escape sequence '\i'
<unknown>:2: SyntaxWarning: invalid escape sequence '\ '
<unknown>:32: SyntaxWarning: invalid escape sequence '\d'
<unknown>:32: SyntaxWarning: invalid escape sequence '\d'
<unknown>:20: SyntaxWarning: invalid escape sequence '\S'
<unknown>:6: SyntaxWarning: invalid escape sequence '\L'
<unknown>:34: SyntaxWarning: invalid escape sequence '\d'
<unknown>:38: SyntaxWarning: invalid escape sequence '\e'
<unknown>:47: SyntaxWarning: invalid escape sequence '\e'
<unknown>:332: SyntaxWarning: invalid escape sequence '\;'
<unknown>:340: SyntaxWarning: invalid escape sequence '\;'
<unknown>:399: SyntaxWarning: invalid escape sequence '\,'
<unknown>:404: SyntaxWarning: invalid escape sequence '\;'
<unknown>:39: SyntaxWarning: invalid escape sequence '\/'
<unknown>:40: SyntaxWarning: invalid escape sequence '\/'
<unknown>:40: SyntaxWarning: invalid escape sequence '\s'
<unknown>:158: SyntaxWarning: invalid escape sequence '\.'
<unknown>:51: SyntaxWarning: invalid escape sequence '\ '
<unknown>:107: SyntaxWarning: invalid escape sequence '\_'
<unknown>:360: SyntaxWarning: invalid escape sequence '\d'
<unknown>:4: SyntaxWarning: invalid escape sequence '\#'
<unknown>:264: SyntaxWarning: invalid escape sequence '\,'
<unknown>:264: SyntaxWarning: invalid escape sequence '\,'
<unknown>:32: SyntaxWarning: invalid escape sequence '\m'
<unknown>:4: SyntaxWarning: invalid escape sequence '\w'
<unknown>:5: SyntaxWarning: invalid escape sequence '\d'
<unknown>:516: SyntaxWarning: invalid escape sequence '\^'
<unknown>:53: SyntaxWarning: invalid escape sequence '\j'
<unknown>:59: SyntaxWarning: invalid escape sequence '\p'
<unknown>:60: SyntaxWarning: invalid escape sequence '\p'
<unknown>:64: SyntaxWarning: invalid escape sequence '\p'
<unknown>:66: SyntaxWarning: invalid escape sequence '\p'
<unknown>:75: SyntaxWarning: invalid escape sequence '\c'
<unknown>:76: SyntaxWarning: invalid escape sequence '\c'
<unknown>:81: SyntaxWarning: invalid escape sequence '\c'
<unknown>:82: SyntaxWarning: invalid escape sequence '\c'
<unknown>:105: SyntaxWarning: invalid escape sequence '\j'
<unknown>:113: SyntaxWarning: invalid escape sequence '\p'
<unknown>:121: SyntaxWarning: invalid escape sequence '\p'
<unknown>:129: SyntaxWarning: invalid escape sequence '\c'
<unknown>:133: SyntaxWarning: invalid escape sequence '\e'
<unknown>:134: SyntaxWarning: invalid escape sequence '\e'
<unknown>:135: SyntaxWarning: invalid escape sequence '\e'
<unknown>:136: SyntaxWarning: invalid escape sequence '\e'
<unknown>:18: SyntaxWarning: invalid escape sequence '\h'
<unknown>:74: SyntaxWarning: invalid escape sequence '\s'
<unknown>:30: SyntaxWarning: invalid escape sequence '\s'
<unknown>:109: SyntaxWarning: invalid escape sequence '\s'
<unknown>:29: SyntaxWarning: invalid escape sequence '\ '
<unknown>:12: SyntaxWarning: invalid escape sequence '\('
<unknown>:29: SyntaxWarning: invalid escape sequence '\('
<unknown>:527: SyntaxWarning: invalid escape sequence '\d'
<unknown>:448: SyntaxWarning: invalid escape sequence '\m'
<unknown>:35: SyntaxWarning: invalid escape sequence '\o'
<unknown>:49: SyntaxWarning: invalid escape sequence '\d'
<unknown>:13: SyntaxWarning: invalid escape sequence '\P'
<unknown>:37: SyntaxWarning: invalid escape sequence '\d'
<unknown>:40: SyntaxWarning: invalid escape sequence '\<'
<unknown>:43: SyntaxWarning: invalid escape sequence '\<'
<unknown>:71: SyntaxWarning: invalid escape sequence '\s'
<unknown>:73: SyntaxWarning: invalid escape sequence '\s'
<unknown>:151: SyntaxWarning: invalid escape sequence '\<'
<unknown>:151: SyntaxWarning: invalid escape sequence '\g'
<unknown>:196: SyntaxWarning: invalid escape sequence '\<'
<unknown>:239: SyntaxWarning: invalid escape sequence '\d'
<unknown>:250: SyntaxWarning: invalid escape sequence '\<'
<unknown>:279: SyntaxWarning: invalid escape sequence '\<'
<unknown>:292: SyntaxWarning: invalid escape sequence '\d'
<unknown>:298: SyntaxWarning: invalid escape sequence '\<'
<unknown>:300: SyntaxWarning: invalid escape sequence '\<'
<unknown>:66: SyntaxWarning: invalid escape sequence '\_'
<unknown>:28: SyntaxWarning: invalid escape sequence '\s'
<unknown>:22: SyntaxWarning: invalid escape sequence '\|'
<unknown>:53: SyntaxWarning: invalid escape sequence '\s'
<unknown>:28: SyntaxWarning: invalid escape sequence '\_'
<unknown>:9: SyntaxWarning: invalid escape sequence '\{'
<unknown>:17: SyntaxWarning: invalid escape sequence '\s'
<unknown>:44: SyntaxWarning: invalid escape sequence '\='
<unknown>:55: SyntaxWarning: invalid escape sequence '\='
<unknown>:90: SyntaxWarning: invalid escape sequence '\|'
<unknown>:44: SyntaxWarning: invalid escape sequence '\.'
<unknown>:89: SyntaxWarning: invalid escape sequence '\s'
<unknown>:14: SyntaxWarning: invalid escape sequence '\_'
<unknown>:136: SyntaxWarning: invalid escape sequence '\w'
<unknown>:137: SyntaxWarning: invalid escape sequence '\w'
<unknown>:138: SyntaxWarning: invalid escape sequence '\w'
<unknown>:39: SyntaxWarning: invalid escape sequence '\.'
<unknown>:34: SyntaxWarning: invalid escape sequence '\d'
<unknown>:35: SyntaxWarning: invalid escape sequence '\d'
<unknown>:80: SyntaxWarning: invalid escape sequence '\s'
<unknown>:114: SyntaxWarning: invalid escape sequence '\D'
<unknown>:210: SyntaxWarning: invalid escape sequence '\$'
<unknown>:42: SyntaxWarning: invalid escape sequence '\c'
<unknown>:8: SyntaxWarning: invalid escape sequence '\s'
<unknown>:87: SyntaxWarning: invalid escape sequence '\m'
<unknown>:72: SyntaxWarning: invalid escape sequence '\G'
<unknown>:27: SyntaxWarning: invalid escape sequence '\W'
<unknown>:30: SyntaxWarning: invalid escape sequence '\W'
<unknown>:12: SyntaxWarning: invalid escape sequence '\P'
<unknown>:73: SyntaxWarning: invalid escape sequence '\.'
<unknown>:152: SyntaxWarning: invalid escape sequence '\d'
<unknown>:296: SyntaxWarning: invalid escape sequence '\.'
<unknown>:18: SyntaxWarning: invalid escape sequence '\R'
<unknown>:78: SyntaxWarning: invalid escape sequence '\d'
<unknown>:88: SyntaxWarning: invalid escape sequence '\s'
<unknown>:86: SyntaxWarning: invalid escape sequence '\`'
<unknown>:87: SyntaxWarning: invalid escape sequence '\{'
<unknown>:88: SyntaxWarning: invalid escape sequence '\}'
<unknown>:89: SyntaxWarning: invalid escape sequence '\$'
<unknown>:65: SyntaxWarning: invalid escape sequence '\s'
<unknown>:4: SyntaxWarning: invalid escape sequence '\S'
<unknown>:95: SyntaxWarning: invalid escape sequence '\('
<unknown>:12: SyntaxWarning: invalid escape sequence '\w'
<unknown>:65: SyntaxWarning: invalid escape sequence '\?'
<unknown>:39: SyntaxWarning: invalid escape sequence '\ '
<unknown>:25: SyntaxWarning: invalid escape sequence '\ '
<unknown>:16: SyntaxWarning: invalid escape sequence '\/'
<unknown>:48: SyntaxWarning: invalid escape sequence '\d'
<unknown>:23: SyntaxWarning: invalid escape sequence '\d'
<unknown>:80: SyntaxWarning: invalid escape sequence '\s'
<unknown>:99: SyntaxWarning: invalid escape sequence '\s'
<unknown>:99: SyntaxWarning: invalid escape sequence '\s'
<unknown>:100: SyntaxWarning: invalid escape sequence '\s'
<unknown>:70: SyntaxWarning: invalid escape sequence '\j'
<unknown>:30: SyntaxWarning: invalid escape sequence '\d'
<unknown>:82: SyntaxWarning: invalid escape sequence '\d'
<unknown>:29: SyntaxWarning: invalid escape sequence '\c'
<unknown>:33: SyntaxWarning: invalid escape sequence '\c'
<unknown>:41: SyntaxWarning: invalid escape sequence '\$'
<unknown>:138: SyntaxWarning: invalid escape sequence '\m'
<unknown>:156: SyntaxWarning: invalid escape sequence '\m'
<unknown>:45: SyntaxWarning: invalid escape sequence '\{'
<unknown>:45: SyntaxWarning: invalid escape sequence '\s'
<unknown>:3: SyntaxWarning: invalid escape sequence '\I'
<unknown>:19: SyntaxWarning: invalid escape sequence '\{'
<unknown>:22: SyntaxWarning: invalid escape sequence '\ '
<unknown>:172: SyntaxWarning: invalid escape sequence '\d'
<unknown>:47: SyntaxWarning: invalid escape sequence '\d'
<unknown>:16: SyntaxWarning: invalid escape sequence '\s'
<unknown>:49: SyntaxWarning: invalid escape sequence '\ '
<unknown>:201: SyntaxWarning: invalid escape sequence '\e'
<unknown>:464: SyntaxWarning: invalid escape sequence '\,'
<unknown>:465: SyntaxWarning: invalid escape sequence '\,'
<unknown>:499: SyntaxWarning: invalid escape sequence '\,'
<unknown>:509: SyntaxWarning: invalid escape sequence '\,'
<unknown>:510: SyntaxWarning: invalid escape sequence '\,'
<unknown>:516: SyntaxWarning: invalid escape sequence '\,'
<unknown>:527: SyntaxWarning: invalid escape sequence '\,'
<unknown>:88: SyntaxWarning: invalid escape sequence '\k'
<unknown>:114: SyntaxWarning: invalid escape sequence '\c'
<unknown>:159: SyntaxWarning: invalid escape sequence '\m'
<unknown>:20: SyntaxWarning: invalid escape sequence '\l'
<unknown>:60: SyntaxWarning: invalid escape sequence '\d'
<unknown>:74: SyntaxWarning: invalid escape sequence '\s'
<unknown>:74: SyntaxWarning: invalid escape sequence '\s'
<unknown>:40: SyntaxWarning: invalid escape sequence '\g'
<unknown>:44: SyntaxWarning: invalid escape sequence '\*'
<unknown>:400: SyntaxWarning: invalid escape sequence '\S'
<unknown>:12: SyntaxWarning: invalid escape sequence '\s'
<unknown>:13: SyntaxWarning: invalid escape sequence '\s'
<unknown>:288: SyntaxWarning: invalid escape sequence '\['
<unknown>:456: SyntaxWarning: invalid escape sequence '\s'
<unknown>:114: SyntaxWarning: invalid escape sequence '\p'
<unknown>:4: SyntaxWarning: invalid escape sequence '\M'
<unknown>:5: SyntaxWarning: invalid escape sequence '\M'
<unknown>:64: SyntaxWarning: invalid escape sequence '\('
<unknown>:64: SyntaxWarning: invalid escape sequence '\)'
<unknown>:163: SyntaxWarning: invalid escape sequence '\d'
<unknown>:6: SyntaxWarning: invalid escape sequence '\:'
<unknown>:42: SyntaxWarning: invalid escape sequence '\|'
<unknown>:155: SyntaxWarning: invalid escape sequence '\|'
<unknown>:552: SyntaxWarning: invalid escape sequence '\|'
<unknown>:45: SyntaxWarning: invalid escape sequence '\d'
<unknown>:214: SyntaxWarning: invalid escape sequence '\ '
<unknown>:230: SyntaxWarning: invalid escape sequence '\ '
<unknown>:23: SyntaxWarning: invalid escape sequence '\p'
<unknown>:172: SyntaxWarning: invalid escape sequence '\,'
<unknown>:8: SyntaxWarning: invalid escape sequence '\P'
<unknown>:122: SyntaxWarning: invalid escape sequence '\P'
<unknown>:84: SyntaxWarning: invalid escape sequence '\p'
<unknown>:45: SyntaxWarning: invalid escape sequence '\('
<unknown>:20: SyntaxWarning: invalid escape sequence '\i'
<unknown>:244: SyntaxWarning: invalid escape sequence '\D'
<unknown>:181: SyntaxWarning: invalid escape sequence '\/'
<unknown>:182: SyntaxWarning: invalid escape sequence '\s'
<unknown>:43: SyntaxWarning: invalid escape sequence '\d'
<unknown>:45: SyntaxWarning: invalid escape sequence '\-'
<unknown>:17: SyntaxWarning: invalid escape sequence '\{'
<unknown>:63: SyntaxWarning: invalid escape sequence '\d'
<unknown>:25: SyntaxWarning: invalid escape sequence '\)'
<unknown>:13: SyntaxWarning: invalid escape sequence '\w'
<unknown>:13: SyntaxWarning: invalid escape sequence '\('
<unknown>:77: SyntaxWarning: invalid escape sequence '\_'
<unknown>:82: SyntaxWarning: invalid escape sequence '\_'
<unknown>:87: SyntaxWarning: invalid escape sequence '\_'
<unknown>:92: SyntaxWarning: invalid escape sequence '\_'
<unknown>:97: SyntaxWarning: invalid escape sequence '\_'
<unknown>:102: SyntaxWarning: invalid escape sequence '\_'
<unknown>:107: SyntaxWarning: invalid escape sequence '\_'
<unknown>:112: SyntaxWarning: invalid escape sequence '\_'
<unknown>:117: SyntaxWarning: invalid escape sequence '\_'
<unknown>:122: SyntaxWarning: invalid escape sequence '\_'
<unknown>:127: SyntaxWarning: invalid escape sequence '\_'
<unknown>:132: SyntaxWarning: invalid escape sequence '\_'
<unknown>:137: SyntaxWarning: invalid escape sequence '\_'
<unknown>:142: SyntaxWarning: invalid escape sequence '\_'
<unknown>:147: SyntaxWarning: invalid escape sequence '\_'
<unknown>:152: SyntaxWarning: invalid escape sequence '\_'
<unknown>:69: SyntaxWarning: invalid escape sequence '\.'
<unknown>:71: SyntaxWarning: invalid escape sequence '\-'
<unknown>:73: SyntaxWarning: invalid escape sequence '\-'
<unknown>:74: SyntaxWarning: invalid escape sequence '\-'
<unknown>:131: SyntaxWarning: invalid escape sequence '\s'
<unknown>:4: SyntaxWarning: invalid escape sequence '\/'
<unknown>:11: SyntaxWarning: invalid escape sequence '\ '
<unknown>:219: SyntaxWarning: invalid escape sequence '\d'
<unknown>:241: SyntaxWarning: invalid escape sequence '\d'
<unknown>:6: SyntaxWarning: invalid escape sequence '\D'
<unknown>:9: SyntaxWarning: invalid escape sequence '\D'
<unknown>:16: SyntaxWarning: invalid escape sequence '\D'
<unknown>:18: SyntaxWarning: invalid escape sequence '\D'
<unknown>:26: SyntaxWarning: invalid escape sequence '\D'
<unknown>:29: SyntaxWarning: invalid escape sequence '\D'
<unknown>:36: SyntaxWarning: invalid escape sequence '\D'
<unknown>:38: SyntaxWarning: invalid escape sequence '\D'
<unknown>:65: SyntaxWarning: invalid escape sequence '\['
<unknown>:67: SyntaxWarning: invalid escape sequence '\s'
<unknown>:155: SyntaxWarning: invalid escape sequence '\W'
<unknown>:715: SyntaxWarning: invalid escape sequence '\,'
<unknown>:717: SyntaxWarning: invalid escape sequence '\,'
<unknown>:229: SyntaxWarning: invalid escape sequence '\m'
<unknown>:339: SyntaxWarning: invalid escape sequence '\D'
<unknown>:340: SyntaxWarning: invalid escape sequence '\D'
<unknown>:388: SyntaxWarning: invalid escape sequence '\D'
<unknown>:389: SyntaxWarning: invalid escape sequence '\D'
<unknown>:966: SyntaxWarning: invalid escape sequence '\D'
<unknown>:1032: SyntaxWarning: invalid escape sequence '\D'
<unknown>:1049: SyntaxWarning: invalid escape sequence '\D'
<unknown>:1126: SyntaxWarning: invalid escape sequence '\_'
<unknown>:1184: SyntaxWarning: invalid escape sequence '\e'
<unknown>:1193: SyntaxWarning: invalid escape sequence '\%'
<unknown>:1194: SyntaxWarning: invalid escape sequence '\%'
<unknown>:1196: SyntaxWarning: invalid escape sequence '\e'
<unknown>:89: SyntaxWarning: invalid escape sequence '\g'
<unknown>:90: SyntaxWarning: invalid escape sequence '\g'
<unknown>:35: SyntaxWarning: invalid escape sequence '\$'
<unknown>:37: SyntaxWarning: invalid escape sequence '\*'
<unknown>:38: SyntaxWarning: invalid escape sequence '\-'
<unknown>:38: SyntaxWarning: invalid escape sequence '\.'
<unknown>:43: SyntaxWarning: invalid escape sequence '\$'
<unknown>:44: SyntaxWarning: invalid escape sequence '\*'
<unknown>:45: SyntaxWarning: invalid escape sequence '\$'
<unknown>:50: SyntaxWarning: invalid escape sequence '\$'
<unknown>:56: SyntaxWarning: invalid escape sequence '\+'
<unknown>:56: SyntaxWarning: invalid escape sequence '\+'
<unknown>:57: SyntaxWarning: invalid escape sequence '\*'
<unknown>:98: SyntaxWarning: invalid escape sequence '\*'
<unknown>:98: SyntaxWarning: invalid escape sequence '\$'
<unknown>:124: SyntaxWarning: invalid escape sequence '\$'
<unknown>:186: SyntaxWarning: invalid escape sequence '\*'
<unknown>:20: SyntaxWarning: invalid escape sequence '\m'
<unknown>:135: SyntaxWarning: invalid escape sequence '\m'
<unknown>:2: SyntaxWarning: invalid escape sequence '\s'
<unknown>:70: SyntaxWarning: invalid escape sequence '\w'
<unknown>:82: SyntaxWarning: invalid escape sequence '\s'
<unknown>:84: SyntaxWarning: invalid escape sequence '\['
<unknown>:85: SyntaxWarning: invalid escape sequence '\s'
<unknown>:60: SyntaxWarning: invalid escape sequence '\.'
<unknown>:14: SyntaxWarning: invalid escape sequence '\/'
<unknown>:9: SyntaxWarning: invalid escape sequence '\['
<unknown>:119: SyntaxWarning: invalid escape sequence '\d'
<unknown>:129: SyntaxWarning: invalid escape sequence '\d'
<unknown>:16: SyntaxWarning: invalid escape sequence '\ '
<unknown>:742: SyntaxWarning: invalid escape sequence '\ '
<unknown>:777: SyntaxWarning: invalid escape sequence '\ '
<unknown>:16: SyntaxWarning: invalid escape sequence '\d'
<unknown>:437: SyntaxWarning: invalid escape sequence '\p'
<unknown>:89: SyntaxWarning: invalid escape sequence '\d'
<unknown>:9: SyntaxWarning: invalid escape sequence '\s'
<unknown>:27: SyntaxWarning: invalid escape sequence '\m'
<unknown>:719: SyntaxWarning: invalid escape sequence '\w'
<unknown>:22: SyntaxWarning: invalid escape sequence '\s'
<unknown>:26: SyntaxWarning: invalid escape sequence '\.'
<unknown>:36: SyntaxWarning: invalid escape sequence '\.'
<unknown>:55: SyntaxWarning: invalid escape sequence '\.'
<unknown>:35: SyntaxWarning: invalid escape sequence '\('
<unknown>:54: SyntaxWarning: invalid escape sequence '\('
<unknown>:55: SyntaxWarning: invalid escape sequence '\)'
<unknown>:262: SyntaxWarning: invalid escape sequence '\#'
<unknown>:9: SyntaxWarning: invalid escape sequence '\s'
<unknown>:20: SyntaxWarning: invalid escape sequence '\S'
<unknown>:306: SyntaxWarning: invalid escape sequence '\-'
<unknown>:616: SyntaxWarning: invalid escape sequence '\c'
<unknown>:42: SyntaxWarning: invalid escape sequence '\]'
<unknown>:38: SyntaxWarning: invalid escape sequence '\.'
<unknown>:129: SyntaxWarning: invalid escape sequence '\m'
<unknown>:43: SyntaxWarning: invalid escape sequence '\i'
<unknown>:133: SyntaxWarning: invalid escape sequence '\i'
<unknown>:137: SyntaxWarning: invalid escape sequence '\i'
<unknown>:141: SyntaxWarning: invalid escape sequence '\i'
<unknown>:145: SyntaxWarning: invalid escape sequence '\i'
<unknown>:78: SyntaxWarning: invalid escape sequence '\d'
<unknown>:4: SyntaxWarning: invalid escape sequence '\/'
<unknown>:8: SyntaxWarning: invalid escape sequence '\ '
<unknown>:17: SyntaxWarning: invalid escape sequence '\s'
<unknown>:20: SyntaxWarning: invalid escape sequence '\['
<unknown>:153: SyntaxWarning: invalid escape sequence '\s'
<unknown>:48: SyntaxWarning: invalid escape sequence '\d'
<unknown>:69: SyntaxWarning: invalid escape sequence '\d'
<unknown>:71: SyntaxWarning: invalid escape sequence '\*'
<unknown>:41: SyntaxWarning: invalid escape sequence '\d'
<unknown>:52: SyntaxWarning: invalid escape sequence '\ '
<unknown>:82: SyntaxWarning: invalid escape sequence '\/'
<unknown>:173: SyntaxWarning: invalid escape sequence '\.'
<unknown>:9: SyntaxWarning: invalid escape sequence '\i'
<unknown>:16: SyntaxWarning: invalid escape sequence '\i'
<unknown>:27: SyntaxWarning: invalid escape sequence '\i'
<unknown>:39: SyntaxWarning: invalid escape sequence '\i'
<unknown>:8: SyntaxWarning: invalid escape sequence '\B'
<unknown>:19: SyntaxWarning: invalid escape sequence '\D'
<unknown>:41: SyntaxWarning: invalid escape sequence '\B'
<unknown>:52: SyntaxWarning: invalid escape sequence '\B'
<unknown>:75: SyntaxWarning: invalid escape sequence '\B'
<unknown>:102: SyntaxWarning: invalid escape sequence '\i'
<unknown>:37: SyntaxWarning: invalid escape sequence '\d'
<unknown>:53: SyntaxWarning: invalid escape sequence '\_'
<unknown>:56: SyntaxWarning: invalid escape sequence '\ '
<unknown>:58: SyntaxWarning: invalid escape sequence '\_'
<unknown>:197: SyntaxWarning: invalid escape sequence '\d'
<unknown>:19: SyntaxWarning: invalid escape sequence '\P'
<unknown>:78: SyntaxWarning: invalid escape sequence '\*'
<unknown>:25: SyntaxWarning: invalid escape sequence '\<'
<unknown>:5: SyntaxWarning: invalid escape sequence '\.'
<unknown>:63: SyntaxWarning: invalid escape sequence '\d'
<unknown>:66: SyntaxWarning: invalid escape sequence '\d'
<unknown>:19: SyntaxWarning: invalid escape sequence '\*'
<unknown>:19: SyntaxWarning: invalid escape sequence '\*'
<unknown>:20: SyntaxWarning: invalid escape sequence '\*'
<unknown>:25: SyntaxWarning: invalid escape sequence '\*'
<unknown>:25: SyntaxWarning: invalid escape sequence '\*'
<unknown>:26: SyntaxWarning: invalid escape sequence '\*'
<unknown>:65: SyntaxWarning: invalid escape sequence '\.'
<unknown>:23: SyntaxWarning: invalid escape sequence '\s'
<unknown>:35: SyntaxWarning: invalid escape sequence '\.'
<unknown>:1300: SyntaxWarning: invalid escape sequence '\w'
<unknown>:39: SyntaxWarning: invalid escape sequence '\w'
<unknown>:40: SyntaxWarning: invalid escape sequence '\s'
<unknown>:41: SyntaxWarning: invalid escape sequence '\('
<unknown>:104: SyntaxWarning: invalid escape sequence '\('
<unknown>:105: SyntaxWarning: invalid escape sequence '\['
<unknown>:110: SyntaxWarning: invalid escape sequence '\$'
<unknown>:20: SyntaxWarning: invalid escape sequence '\>'
<unknown>:43: SyntaxWarning: invalid escape sequence '\>'
<unknown>:66: SyntaxWarning: invalid escape sequence '\>'
<unknown>:5: SyntaxWarning: invalid escape sequence '\]'
<unknown>:17: SyntaxWarning: invalid escape sequence '\p'
<unknown>:7: SyntaxWarning: invalid escape sequence '\.'
<unknown>:40: SyntaxWarning: invalid escape sequence '\c'
<unknown>:47: SyntaxWarning: invalid escape sequence '\c'
<unknown>:64: SyntaxWarning: invalid escape sequence '\c'
<unknown>:71: SyntaxWarning: invalid escape sequence '\c'
<unknown>:16: SyntaxWarning: invalid escape sequence '\s'
<unknown>:231: SyntaxWarning: invalid escape sequence '\d'
<unknown>:83: SyntaxWarning: invalid escape sequence '\s'
<unknown>:93: SyntaxWarning: invalid escape sequence '\s'
<unknown>:7: SyntaxWarning: invalid escape sequence '\|'
<unknown>:4: SyntaxWarning: invalid escape sequence '\('
<unknown>:13: SyntaxWarning: invalid escape sequence '\w'
<unknown>:24: SyntaxWarning: invalid escape sequence '\s'
<unknown>:8: SyntaxWarning: invalid escape sequence '\s'
<unknown>:20: SyntaxWarning: invalid escape sequence '\s'
<unknown>:12: SyntaxWarning: invalid escape sequence '\ '
<unknown>:21: SyntaxWarning: invalid escape sequence '\i'
<unknown>:195: SyntaxWarning: invalid escape sequence '\{'
<unknown>:100: SyntaxWarning: invalid escape sequence '\l'
<unknown>:92: SyntaxWarning: invalid escape sequence '\|'
<unknown>:112: SyntaxWarning: invalid escape sequence '\R'
<unknown>:113: SyntaxWarning: invalid escape sequence '\R'
<unknown>:114: SyntaxWarning: invalid escape sequence '\R'
<unknown>:125: SyntaxWarning: invalid escape sequence '\['
<unknown>:13: SyntaxWarning: invalid escape sequence '\d'
<unknown>:52: SyntaxWarning: invalid escape sequence '\|'
<unknown>:785: SyntaxWarning: invalid escape sequence '\/'
<unknown>:54: SyntaxWarning: invalid escape sequence '\s'
<unknown>:255: SyntaxWarning: invalid escape sequence '\['
<unknown>:6: SyntaxWarning: invalid escape sequence '\T'
<unknown>:37: SyntaxWarning: invalid escape sequence '\.'
<unknown>:38: SyntaxWarning: invalid escape sequence '\p'
<unknown>:65: SyntaxWarning: invalid escape sequence '\w'
<unknown>:163: SyntaxWarning: invalid escape sequence '\s'
<unknown>:9: SyntaxWarning: invalid escape sequence '\w'
<unknown>:7: SyntaxWarning: invalid escape sequence '\-'
<unknown>:18: SyntaxWarning: invalid escape sequence '\d'
<unknown>:5: SyntaxWarning: invalid escape sequence '\.'
<unknown>:502: SyntaxWarning: invalid escape sequence '\s'
<unknown>:87: SyntaxWarning: invalid escape sequence '\s'
<unknown>:17: SyntaxWarning: invalid escape sequence '\d'
<unknown>:143: SyntaxWarning: invalid escape sequence '\|'
<unknown>:144: SyntaxWarning: invalid escape sequence '\('
<unknown>:237: SyntaxWarning: invalid escape sequence '\d'
<unknown>:82: SyntaxWarning: invalid escape sequence '\h'
<unknown>:89: SyntaxWarning: invalid escape sequence '\ '
<unknown>:90: SyntaxWarning: invalid escape sequence '\h'
<unknown>:100: SyntaxWarning: invalid escape sequence '\m'
<unknown>:135: SyntaxWarning: invalid escape sequence '\h'
<unknown>:136: SyntaxWarning: invalid escape sequence '\e'
<unknown>:138: SyntaxWarning: invalid escape sequence '\e'
<unknown>:27: SyntaxWarning: invalid escape sequence '\.'
<unknown>:36: SyntaxWarning: invalid escape sequence '\s'
<unknown>:147: SyntaxWarning: invalid escape sequence '\s'
<unknown>:92: SyntaxWarning: invalid escape sequence '\d'
<unknown>:212: SyntaxWarning: invalid escape sequence '\['
<unknown>:408: SyntaxWarning: invalid escape sequence '\+'
<unknown>:25: SyntaxWarning: invalid escape sequence '\_'
<unknown>:17: SyntaxWarning: invalid escape sequence '\ '
<unknown>:73: SyntaxWarning: invalid escape sequence '\?'
<unknown>:90: SyntaxWarning: invalid escape sequence '\d'
<unknown>:14: SyntaxWarning: invalid escape sequence '\-'
<unknown>:15: SyntaxWarning: invalid escape sequence '\w'
<unknown>:20: SyntaxWarning: invalid escape sequence '\%'
<unknown>:12: SyntaxWarning: invalid decimal literal
<unknown>:17: SyntaxWarning: invalid escape sequence '\d'
<unknown>:18: SyntaxWarning: invalid escape sequence '\d'
<unknown>:342: SyntaxWarning: invalid escape sequence '\L'
<unknown>:360: SyntaxWarning: invalid escape sequence '\O'
<unknown>:361: SyntaxWarning: invalid escape sequence '\L'
<unknown>:378: SyntaxWarning: invalid escape sequence '\O'
<unknown>:379: SyntaxWarning: invalid escape sequence '\L'
<unknown>:515: SyntaxWarning: invalid escape sequence '\('
<unknown>:15: SyntaxWarning: invalid escape sequence '\m'
<unknown>:22: SyntaxWarning: invalid escape sequence '\*'
<unknown>:12: SyntaxWarning: invalid escape sequence '\g'
<unknown>:116: SyntaxWarning: invalid escape sequence '\s'
<unknown>:116: SyntaxWarning: invalid escape sequence '\l'
<unknown>:116: SyntaxWarning: invalid escape sequence '\m'
<unknown>:117: SyntaxWarning: invalid escape sequence '\i'
<unknown>:124: SyntaxWarning: invalid escape sequence '\ '
<unknown>:29: SyntaxWarning: invalid escape sequence '\:'
<unknown>:77: SyntaxWarning: invalid escape sequence '\d'
<unknown>:80: SyntaxWarning: invalid escape sequence '\d'
<unknown>:14: SyntaxWarning: invalid escape sequence '\i'
<unknown>:15: SyntaxWarning: invalid escape sequence '\i'
<unknown>:39: SyntaxWarning: invalid escape sequence '\i'
<unknown>:42: SyntaxWarning: invalid escape sequence '\i'
<unknown>:45: SyntaxWarning: invalid escape sequence '\i'
<unknown>:37: SyntaxWarning: invalid escape sequence '\|'
<unknown>:15: SyntaxWarning: invalid escape sequence '\{'
<unknown>:35: SyntaxWarning: invalid escape sequence '\('
<unknown>:37: SyntaxWarning: invalid escape sequence '\{'
<unknown>:64: SyntaxWarning: invalid escape sequence '\d'
<unknown>:89: SyntaxWarning: invalid escape sequence '\d'
<unknown>:111: SyntaxWarning: invalid escape sequence '\d'
<unknown>:113: SyntaxWarning: invalid escape sequence '\-'
<unknown>:41: SyntaxWarning: invalid escape sequence '\d'
<unknown>:86: SyntaxWarning: invalid escape sequence '\s'
<unknown>:183: SyntaxWarning: invalid escape sequence '\s'
<unknown>:222: SyntaxWarning: invalid escape sequence '\s'
<unknown>:112: SyntaxWarning: invalid escape sequence '\m'
<unknown>:33: SyntaxWarning: invalid escape sequence '\{'
<unknown>:40: SyntaxWarning: invalid escape sequence '\{'
<unknown>:96: SyntaxWarning: invalid escape sequence '\{'
<unknown>:5: SyntaxWarning: invalid escape sequence '\*'
<unknown>:301: SyntaxWarning: invalid escape sequence '\*'
<unknown>:339: SyntaxWarning: invalid escape sequence '\*'
<unknown>:364: SyntaxWarning: invalid escape sequence '\*'
<unknown>:383: SyntaxWarning: invalid escape sequence '\*'
<unknown>:399: SyntaxWarning: invalid escape sequence '\*'
<unknown>:415: SyntaxWarning: invalid escape sequence '\*'
<unknown>:436: SyntaxWarning: invalid escape sequence '\*'
<unknown>:507: SyntaxWarning: invalid escape sequence '\*'
<unknown>:534: SyntaxWarning: invalid escape sequence '\*'
<unknown>:561: SyntaxWarning: invalid escape sequence '\*'
<unknown>:665: SyntaxWarning: invalid escape sequence '\*'
<unknown>:721: SyntaxWarning: invalid escape sequence '\*'
<unknown>:764: SyntaxWarning: invalid escape sequence '\*'
<unknown>:902: SyntaxWarning: invalid escape sequence '\*'
<unknown>:919: SyntaxWarning: invalid escape sequence '\*'
<unknown>:962: SyntaxWarning: invalid escape sequence '\*'
<unknown>:1012: SyntaxWarning: invalid escape sequence '\*'
<unknown>:1026: SyntaxWarning: invalid escape sequence '\*'
<unknown>:1056: SyntaxWarning: invalid escape sequence '\*'
<unknown>:1078: SyntaxWarning: invalid escape sequence '\*'
<unknown>:1095: SyntaxWarning: invalid escape sequence '\*'
<unknown>:1138: SyntaxWarning: invalid escape sequence '\*'
<unknown>:1198: SyntaxWarning: invalid escape sequence '\*'
<unknown>:1228: SyntaxWarning: invalid escape sequence '\*'
<unknown>:1248: SyntaxWarning: invalid escape sequence '\*'
<unknown>:1264: SyntaxWarning: invalid escape sequence '\*'
<unknown>:1280: SyntaxWarning: invalid escape sequence '\*'
<unknown>:1330: SyntaxWarning: invalid escape sequence '\*'
<unknown>:1344: SyntaxWarning: invalid escape sequence '\*'
<unknown>:1358: SyntaxWarning: invalid escape sequence '\*'
<unknown>:1372: SyntaxWarning: invalid escape sequence '\*'
<unknown>:1388: SyntaxWarning: invalid escape sequence '\*'
<unknown>:1410: SyntaxWarning: invalid escape sequence '\*'
<unknown>:1432: SyntaxWarning: invalid escape sequence '\*'
<unknown>:1448: SyntaxWarning: invalid escape sequence '\*'
<unknown>:1492: SyntaxWarning: invalid escape sequence '\*'
<unknown>:1506: SyntaxWarning: invalid escape sequence '\*'
<unknown>:1522: SyntaxWarning: invalid escape sequence '\*'
<unknown>:1540: SyntaxWarning: invalid escape sequence '\*'
<unknown>:1629: SyntaxWarning: invalid escape sequence '\*'
<unknown>:1667: SyntaxWarning: invalid escape sequence '\*'
<unknown>:1689: SyntaxWarning: invalid escape sequence '\*'
<unknown>:1736: SyntaxWarning: invalid escape sequence '\*'
<unknown>:1752: SyntaxWarning: invalid escape sequence '\*'
<unknown>:1793: SyntaxWarning: invalid escape sequence '\*'
<unknown>:1807: SyntaxWarning: invalid escape sequence '\*'
<unknown>:1823: SyntaxWarning: invalid escape sequence '\*'
<unknown>:1851: SyntaxWarning: invalid escape sequence '\*'
<unknown>:1871: SyntaxWarning: invalid escape sequence '\*'
<unknown>:1906: SyntaxWarning: invalid escape sequence '\*'
<unknown>:1925: SyntaxWarning: invalid escape sequence '\*'
<unknown>:1970: SyntaxWarning: invalid escape sequence '\*'
<unknown>:1982: SyntaxWarning: invalid escape sequence '\*'
<unknown>:1997: SyntaxWarning: invalid escape sequence '\*'
<unknown>:2007: SyntaxWarning: invalid escape sequence '\*'
<unknown>:2029: SyntaxWarning: invalid escape sequence '\*'
<unknown>:2068: SyntaxWarning: invalid escape sequence '\*'
<unknown>:2128: SyntaxWarning: invalid escape sequence '\*'
<unknown>:2142: SyntaxWarning: invalid escape sequence '\*'
<unknown>:2166: SyntaxWarning: invalid escape sequence '\*'
<unknown>:2185: SyntaxWarning: invalid escape sequence '\*'
<unknown>:2221: SyntaxWarning: invalid escape sequence '\*'
<unknown>:2484: SyntaxWarning: invalid escape sequence '\*'
<unknown>:2528: SyntaxWarning: invalid escape sequence '\*'
<unknown>:2606: SyntaxWarning: invalid escape sequence '\*'
<unknown>:2643: SyntaxWarning: invalid escape sequence '\*'
<unknown>:2701: SyntaxWarning: invalid escape sequence '\*'
<unknown>:2723: SyntaxWarning: invalid escape sequence '\*'
<unknown>:2743: SyntaxWarning: invalid escape sequence '\*'
<unknown>:2772: SyntaxWarning: invalid escape sequence '\*'
<unknown>:2794: SyntaxWarning: invalid escape sequence '\*'
<unknown>:2816: SyntaxWarning: invalid escape sequence '\*'
<unknown>:2899: SyntaxWarning: invalid escape sequence '\*'
<unknown>:2921: SyntaxWarning: invalid escape sequence '\*'
<unknown>:2941: SyntaxWarning: invalid escape sequence '\*'
<unknown>:2961: SyntaxWarning: invalid escape sequence '\*'
<unknown>:2999: SyntaxWarning: invalid escape sequence '\*'
<unknown>:3019: SyntaxWarning: invalid escape sequence '\*'
<unknown>:3072: SyntaxWarning: invalid escape sequence '\*'
<unknown>:3091: SyntaxWarning: invalid escape sequence '\*'
<unknown>:3145: SyntaxWarning: invalid escape sequence '\*'
<unknown>:3169: SyntaxWarning: invalid escape sequence '\*'
<unknown>:3189: SyntaxWarning: invalid escape sequence '\*'
<unknown>:3210: SyntaxWarning: invalid escape sequence '\*'
<unknown>:3279: SyntaxWarning: invalid escape sequence '\*'
<unknown>:3318: SyntaxWarning: invalid escape sequence '\*'
<unknown>:3335: SyntaxWarning: invalid escape sequence '\*'
<unknown>:3403: SyntaxWarning: invalid escape sequence '\*'
<unknown>:3444: SyntaxWarning: invalid escape sequence '\*'
<unknown>:3478: SyntaxWarning: invalid escape sequence '\*'
<unknown>:3499: SyntaxWarning: invalid escape sequence '\*'
<unknown>:3522: SyntaxWarning: invalid escape sequence '\*'
<unknown>:3541: SyntaxWarning: invalid escape sequence '\*'
<unknown>:3562: SyntaxWarning: invalid escape sequence '\*'
<unknown>:3585: SyntaxWarning: invalid escape sequence '\*'
<unknown>:3614: SyntaxWarning: invalid escape sequence '\*'
<unknown>:3643: SyntaxWarning: invalid escape sequence '\*'
<unknown>:3676: SyntaxWarning: invalid escape sequence '\*'
<unknown>:3696: SyntaxWarning: invalid escape sequence '\*'
<unknown>:3722: SyntaxWarning: invalid escape sequence '\*'
<unknown>:3771: SyntaxWarning: invalid escape sequence '\*'
<unknown>:3791: SyntaxWarning: invalid escape sequence '\*'
<unknown>:3829: SyntaxWarning: invalid escape sequence '\*'
<unknown>:3849: SyntaxWarning: invalid escape sequence '\*'
<unknown>:3891: SyntaxWarning: invalid escape sequence '\*'
<unknown>:3908: SyntaxWarning: invalid escape sequence '\*'
<unknown>:3973: SyntaxWarning: invalid escape sequence '\*'
<unknown>:3990: SyntaxWarning: invalid escape sequence '\*'
<unknown>:4008: SyntaxWarning: invalid escape sequence '\*'
<unknown>:4022: SyntaxWarning: invalid escape sequence '\*'
<unknown>:4036: SyntaxWarning: invalid escape sequence '\*'
<unknown>:4054: SyntaxWarning: invalid escape sequence '\*'
<unknown>:4070: SyntaxWarning: invalid escape sequence '\*'
<unknown>:4090: SyntaxWarning: invalid escape sequence '\*'
<unknown>:280: SyntaxWarning: invalid escape sequence '\('
<unknown>:299: SyntaxWarning: invalid escape sequence '\('
<unknown>:713: SyntaxWarning: invalid escape sequence '\('
<unknown>:726: SyntaxWarning: invalid escape sequence '\('
<unknown>:32: SyntaxWarning: invalid escape sequence '\s'
<unknown>:14: SyntaxWarning: invalid escape sequence '\d'
<unknown>:6: SyntaxWarning: invalid escape sequence '\A'
<unknown>:7: SyntaxWarning: invalid escape sequence '\A'
<unknown>:34: SyntaxWarning: invalid escape sequence '\s'
<unknown>:40: SyntaxWarning: invalid escape sequence '\s'
<unknown>:4: SyntaxWarning: invalid escape sequence '\d'
<unknown>:114: SyntaxWarning: invalid escape sequence '\s'
<unknown>:115: SyntaxWarning: invalid escape sequence '\s'
<unknown>:116: SyntaxWarning: invalid escape sequence '\s'
<unknown>:117: SyntaxWarning: invalid escape sequence '\s'
<unknown>:433: SyntaxWarning: invalid escape sequence '\S'
<unknown>:433: SyntaxWarning: invalid escape sequence '\g'
<unknown>:434: SyntaxWarning: invalid escape sequence '\s'
<unknown>:434: SyntaxWarning: invalid escape sequence '\g'
<unknown>:435: SyntaxWarning: invalid escape sequence '\S'
<unknown>:435: SyntaxWarning: invalid escape sequence '\g'
<unknown>:436: SyntaxWarning: invalid escape sequence '\s'
<unknown>:437: SyntaxWarning: invalid escape sequence '\.'
<unknown>:440: SyntaxWarning: invalid escape sequence '\s'
<unknown>:441: SyntaxWarning: invalid escape sequence '\s'
<unknown>:442: SyntaxWarning: invalid escape sequence '\s'
<unknown>:454: SyntaxWarning: invalid escape sequence '\s'
<unknown>:455: SyntaxWarning: invalid escape sequence '\s'
<unknown>:458: SyntaxWarning: invalid escape sequence '\s'
<unknown>:459: SyntaxWarning: invalid escape sequence '\s'
<unknown>:460: SyntaxWarning: invalid escape sequence '\s'
<unknown>:468: SyntaxWarning: invalid escape sequence '\-'
<unknown>:469: SyntaxWarning: invalid escape sequence '\-'
<unknown>:470: SyntaxWarning: invalid escape sequence '\s'
<unknown>:473: SyntaxWarning: invalid escape sequence '\~'
<unknown>:481: SyntaxWarning: invalid escape sequence '\s'
<unknown>:482: SyntaxWarning: invalid escape sequence '\s'
<unknown>:483: SyntaxWarning: invalid escape sequence '\s'
<unknown>:484: SyntaxWarning: invalid escape sequence '\`'
<unknown>:487: SyntaxWarning: invalid escape sequence '\:'
<unknown>:488: SyntaxWarning: invalid escape sequence '\:'
<unknown>:491: SyntaxWarning: invalid escape sequence '\;'
<unknown>:492: SyntaxWarning: invalid escape sequence '\;'
<unknown>:495: SyntaxWarning: invalid escape sequence '\_'
<unknown>:496: SyntaxWarning: invalid escape sequence '\_'
<unknown>:498: SyntaxWarning: invalid escape sequence '\_'
<unknown>:501: SyntaxWarning: invalid escape sequence '\,'
<unknown>:501: SyntaxWarning: invalid escape sequence '\g'
<unknown>:502: SyntaxWarning: invalid escape sequence '\,'
<unknown>:503: SyntaxWarning: invalid escape sequence '\,'
<unknown>:504: SyntaxWarning: invalid escape sequence '\,'
<unknown>:507: SyntaxWarning: invalid escape sequence '\s'
<unknown>:508: SyntaxWarning: invalid escape sequence '\*'
<unknown>:509: SyntaxWarning: invalid escape sequence '\*'
<unknown>:510: SyntaxWarning: invalid escape sequence '\s'
<unknown>:511: SyntaxWarning: invalid escape sequence '\*'
<unknown>:512: SyntaxWarning: invalid escape sequence '\*'
<unknown>:515: SyntaxWarning: invalid escape sequence '\?'
<unknown>:516: SyntaxWarning: invalid escape sequence '\!'
<unknown>:517: SyntaxWarning: invalid escape sequence '\.'
<unknown>:520: SyntaxWarning: invalid escape sequence '\s'
<unknown>:521: SyntaxWarning: invalid escape sequence '\/'
<unknown>:527: SyntaxWarning: invalid escape sequence '\|'
<unknown>:533: SyntaxWarning: invalid escape sequence '\('
<unknown>:533: SyntaxWarning: invalid escape sequence '\g'
<unknown>:534: SyntaxWarning: invalid escape sequence '\#'
<unknown>:534: SyntaxWarning: invalid escape sequence '\g'
<unknown>:537: SyntaxWarning: invalid escape sequence '\s'
<unknown>:538: SyntaxWarning: invalid escape sequence '\s'
<unknown>:539: SyntaxWarning: invalid escape sequence '\s'
<unknown>:128: SyntaxWarning: invalid escape sequence '\w'
<unknown>:61: SyntaxWarning: invalid escape sequence '\c'
<unknown>:26: SyntaxWarning: invalid escape sequence '\,'
<unknown>:5: SyntaxWarning: invalid escape sequence '\('
<unknown>:67: SyntaxWarning: invalid escape sequence '\/'
<unknown>:70: SyntaxWarning: invalid escape sequence '\W'
<unknown>:98: SyntaxWarning: invalid escape sequence '\s'
<unknown>:13: SyntaxWarning: invalid escape sequence '\s'
<unknown>:272: SyntaxWarning: invalid escape sequence '\%'
<unknown>:276: SyntaxWarning: invalid escape sequence '\%'
<unknown>:40: SyntaxWarning: invalid escape sequence '\.'
<unknown>:93: SyntaxWarning: invalid escape sequence '\D'
<unknown>:245: SyntaxWarning: invalid escape sequence '\e'
<unknown>:439: SyntaxWarning: invalid escape sequence '\s'
<unknown>:460: SyntaxWarning: invalid escape sequence '\s'
<unknown>:24: SyntaxWarning: invalid escape sequence '\;'
<unknown>:26: SyntaxWarning: invalid escape sequence '\;'
<unknown>:28: SyntaxWarning: invalid escape sequence '\;'
<unknown>:30: SyntaxWarning: invalid escape sequence '\;'
<unknown>:32: SyntaxWarning: invalid escape sequence '\;'
<unknown>:34: SyntaxWarning: invalid escape sequence '\;'
<unknown>:36: SyntaxWarning: invalid escape sequence '\;'
<unknown>:38: SyntaxWarning: invalid escape sequence '\;'
<unknown>:40: SyntaxWarning: invalid escape sequence '\;'
<unknown>:42: SyntaxWarning: invalid escape sequence '\;'
<unknown>:44: SyntaxWarning: invalid escape sequence '\;'
<unknown>:46: SyntaxWarning: invalid escape sequence '\;'
<unknown>:9: SyntaxWarning: invalid escape sequence '\p'
<unknown>:368: SyntaxWarning: invalid escape sequence '\p'
<unknown>:5: SyntaxWarning: invalid escape sequence '\]'
<unknown>:16: SyntaxWarning: invalid escape sequence '\d'
<unknown>:33: SyntaxWarning: invalid escape sequence '\['
<unknown>:34: SyntaxWarning: invalid escape sequence '\d'
<unknown>:35: SyntaxWarning: invalid escape sequence '\s'
<unknown>:400: SyntaxWarning: invalid escape sequence '\e'
<unknown>:401: SyntaxWarning: invalid escape sequence '\e'
<unknown>:402: SyntaxWarning: invalid escape sequence '\e'
<unknown>:403: SyntaxWarning: invalid escape sequence '\e'
<unknown>:404: SyntaxWarning: invalid escape sequence '\e'
<unknown>:405: SyntaxWarning: invalid escape sequence '\e'
<unknown>:415: SyntaxWarning: invalid escape sequence '\e'
<unknown>:416: SyntaxWarning: invalid escape sequence '\e'
<unknown>:417: SyntaxWarning: invalid escape sequence '\e'
<unknown>:418: SyntaxWarning: invalid escape sequence '\e'
<unknown>:419: SyntaxWarning: invalid escape sequence '\e'
<unknown>:420: SyntaxWarning: invalid escape sequence '\e'
<unknown>:430: SyntaxWarning: invalid escape sequence '\e'
<unknown>:431: SyntaxWarning: invalid escape sequence '\e'
<unknown>:432: SyntaxWarning: invalid escape sequence '\e'
<unknown>:433: SyntaxWarning: invalid escape sequence '\e'
<unknown>:434: SyntaxWarning: invalid escape sequence '\e'
<unknown>:435: SyntaxWarning: invalid escape sequence '\e'
<unknown>:447: SyntaxWarning: invalid escape sequence '\e'
<unknown>:448: SyntaxWarning: invalid escape sequence '\g'
<unknown>:449: SyntaxWarning: invalid escape sequence '\e'
<unknown>:453: SyntaxWarning: invalid escape sequence '\e'
<unknown>:454: SyntaxWarning: invalid escape sequence '\m'
<unknown>:6: SyntaxWarning: invalid escape sequence '\e'
<unknown>:70: SyntaxWarning: invalid escape sequence '\A'
<unknown>:98: SyntaxWarning: invalid escape sequence '\O'
<unknown>:113: SyntaxWarning: invalid escape sequence '\A'
<unknown>:122: SyntaxWarning: invalid escape sequence '\S'
<unknown>:232: SyntaxWarning: invalid escape sequence '\p'
<unknown>:74: SyntaxWarning: invalid escape sequence '\o'
<unknown>:13: SyntaxWarning: invalid escape sequence '\|'
<unknown>:8: SyntaxWarning: invalid escape sequence '\s'
<unknown>:9: SyntaxWarning: invalid escape sequence '\s'
<unknown>:45: SyntaxWarning: invalid escape sequence '\d'
<unknown>:45: SyntaxWarning: invalid escape sequence '\:'
<unknown>:32: SyntaxWarning: invalid escape sequence '\*'
<unknown>:403: SyntaxWarning: invalid escape sequence '\/'
<unknown>:404: SyntaxWarning: invalid escape sequence '\/'
<unknown>:41: SyntaxWarning: invalid escape sequence '\s'
<unknown>:88: SyntaxWarning: invalid escape sequence '\i'
<unknown>:31: SyntaxWarning: invalid escape sequence '\d'
<unknown>:71: SyntaxWarning: invalid escape sequence '\d'
<unknown>:5: SyntaxWarning: invalid escape sequence '\D'
<unknown>:45: SyntaxWarning: invalid escape sequence '\s'
<unknown>:16: SyntaxWarning: invalid escape sequence '\d'
<unknown>:96: SyntaxWarning: invalid escape sequence '\w'
<unknown>:14: SyntaxWarning: invalid escape sequence '\-'
<unknown>:24: SyntaxWarning: invalid escape sequence '\-'
<unknown>:452: SyntaxWarning: invalid escape sequence '\d'
<unknown>:35: SyntaxWarning: invalid escape sequence '\ '
<unknown>:11: SyntaxWarning: invalid escape sequence '\d'
<unknown>:30: SyntaxWarning: invalid escape sequence '\c'
<unknown>:229: SyntaxWarning: invalid escape sequence '\p'
<unknown>:233: SyntaxWarning: invalid escape sequence '\,'
<unknown>:234: SyntaxWarning: invalid escape sequence '\p'
<unknown>:42: SyntaxWarning: invalid escape sequence '\P'
<unknown>:13: SyntaxWarning: invalid escape sequence '\s'
<unknown>:119: SyntaxWarning: invalid escape sequence '\P'
<unknown>:319: SyntaxWarning: invalid escape sequence '\s'
<unknown>:9: SyntaxWarning: invalid escape sequence '\.'
<unknown>:19: SyntaxWarning: invalid escape sequence '\w'
<unknown>:106: SyntaxWarning: invalid escape sequence '\_'
<unknown>:50: SyntaxWarning: invalid escape sequence '\('
<unknown>:23: SyntaxWarning: invalid escape sequence '\]'
<unknown>:81: SyntaxWarning: invalid escape sequence '\s'
<unknown>:49: SyntaxWarning: invalid escape sequence '\.'
<unknown>:78: SyntaxWarning: invalid escape sequence '\ '
<unknown>:87: SyntaxWarning: invalid escape sequence '\ '
<unknown>:198: SyntaxWarning: invalid escape sequence '\c'
<unknown>:26: SyntaxWarning: invalid escape sequence '\.'
<unknown>:316: SyntaxWarning: invalid escape sequence '\_'
<unknown>:368: SyntaxWarning: invalid escape sequence '\_'
<unknown>:9: SyntaxWarning: invalid escape sequence '\.'
<unknown>:156: SyntaxWarning: invalid escape sequence '\/'
<unknown>:138: SyntaxWarning: invalid escape sequence '\_'
<unknown>:15: SyntaxWarning: invalid escape sequence '\s'
<unknown>:27: SyntaxWarning: invalid escape sequence '\['
<unknown>:16: SyntaxWarning: invalid escape sequence '\_'
<unknown>:176: SyntaxWarning: invalid escape sequence '\m'
<unknown>:17: SyntaxWarning: invalid escape sequence '\s'
<unknown>:20: SyntaxWarning: invalid escape sequence '\s'
<unknown>:355: SyntaxWarning: invalid escape sequence '\^'
<unknown>:21: SyntaxWarning: invalid escape sequence '\ '
<unknown>:10: SyntaxWarning: invalid escape sequence '\('
<unknown>:32: SyntaxWarning: invalid escape sequence '\('
<unknown>:37: SyntaxWarning: invalid escape sequence '\('
<unknown>:118: SyntaxWarning: invalid escape sequence '\e'
<unknown>:144: SyntaxWarning: invalid escape sequence '\e'
<unknown>:280: SyntaxWarning: invalid escape sequence '\m'
<unknown>:300: SyntaxWarning: invalid escape sequence '\m'
<unknown>:318: SyntaxWarning: invalid escape sequence '\e'
<unknown>:371: SyntaxWarning: invalid escape sequence '\e'
<unknown>:75: SyntaxWarning: invalid escape sequence '\d'
<unknown>:9: SyntaxWarning: invalid escape sequence '\.'
<unknown>:119: SyntaxWarning: invalid escape sequence '\m'
<unknown>:280: SyntaxWarning: invalid escape sequence '\g'
<unknown>:281: SyntaxWarning: invalid escape sequence '\g'
<unknown>:74: SyntaxWarning: invalid escape sequence '\s'
<unknown>:23: SyntaxWarning: invalid escape sequence '\d'
<unknown>:21: SyntaxWarning: invalid escape sequence '\ '
<unknown>:74: SyntaxWarning: invalid escape sequence '\s'
<unknown>:20: SyntaxWarning: invalid escape sequence '\.'
<unknown>:24: SyntaxWarning: invalid escape sequence '\i'
<unknown>:10: SyntaxWarning: invalid escape sequence '\^'
<unknown>:11: SyntaxWarning: invalid escape sequence '\s'
<unknown>:24: SyntaxWarning: invalid escape sequence '\s'
<unknown>:63: SyntaxWarning: invalid escape sequence '\s'
<unknown>:181: SyntaxWarning: invalid escape sequence '\w'
<unknown>:84: SyntaxWarning: invalid escape sequence '\ '
<unknown>:87: SyntaxWarning: invalid escape sequence '\ '
<unknown>:116: SyntaxWarning: invalid escape sequence '\ '
<unknown>:119: SyntaxWarning: invalid escape sequence '\ '
<unknown>:41: SyntaxWarning: invalid escape sequence '\ '
<unknown>:1067: SyntaxWarning: invalid escape sequence '\*'
<unknown>:14: SyntaxWarning: invalid escape sequence '\p'
<unknown>:68: SyntaxWarning: invalid escape sequence '\-'
<unknown>:127: SyntaxWarning: invalid escape sequence '\*'
<unknown>:200: SyntaxWarning: invalid escape sequence '\*'
<unknown>:103: SyntaxWarning: invalid escape sequence '\['
<unknown>:30: SyntaxWarning: invalid escape sequence '\*'
<unknown>:32: SyntaxWarning: invalid escape sequence '\*'
<unknown>:45: SyntaxWarning: invalid escape sequence '\s'
<unknown>:47: SyntaxWarning: invalid escape sequence '\s'
<unknown>:49: SyntaxWarning: invalid escape sequence '\s'
<unknown>:51: SyntaxWarning: invalid escape sequence '\s'
<unknown>:55: SyntaxWarning: invalid escape sequence '\]'
<unknown>:101: SyntaxWarning: invalid escape sequence '\.'
<unknown>:109: SyntaxWarning: invalid escape sequence '\.'
<unknown>:115: SyntaxWarning: invalid escape sequence '\.'
<unknown>:243: SyntaxWarning: invalid escape sequence '\['
<unknown>:246: SyntaxWarning: invalid escape sequence '\['
<unknown>:261: SyntaxWarning: invalid escape sequence '\['
<unknown>:264: SyntaxWarning: invalid escape sequence '\['
<unknown>:408: SyntaxWarning: invalid escape sequence '\['
<unknown>:806: SyntaxWarning: invalid escape sequence '\.'
<unknown>:820: SyntaxWarning: invalid escape sequence '\w'
<unknown>:818: SyntaxWarning: invalid escape sequence '\%'
<unknown>:8: SyntaxWarning: invalid escape sequence '\s'
<unknown>:12: SyntaxWarning: invalid escape sequence '\s'
<unknown>:18: SyntaxWarning: invalid escape sequence '\s'
<unknown>:9: SyntaxWarning: invalid escape sequence '\A'
<unknown>:10: SyntaxWarning: invalid escape sequence '\A'
<unknown>:36: SyntaxWarning: invalid escape sequence '\s'
<unknown>:70: SyntaxWarning: invalid escape sequence '\_'
<unknown>:71: SyntaxWarning: invalid escape sequence '\.'
<unknown>:778: SyntaxWarning: invalid escape sequence '\ '
<unknown>:18: SyntaxWarning: invalid escape sequence '\s'
<unknown>:7: SyntaxWarning: invalid escape sequence '\('
<unknown>:7: SyntaxWarning: invalid escape sequence '\)'
<unknown>:7: SyntaxWarning: invalid escape sequence '\('
<unknown>:31: SyntaxWarning: invalid escape sequence '\P'
<unknown>:9: SyntaxWarning: invalid escape sequence '\s'
<unknown>:9: SyntaxWarning: invalid escape sequence '\.'
<unknown>:9: SyntaxWarning: invalid escape sequence '\s'
<unknown>:15: SyntaxWarning: invalid escape sequence '\i'
<unknown>:53: SyntaxWarning: invalid escape sequence '\c'
<unknown>:60: SyntaxWarning: invalid escape sequence '\c'
<unknown>:98: SyntaxWarning: invalid escape sequence '\W'
<unknown>:49: SyntaxWarning: invalid escape sequence '\w'
<unknown>:15: SyntaxWarning: invalid escape sequence '\d'
<unknown>:100: SyntaxWarning: invalid escape sequence '\*'
<unknown>:12: SyntaxWarning: invalid escape sequence '\('
<unknown>:20: SyntaxWarning: invalid escape sequence '\.'
<unknown>:4: SyntaxWarning: invalid escape sequence '\.'
<unknown>:6: SyntaxWarning: invalid escape sequence '\.'
<unknown>:13: SyntaxWarning: invalid escape sequence '\ '
<unknown>:18: SyntaxWarning: invalid escape sequence '\w'
<unknown>:20: SyntaxWarning: invalid escape sequence '\p'
<unknown>:138: SyntaxWarning: invalid escape sequence '\s'
<unknown>:23: SyntaxWarning: invalid escape sequence '\['
<unknown>:24: SyntaxWarning: invalid escape sequence '\['
<unknown>:25: SyntaxWarning: invalid escape sequence '\.'
<unknown>:28: SyntaxWarning: invalid escape sequence '\w'
<unknown>:116: SyntaxWarning: invalid escape sequence '\*'
<unknown>:5: SyntaxWarning: invalid escape sequence '\s'
<unknown>:6: SyntaxWarning: invalid escape sequence '\s'
<unknown>:67: SyntaxWarning: invalid escape sequence '\*'
<unknown>:51: SyntaxWarning: invalid escape sequence '\m'
<unknown>:39: SyntaxWarning: invalid escape sequence '\d'
<unknown>:19: SyntaxWarning: invalid escape sequence '\]'
<unknown>:120: SyntaxWarning: invalid escape sequence '\p'
<unknown>:12: SyntaxWarning: invalid escape sequence '\c'
<unknown>:50: SyntaxWarning: invalid escape sequence '\m'
<unknown>:123: SyntaxWarning: invalid escape sequence '\m'
<unknown>:146: SyntaxWarning: invalid escape sequence '\m'
<unknown>:147: SyntaxWarning: invalid escape sequence '\%'
<unknown>:169: SyntaxWarning: invalid escape sequence '\m'
<unknown>:20: SyntaxWarning: invalid escape sequence '\|'
<unknown>:59: SyntaxWarning: invalid escape sequence '\('
<unknown>:108: SyntaxWarning: invalid escape sequence '\('
<unknown>:215: SyntaxWarning: invalid escape sequence '\l'
<unknown>:23: SyntaxWarning: invalid escape sequence '\s'
<unknown>:11: SyntaxWarning: invalid escape sequence '\e'
<unknown>:61: SyntaxWarning: invalid escape sequence '\d'
<unknown>:15: SyntaxWarning: invalid escape sequence '\m'
<unknown>:65: SyntaxWarning: invalid escape sequence '\m'
<unknown>:181: SyntaxWarning: invalid escape sequence '\d'
<unknown>:5: SyntaxWarning: invalid escape sequence '\<'
<unknown>:41: SyntaxWarning: invalid escape sequence '\W'
<unknown>:29: SyntaxWarning: invalid escape sequence '\_'
<unknown>:70: SyntaxWarning: invalid escape sequence '\-'
<unknown>:54: SyntaxWarning: invalid escape sequence '\i'
<unknown>:95: SyntaxWarning: invalid escape sequence '\d'
<unknown>:18: SyntaxWarning: invalid escape sequence '\['
<unknown>:23: SyntaxWarning: invalid escape sequence '\d'
<unknown>:12: SyntaxWarning: invalid escape sequence '\ '
<unknown>:9: SyntaxWarning: invalid escape sequence '\o'
<unknown>:438: SyntaxWarning: invalid escape sequence '\m'
<unknown>:54: SyntaxWarning: invalid escape sequence '\.'
<unknown>:56: SyntaxWarning: invalid escape sequence '\ '
<unknown>:119: SyntaxWarning: invalid escape sequence '\.'
<unknown>:153: SyntaxWarning: invalid escape sequence '\.'
<unknown>:94: SyntaxWarning: invalid escape sequence '\s'
<unknown>:95: SyntaxWarning: invalid escape sequence '\s'
<unknown>:6: SyntaxWarning: invalid escape sequence '\R'
<unknown>:8: SyntaxWarning: invalid escape sequence '\A'
<unknown>:144: SyntaxWarning: invalid escape sequence '\d'
<unknown>:22: SyntaxWarning: invalid escape sequence '\.'
<unknown>:61: SyntaxWarning: invalid escape sequence '\S'
<unknown>:25: SyntaxWarning: invalid escape sequence '\!'
<unknown>:13: SyntaxWarning: invalid escape sequence '\ '
<unknown>:28: SyntaxWarning: invalid escape sequence '\s'
<unknown>:33: SyntaxWarning: invalid escape sequence '\s'
<unknown>:38: SyntaxWarning: invalid escape sequence '\s'
<unknown>:53: SyntaxWarning: invalid escape sequence '\s'
<unknown>:58: SyntaxWarning: invalid escape sequence '\s'
<unknown>:71: SyntaxWarning: invalid escape sequence '\s'
<unknown>:76: SyntaxWarning: invalid escape sequence '\s'
<unknown>:93: SyntaxWarning: invalid escape sequence '\c'
<unknown>:125: SyntaxWarning: invalid escape sequence '\h'
<unknown>:109: SyntaxWarning: invalid escape sequence '\.'
<unknown>:71: SyntaxWarning: invalid escape sequence '\%'
<unknown>:68: SyntaxWarning: invalid escape sequence '\d'
<unknown>:107: SyntaxWarning: invalid escape sequence '\s'
<unknown>:113: SyntaxWarning: invalid escape sequence '\s'
<unknown>:160: SyntaxWarning: invalid escape sequence '\.'
<unknown>:191: SyntaxWarning: invalid escape sequence '\.'
<unknown>:227: SyntaxWarning: invalid escape sequence '\_'
<unknown>:230: SyntaxWarning: invalid escape sequence '\_'
<unknown>:235: SyntaxWarning: invalid escape sequence '\w'
<unknown>:24: SyntaxWarning: invalid escape sequence '\ '
<unknown>:14: SyntaxWarning: invalid escape sequence '\-'
<unknown>:81: SyntaxWarning: invalid escape sequence '\p'
<unknown>:31: SyntaxWarning: invalid escape sequence '\|'
<unknown>:59: SyntaxWarning: invalid escape sequence '\w'
<unknown>:111: SyntaxWarning: invalid escape sequence '\S'
<unknown>:710: SyntaxWarning: invalid escape sequence '\ '
<unknown>:711: SyntaxWarning: invalid escape sequence '\ '
<unknown>:712: SyntaxWarning: invalid escape sequence '\_'
<unknown>:713: SyntaxWarning: invalid escape sequence '\/'
<unknown>:55: SyntaxWarning: invalid escape sequence '\w'
<unknown>:967: SyntaxWarning: invalid escape sequence '\P'
<unknown>:218: SyntaxWarning: invalid escape sequence '\.'
<unknown>:107: SyntaxWarning: invalid escape sequence '\O'
<unknown>:108: SyntaxWarning: invalid escape sequence '\o'
<unknown>:71: SyntaxWarning: invalid escape sequence '\p'
<unknown>:74: SyntaxWarning: invalid escape sequence '\%'
<unknown>:74: SyntaxWarning: invalid escape sequence '\_'
<unknown>:6: SyntaxWarning: invalid escape sequence '\s'
<unknown>:65: SyntaxWarning: invalid escape sequence '\{'
<unknown>:87: SyntaxWarning: invalid escape sequence '\ '
<unknown>:89: SyntaxWarning: invalid escape sequence '\-'
<unknown>:91: SyntaxWarning: invalid escape sequence '\|'
<unknown>:103: SyntaxWarning: invalid escape sequence '\ '
<unknown>:107: SyntaxWarning: invalid escape sequence '\_'
<unknown>:180: SyntaxWarning: invalid escape sequence '\ '
<unknown>:182: SyntaxWarning: invalid escape sequence '\-'
<unknown>:184: SyntaxWarning: invalid escape sequence '\|'
<unknown>:241: SyntaxWarning: invalid escape sequence '\ '
<unknown>:245: SyntaxWarning: invalid escape sequence '\_'
<unknown>:60: SyntaxWarning: invalid escape sequence '\d'
<unknown>:107: SyntaxWarning: invalid escape sequence '\d'
<unknown>:173: SyntaxWarning: invalid escape sequence '\d'
<unknown>:11: SyntaxWarning: invalid escape sequence '\D'
<unknown>:75: SyntaxWarning: invalid escape sequence '\='
<unknown>:52: SyntaxWarning: invalid escape sequence '\.'
<unknown>:37: SyntaxWarning: invalid escape sequence '\('
<unknown>:38: SyntaxWarning: invalid escape sequence '\$'
<unknown>:9: SyntaxWarning: invalid escape sequence '\s'
<unknown>:23: SyntaxWarning: invalid escape sequence '\/'
<unknown>:13: SyntaxWarning: invalid escape sequence '\S'
<unknown>:52: SyntaxWarning: invalid escape sequence '\s'
<unknown>:67: SyntaxWarning: invalid escape sequence '\s'
<unknown>:18: SyntaxWarning: invalid escape sequence '\['
<unknown>:20: SyntaxWarning: invalid escape sequence '\s'
<unknown>:20: SyntaxWarning: invalid escape sequence '\('
<unknown>:12: SyntaxWarning: invalid escape sequence '\ '
<unknown>:13: SyntaxWarning: invalid escape sequence '\ '
<unknown>:60: SyntaxWarning: invalid escape sequence '\d'
<unknown>:23: SyntaxWarning: invalid escape sequence '\.'
<unknown>:45: SyntaxWarning: invalid escape sequence '\.'
<unknown>:17: SyntaxWarning: invalid escape sequence '\w'
<unknown>:18: SyntaxWarning: invalid escape sequence '\.'
<unknown>:61: SyntaxWarning: invalid escape sequence '\-'
<unknown>:80: SyntaxWarning: invalid escape sequence '\-'
<unknown>:21: SyntaxWarning: invalid escape sequence '\d'
<unknown>:49: SyntaxWarning: invalid escape sequence '\d'
<unknown>:38: SyntaxWarning: invalid escape sequence '\['
<unknown>:327: SyntaxWarning: invalid escape sequence '\['
<unknown>:19: SyntaxWarning: invalid escape sequence '\ '
<unknown>:26: SyntaxWarning: invalid escape sequence '\s'
<unknown>:59: SyntaxWarning: invalid escape sequence '\.'
<unknown>:22: SyntaxWarning: invalid escape sequence '\w'
<unknown>:34: SyntaxWarning: invalid escape sequence '\d'
<unknown>:26: SyntaxWarning: invalid escape sequence '\l'
<unknown>:52: SyntaxWarning: invalid escape sequence '\m'
<unknown>:35: SyntaxWarning: invalid escape sequence '\s'
<unknown>:245: SyntaxWarning: invalid escape sequence '\,'
<unknown>:12: SyntaxWarning: invalid escape sequence '\d'
<unknown>:127: SyntaxWarning: invalid escape sequence '\A'
<unknown>:411: SyntaxWarning: invalid escape sequence '\s'
<unknown>:411: SyntaxWarning: invalid escape sequence '\s'
<unknown>:113: SyntaxWarning: invalid escape sequence '\o'
<unknown>:122: SyntaxWarning: invalid escape sequence '\o'
<unknown>:239: SyntaxWarning: invalid escape sequence '\d'
<unknown>:390: SyntaxWarning: invalid escape sequence '\d'
<unknown>:394: SyntaxWarning: invalid escape sequence '\d'
<unknown>:115: SyntaxWarning: invalid escape sequence '\*'
<unknown>:144: SyntaxWarning: invalid escape sequence '\*'
<unknown>:191: SyntaxWarning: invalid escape sequence '\*'
<unknown>:719: SyntaxWarning: invalid escape sequence '\s'
<unknown>:23: SyntaxWarning: invalid escape sequence '\('
<unknown>:15: SyntaxWarning: invalid escape sequence '\d'
<unknown>:31: SyntaxWarning: invalid escape sequence '\:'
<unknown>:32: SyntaxWarning: invalid escape sequence '\:'
<unknown>:33: SyntaxWarning: invalid escape sequence '\:'
<unknown>:35: SyntaxWarning: invalid escape sequence '\:'
<unknown>:36: SyntaxWarning: invalid escape sequence '\:'
<unknown>:37: SyntaxWarning: invalid escape sequence '\:'
<unknown>:70: SyntaxWarning: invalid escape sequence '\W'
<unknown>:100: SyntaxWarning: invalid escape sequence '\d'
<unknown>:143: SyntaxWarning: invalid escape sequence '\d'
<unknown>:4: SyntaxWarning: invalid escape sequence '\c'
<unknown>:31: SyntaxWarning: invalid escape sequence '\('
<unknown>:33: SyntaxWarning: invalid escape sequence '\('
<unknown>:44: SyntaxWarning: invalid escape sequence '\('
<unknown>:46: SyntaxWarning: invalid escape sequence '\('
<unknown>:10: SyntaxWarning: invalid escape sequence '\ '
<unknown>:30: SyntaxWarning: invalid escape sequence '\s'
<unknown>:31: SyntaxWarning: invalid escape sequence '\s'
<unknown>:47: SyntaxWarning: invalid escape sequence '\d'
<unknown>:174: SyntaxWarning: invalid escape sequence '\|'
<unknown>:4: SyntaxWarning: invalid escape sequence '\D'
<unknown>:10: SyntaxWarning: invalid escape sequence '\ '
<unknown>:55: SyntaxWarning: invalid escape sequence '\d'
<unknown>:65: SyntaxWarning: invalid escape sequence '\)'
<unknown>:67: SyntaxWarning: invalid escape sequence '\)'
<unknown>:44: SyntaxWarning: invalid escape sequence '\s'
<unknown>:4: SyntaxWarning: invalid escape sequence '\d'
<unknown>:6: SyntaxWarning: invalid escape sequence '\j'
<unknown>:11: SyntaxWarning: invalid escape sequence '\j'
<unknown>:18: SyntaxWarning: invalid escape sequence '\d'
<unknown>:318: SyntaxWarning: invalid escape sequence '\s'
<unknown>:26: SyntaxWarning: invalid escape sequence '\s'
<unknown>:581: SyntaxWarning: invalid escape sequence '\c'
<unknown>:29: SyntaxWarning: invalid escape sequence '\.'
<unknown>:76: SyntaxWarning: invalid escape sequence '\!'
<unknown>:61: SyntaxWarning: invalid escape sequence '\*'
<unknown>:14: SyntaxWarning: invalid escape sequence '\ '
<unknown>:185: SyntaxWarning: invalid escape sequence '\ '
<unknown>:164: SyntaxWarning: invalid escape sequence '\s'
<unknown>:399: SyntaxWarning: invalid escape sequence '\('
<unknown>:46: SyntaxWarning: invalid escape sequence '\+'
<unknown>:95: SyntaxWarning: invalid escape sequence '\d'
<unknown>:112: SyntaxWarning: invalid escape sequence '\d'
<unknown>:55: SyntaxWarning: invalid escape sequence '\['
<unknown>:57: SyntaxWarning: invalid escape sequence '\['
<unknown>:59: SyntaxWarning: invalid escape sequence '\['
<unknown>:106: SyntaxWarning: invalid escape sequence '\s'
<unknown>:107: SyntaxWarning: invalid escape sequence '\('
<unknown>:108: SyntaxWarning: invalid escape sequence '\s'
<unknown>:109: SyntaxWarning: invalid escape sequence '\s'
<unknown>:110: SyntaxWarning: invalid escape sequence '\s'
<unknown>:178: SyntaxWarning: invalid escape sequence '\s'
<unknown>:180: SyntaxWarning: invalid escape sequence '\s'
<unknown>:188: SyntaxWarning: invalid escape sequence '\s'
<unknown>:189: SyntaxWarning: invalid escape sequence '\('
<unknown>:190: SyntaxWarning: invalid escape sequence '\s'
<unknown>:197: SyntaxWarning: invalid escape sequence '\s'
<unknown>:198: SyntaxWarning: invalid escape sequence '\('
<unknown>:199: SyntaxWarning: invalid escape sequence '\s'
<unknown>:206: SyntaxWarning: invalid escape sequence '\s'
<unknown>:208: SyntaxWarning: invalid escape sequence '\s'
<unknown>:209: SyntaxWarning: invalid escape sequence '\s'
<unknown>:217: SyntaxWarning: invalid escape sequence '\s'
<unknown>:219: SyntaxWarning: invalid escape sequence '\s'
<unknown>:223: SyntaxWarning: invalid escape sequence '\['
<unknown>:224: SyntaxWarning: invalid escape sequence '\['
<unknown>:225: SyntaxWarning: invalid escape sequence '\s'
<unknown>:227: SyntaxWarning: invalid escape sequence '\s'
<unknown>:229: SyntaxWarning: invalid escape sequence '\s'
<unknown>:230: SyntaxWarning: invalid escape sequence '\s'
<unknown>:233: SyntaxWarning: invalid escape sequence '\s'
<unknown>:234: SyntaxWarning: invalid escape sequence '\s'
<unknown>:237: SyntaxWarning: invalid escape sequence '\['
<unknown>:238: SyntaxWarning: invalid escape sequence '\['
<unknown>:239: SyntaxWarning: invalid escape sequence '\s'
<unknown>:241: SyntaxWarning: invalid escape sequence '\s'
<unknown>:243: SyntaxWarning: invalid escape sequence '\s'
<unknown>:245: SyntaxWarning: invalid escape sequence '\s'
<unknown>:249: SyntaxWarning: invalid escape sequence '\s'
<unknown>:250: SyntaxWarning: invalid escape sequence '\s'
<unknown>:295: SyntaxWarning: invalid escape sequence '\s'
<unknown>:297: SyntaxWarning: invalid escape sequence '\s'
<unknown>:299: SyntaxWarning: invalid escape sequence '\s'
<unknown>:302: SyntaxWarning: invalid escape sequence '\['
<unknown>:303: SyntaxWarning: invalid escape sequence '\s'
<unknown>:304: SyntaxWarning: invalid escape sequence '\s'
<unknown>:309: SyntaxWarning: invalid escape sequence '\s'
<unknown>:310: SyntaxWarning: invalid escape sequence '\s'
<unknown>:410: SyntaxWarning: invalid escape sequence '\s'
<unknown>:411: SyntaxWarning: invalid escape sequence '\('
<unknown>:412: SyntaxWarning: invalid escape sequence '\s'
<unknown>:413: SyntaxWarning: invalid escape sequence '\s'
<unknown>:414: SyntaxWarning: invalid escape sequence '\s'
<unknown>:453: SyntaxWarning: invalid escape sequence '\['
<unknown>:463: SyntaxWarning: invalid escape sequence '\['
<unknown>:582: SyntaxWarning: invalid escape sequence '\['
<unknown>:583: SyntaxWarning: invalid escape sequence '\s'
<unknown>:585: SyntaxWarning: invalid escape sequence '\s'
<unknown>:586: SyntaxWarning: invalid escape sequence '\s'
<unknown>:587: SyntaxWarning: invalid escape sequence '\s'
<unknown>:618: SyntaxWarning: invalid escape sequence '\['
<unknown>:619: SyntaxWarning: invalid escape sequence '\['
<unknown>:620: SyntaxWarning: invalid escape sequence '\('
<unknown>:621: SyntaxWarning: invalid escape sequence '\s'
<unknown>:622: SyntaxWarning: invalid escape sequence '\('
<unknown>:623: SyntaxWarning: invalid escape sequence '\('
<unknown>:624: SyntaxWarning: invalid escape sequence '\s'
<unknown>:625: SyntaxWarning: invalid escape sequence '\s'
<unknown>:626: SyntaxWarning: invalid escape sequence '\s'
<unknown>:627: SyntaxWarning: invalid escape sequence '\s'
<unknown>:628: SyntaxWarning: invalid escape sequence '\s'
<unknown>:629: SyntaxWarning: invalid escape sequence '\s'
<unknown>:630: SyntaxWarning: invalid escape sequence '\s'
<unknown>:631: SyntaxWarning: invalid escape sequence '\s'
<unknown>:632: SyntaxWarning: invalid escape sequence '\s'
<unknown>:633: SyntaxWarning: invalid escape sequence '\s'
<unknown>:634: SyntaxWarning: invalid escape sequence '\s'
<unknown>:635: SyntaxWarning: invalid escape sequence '\s'
<unknown>:636: SyntaxWarning: invalid escape sequence '\s'
<unknown>:144: SyntaxWarning: invalid escape sequence '\s'
<unknown>:150: SyntaxWarning: invalid escape sequence '\:'
<unknown>:62: SyntaxWarning: invalid escape sequence '\d'
<unknown>:92: SyntaxWarning: invalid escape sequence '\d'
<unknown>:72: SyntaxWarning: invalid escape sequence '\ '
<unknown>:115: SyntaxWarning: invalid escape sequence '\('
<unknown>:118: SyntaxWarning: invalid escape sequence '\{'
<unknown>:88: SyntaxWarning: invalid escape sequence '\g'
<unknown>:28: SyntaxWarning: invalid escape sequence '\s'
<unknown>:76: SyntaxWarning: invalid escape sequence '\s'
<unknown>:110: SyntaxWarning: invalid escape sequence '\('
<unknown>:37: SyntaxWarning: invalid escape sequence '\('
<unknown>:44: SyntaxWarning: invalid escape sequence '\('
<unknown>:53: SyntaxWarning: invalid escape sequence '\w'
<unknown>:55: SyntaxWarning: invalid escape sequence '\('
<unknown>:96: SyntaxWarning: invalid escape sequence '\w'
<unknown>:98: SyntaxWarning: invalid escape sequence '\('
<unknown>:1046: SyntaxWarning: invalid escape sequence '\h'
<unknown>:1466: SyntaxWarning: invalid escape sequence '\m'
<unknown>:1488: SyntaxWarning: invalid escape sequence '\i'
<unknown>:1512: SyntaxWarning: invalid escape sequence '\m'
<unknown>:1541: SyntaxWarning: invalid escape sequence '\i'
<unknown>:42: SyntaxWarning: invalid escape sequence '\A'
<unknown>:28: SyntaxWarning: invalid escape sequence '\s'
<unknown>:49: SyntaxWarning: invalid escape sequence '\s'
<unknown>:113: SyntaxWarning: invalid escape sequence '\:'
<unknown>:166: SyntaxWarning: invalid escape sequence '\d'
<unknown>:261: SyntaxWarning: invalid escape sequence '\d'
<unknown>:283: SyntaxWarning: invalid escape sequence '\d'
<unknown>:383: SyntaxWarning: invalid escape sequence '\d'
<unknown>:405: SyntaxWarning: invalid escape sequence '\d'
<unknown>:32: SyntaxWarning: invalid escape sequence '\q'
<unknown>:218: SyntaxWarning: invalid escape sequence '\l'
<unknown>:235: SyntaxWarning: invalid escape sequence '\c'
<unknown>:307: SyntaxWarning: invalid escape sequence '\P'
<unknown>:9: SyntaxWarning: invalid escape sequence '\D'
<unknown>:9: SyntaxWarning: invalid escape sequence '\m'
<unknown>:14: SyntaxWarning: invalid escape sequence '\D'
<unknown>:14: SyntaxWarning: invalid escape sequence '\m'
<unknown>:20: SyntaxWarning: invalid escape sequence '\D'
<unknown>:62: SyntaxWarning: invalid escape sequence '\$'
<unknown>:143: SyntaxWarning: invalid escape sequence '\('
<unknown>:144: SyntaxWarning: invalid escape sequence '\)'
<unknown>:150: SyntaxWarning: invalid escape sequence '\d'
<unknown>:152: SyntaxWarning: invalid escape sequence '\d'
<unknown>:154: SyntaxWarning: invalid escape sequence '\d'
<unknown>:167: SyntaxWarning: invalid escape sequence '\$'
<unknown>:215: SyntaxWarning: invalid escape sequence '\$'
<unknown>:216: SyntaxWarning: invalid escape sequence '\$'
<unknown>:222: SyntaxWarning: invalid escape sequence '\$'
<unknown>:232: SyntaxWarning: invalid escape sequence '\$'
<unknown>:233: SyntaxWarning: invalid escape sequence '\$'
<unknown>:237: SyntaxWarning: invalid escape sequence '\$'
<unknown>:169: SyntaxWarning: invalid escape sequence '\S'
<unknown>:106: SyntaxWarning: invalid escape sequence '\P'
<unknown>:35: SyntaxWarning: invalid escape sequence '\.'
<unknown>:114: SyntaxWarning: invalid escape sequence '\.'
<unknown>:40: SyntaxWarning: invalid escape sequence '\d'
<unknown>:68: SyntaxWarning: invalid escape sequence '\s'
<unknown>:24: SyntaxWarning: invalid escape sequence '\d'
<unknown>:43: SyntaxWarning: invalid escape sequence '\['
<unknown>:39: SyntaxWarning: invalid escape sequence '\d'
<unknown>:7: SyntaxWarning: invalid escape sequence '\s'
<unknown>:53: SyntaxWarning: invalid escape sequence '\['
<unknown>:9: SyntaxWarning: invalid escape sequence '\w'
<unknown>:10: SyntaxWarning: invalid escape sequence '\.'
<unknown>:212: SyntaxWarning: invalid escape sequence '\w'
<unknown>:319: SyntaxWarning: invalid escape sequence '\-'
<unknown>:322: SyntaxWarning: invalid escape sequence '\('
<unknown>:323: SyntaxWarning: invalid escape sequence '\/'
<unknown>:74: SyntaxWarning: invalid escape sequence '\o'
<unknown>:129: SyntaxWarning: invalid escape sequence '\S'
<unknown>:11: SyntaxWarning: invalid escape sequence '\*'
<unknown>:11: SyntaxWarning: invalid escape sequence '\)'
<unknown>:11: SyntaxWarning: invalid escape sequence '\D'
<unknown>:4: SyntaxWarning: invalid escape sequence '\S'
<unknown>:24: SyntaxWarning: invalid escape sequence '\#'
<unknown>:26: SyntaxWarning: invalid escape sequence '\#'
<unknown>:28: SyntaxWarning: invalid escape sequence '\#'
<unknown>:66: SyntaxWarning: invalid escape sequence '\d'
<unknown>:75: SyntaxWarning: invalid escape sequence '\d'
<unknown>:23: SyntaxWarning: invalid escape sequence '\s'
<unknown>:432: SyntaxWarning: invalid escape sequence '\o'
<unknown>:106: SyntaxWarning: invalid escape sequence '\{'
<unknown>:139: SyntaxWarning: invalid escape sequence '\h'
<unknown>:10: SyntaxWarning: invalid escape sequence '\d'
<unknown>:8: SyntaxWarning: invalid escape sequence '\p'
<unknown>:94: SyntaxWarning: invalid escape sequence '\_'
<unknown>:107: SyntaxWarning: invalid escape sequence '\c'
<unknown>:15: SyntaxWarning: invalid escape sequence '\m'
<unknown>:66: SyntaxWarning: invalid escape sequence '\w'
<unknown>:87: SyntaxWarning: invalid escape sequence '\w'
<unknown>:168: SyntaxWarning: invalid escape sequence '\l'
<unknown>:126: SyntaxWarning: invalid escape sequence '\-'
<unknown>:8: SyntaxWarning: invalid escape sequence '\$'
<unknown>:9: SyntaxWarning: invalid escape sequence '\$'
<unknown>:10: SyntaxWarning: invalid escape sequence '\('
<unknown>:247: SyntaxWarning: invalid escape sequence '\d'
<unknown>:36: SyntaxWarning: invalid escape sequence '\('
<unknown>:6: SyntaxWarning: invalid escape sequence '\('
<unknown>:7: SyntaxWarning: invalid escape sequence '\W'
<unknown>:9: SyntaxWarning: invalid escape sequence '\s'
<unknown>:16: SyntaxWarning: invalid escape sequence '\-'
<unknown>:18: SyntaxWarning: invalid escape sequence '\.'
<unknown>:20: SyntaxWarning: invalid escape sequence '\.'
<unknown>:23: SyntaxWarning: invalid escape sequence '\-'
<unknown>:30: SyntaxWarning: invalid escape sequence '\s'
<unknown>:85: SyntaxWarning: invalid escape sequence '\ '
<unknown>:12: SyntaxWarning: invalid escape sequence '\	'
<unknown>:77: SyntaxWarning: invalid escape sequence '\('
<unknown>:124: SyntaxWarning: invalid escape sequence '\d'
<unknown>:174: SyntaxWarning: invalid escape sequence '\d'
<unknown>:65: SyntaxWarning: invalid escape sequence '\g'
<unknown>:23: SyntaxWarning: invalid escape sequence '\('
<unknown>:148: SyntaxWarning: invalid escape sequence '\l'
<unknown>:192: SyntaxWarning: invalid escape sequence '\l'
<unknown>:234: SyntaxWarning: invalid escape sequence '\l'
<unknown>:236: SyntaxWarning: invalid escape sequence '\l'
<unknown>:39: SyntaxWarning: invalid escape sequence '\M'
<unknown>:8: SyntaxWarning: invalid escape sequence '\_'
<unknown>:9: SyntaxWarning: invalid escape sequence '\_'
<unknown>:11: SyntaxWarning: invalid escape sequence '\_'
<unknown>:415: SyntaxWarning: invalid escape sequence '\s'
<unknown>:462: SyntaxWarning: invalid escape sequence '\s'
<unknown>:36: SyntaxWarning: invalid escape sequence '\d'
<unknown>:241: SyntaxWarning: invalid escape sequence '\w'
<unknown>:44: SyntaxWarning: invalid escape sequence '\.'
<unknown>:128: SyntaxWarning: invalid escape sequence '\s'
<unknown>:5: SyntaxWarning: invalid escape sequence '\d'
<unknown>:23: SyntaxWarning: invalid escape sequence '\w'
<unknown>:50: SyntaxWarning: invalid escape sequence '\ '
<unknown>:16: SyntaxWarning: invalid escape sequence '\d'
<unknown>:66: SyntaxWarning: invalid escape sequence '\d'
<unknown>:95: SyntaxWarning: invalid escape sequence '\i'
<unknown>:57: SyntaxWarning: invalid escape sequence '\c'
<unknown>:66: SyntaxWarning: invalid escape sequence '\c'
<unknown>:75: SyntaxWarning: invalid escape sequence '\c'
<unknown>:64: SyntaxWarning: invalid escape sequence '\('
<unknown>:14: SyntaxWarning: invalid escape sequence '\s'
<unknown>:15: SyntaxWarning: invalid escape sequence '\g'
<unknown>:11: SyntaxWarning: invalid escape sequence '\)'
<unknown>:61: SyntaxWarning: invalid escape sequence '\s'
<unknown>:26: SyntaxWarning: invalid escape sequence '\m'
<unknown>:27: SyntaxWarning: invalid escape sequence '\s'
<unknown>:28: SyntaxWarning: invalid escape sequence '\D'
<unknown>:29: SyntaxWarning: invalid escape sequence '\s'
<unknown>:13: SyntaxWarning: invalid escape sequence '\d'
<unknown>:14: SyntaxWarning: invalid escape sequence '\d'
<unknown>:25: SyntaxWarning: invalid escape sequence '\D'
<unknown>:54: SyntaxWarning: invalid escape sequence '\s'
<unknown>:55: SyntaxWarning: invalid escape sequence '\s'
<unknown>:56: SyntaxWarning: invalid escape sequence '\s'
<unknown>:60: SyntaxWarning: invalid escape sequence '\s'
<unknown>:149: SyntaxWarning: invalid escape sequence '\*'
<unknown>:12: SyntaxWarning: invalid escape sequence '\l'
<unknown>:15: SyntaxWarning: invalid escape sequence '\s'
<unknown>:8: SyntaxWarning: invalid escape sequence '\p'
<unknown>:24: SyntaxWarning: invalid escape sequence '\w'
<unknown>:20: SyntaxWarning: invalid escape sequence '\s'
<unknown>:30: SyntaxWarning: invalid escape sequence '\l'
<unknown>:30: SyntaxWarning: invalid escape sequence '\s'
<unknown>:9: SyntaxWarning: invalid escape sequence '\ '
<unknown>:15: SyntaxWarning: invalid escape sequence '\s'
<unknown>:136: SyntaxWarning: invalid escape sequence '\s'
<unknown>:26: SyntaxWarning: invalid escape sequence '\|'
<unknown>:29: SyntaxWarning: invalid escape sequence '\?'
<unknown>:30: SyntaxWarning: invalid escape sequence '\['
<unknown>:31: SyntaxWarning: invalid escape sequence '\<'
<unknown>:32: SyntaxWarning: invalid escape sequence '\!'
<unknown>:33: SyntaxWarning: invalid escape sequence '\{'
<unknown>:12: SyntaxWarning: invalid escape sequence '\D'
<unknown>:72: SyntaxWarning: invalid escape sequence '\*'
<unknown>:28: SyntaxWarning: invalid escape sequence '\W'
<unknown>:322: SyntaxWarning: invalid escape sequence '\.'
<unknown>:704: SyntaxWarning: invalid escape sequence '\ '
<unknown>:705: SyntaxWarning: invalid escape sequence '\|'
<unknown>:707: SyntaxWarning: invalid escape sequence '\ '
<unknown>:708: SyntaxWarning: invalid escape sequence '\/'
<unknown>:14: SyntaxWarning: invalid escape sequence '\.'
<unknown>:45: SyntaxWarning: invalid escape sequence '\.'
<unknown>:47: SyntaxWarning: invalid escape sequence '\.'
<unknown>:48: SyntaxWarning: invalid escape sequence '\.'
<unknown>:18: SyntaxWarning: invalid escape sequence '\('
<unknown>:7: SyntaxWarning: invalid escape sequence '\l'
<unknown>:189: SyntaxWarning: invalid escape sequence '\d'
<unknown>:200: SyntaxWarning: invalid escape sequence '\s'
<unknown>:201: SyntaxWarning: invalid escape sequence '\s'
<unknown>:202: SyntaxWarning: invalid escape sequence '\s'
<unknown>:203: SyntaxWarning: invalid escape sequence '\s'
<unknown>:204: SyntaxWarning: invalid escape sequence '\s'
<unknown>:205: SyntaxWarning: invalid escape sequence '\s'
<unknown>:206: SyntaxWarning: invalid escape sequence '\d'
<unknown>:206: SyntaxWarning: invalid escape sequence '\s'
<unknown>:207: SyntaxWarning: invalid escape sequence '\s'
<unknown>:208: SyntaxWarning: invalid escape sequence '\s'
<unknown>:209: SyntaxWarning: invalid escape sequence '\s'
<unknown>:210: SyntaxWarning: invalid escape sequence '\d'
<unknown>:211: SyntaxWarning: invalid escape sequence '\s'
<unknown>:212: SyntaxWarning: invalid escape sequence '\s'
<unknown>:217: SyntaxWarning: invalid escape sequence '\d'
<unknown>:292: SyntaxWarning: invalid escape sequence '\s'
<unknown>:34: SyntaxWarning: invalid escape sequence '\;'
<unknown>:71: SyntaxWarning: invalid escape sequence '\ '
<unknown>:72: SyntaxWarning: invalid escape sequence '\ '
<unknown>:73: SyntaxWarning: invalid escape sequence '\/'
<unknown>:74: SyntaxWarning: invalid escape sequence '\|'
<unknown>:78: SyntaxWarning: invalid escape sequence '\_'
<unknown>:79: SyntaxWarning: invalid escape sequence '\ '
<unknown>:83: SyntaxWarning: invalid escape sequence '\_'
<unknown>:84: SyntaxWarning: invalid escape sequence '\_'
<unknown>:85: SyntaxWarning: invalid escape sequence '\_'
<unknown>:99: SyntaxWarning: invalid escape sequence '\ '
<unknown>:105: SyntaxWarning: invalid escape sequence '\|'
<unknown>:111: SyntaxWarning: invalid escape sequence '\|'
<unknown>:117: SyntaxWarning: invalid escape sequence '\|'
<unknown>:123: SyntaxWarning: invalid escape sequence '\|'
<unknown>:129: SyntaxWarning: invalid escape sequence '\|'
<unknown>:131: SyntaxWarning: invalid escape sequence '\ '
<unknown>:10: SyntaxWarning: invalid escape sequence '\w'
<unknown>:7: SyntaxWarning: invalid escape sequence '\.'
<unknown>:79: SyntaxWarning: invalid escape sequence '\d'
<unknown>:189: SyntaxWarning: invalid escape sequence '\d'
<unknown>:193: SyntaxWarning: invalid escape sequence '\d'
<unknown>:313: SyntaxWarning: invalid escape sequence '\c'
<unknown>:318: SyntaxWarning: invalid escape sequence '\s'
<unknown>:31: SyntaxWarning: invalid escape sequence '\s'
<unknown>:125: SyntaxWarning: invalid escape sequence '\l'
<unknown>:7: SyntaxWarning: invalid escape sequence '\O'
<unknown>:8: SyntaxWarning: invalid escape sequence '\M'
<unknown>:9: SyntaxWarning: invalid escape sequence '\R'
<unknown>:42: SyntaxWarning: invalid escape sequence '\.'
<unknown>:83: SyntaxWarning: invalid escape sequence '\s'
<unknown>:13: SyntaxWarning: invalid escape sequence '\l'
<unknown>:58: SyntaxWarning: invalid escape sequence '\d'
<unknown>:160: SyntaxWarning: invalid escape sequence '\d'
<unknown>:160: SyntaxWarning: invalid escape sequence '\:'
<unknown>:162: SyntaxWarning: invalid escape sequence '\d'
<unknown>:39: SyntaxWarning: invalid escape sequence '\s'
<unknown>:44: SyntaxWarning: invalid escape sequence '\w'
<unknown>:7: SyntaxWarning: invalid escape sequence '\+'
<unknown>:106: SyntaxWarning: invalid escape sequence '\d'
<unknown>:273: SyntaxWarning: invalid escape sequence '\d'
<unknown>:36: SyntaxWarning: invalid escape sequence '\s'
<unknown>:37: SyntaxWarning: invalid escape sequence '\s'
<unknown>:91: SyntaxWarning: invalid escape sequence '\.'
<unknown>:61: SyntaxWarning: invalid escape sequence '\w'
<unknown>:62: SyntaxWarning: invalid escape sequence '\/'
<unknown>:70: SyntaxWarning: invalid escape sequence '\s'
<unknown>:445: SyntaxWarning: invalid escape sequence '\d'
<unknown>:456: SyntaxWarning: invalid escape sequence '\s'
<unknown>:456: SyntaxWarning: invalid escape sequence '\s'
<unknown>:5: SyntaxWarning: invalid escape sequence '\s'
<unknown>:6: SyntaxWarning: invalid escape sequence '\s'
<unknown>:7: SyntaxWarning: invalid escape sequence '\s'
<unknown>:8: SyntaxWarning: invalid escape sequence '\s'
<unknown>:9: SyntaxWarning: invalid escape sequence '\s'
<unknown>:10: SyntaxWarning: invalid escape sequence '\s'
<unknown>:11: SyntaxWarning: invalid escape sequence '\s'
<unknown>:12: SyntaxWarning: invalid escape sequence '\s'
<unknown>:13: SyntaxWarning: invalid escape sequence '\s'
<unknown>:15: SyntaxWarning: invalid escape sequence '\s'
<unknown>:16: SyntaxWarning: invalid escape sequence '\s'
<unknown>:43: SyntaxWarning: invalid escape sequence '\s'
<unknown>:57: SyntaxWarning: invalid escape sequence '\('
<unknown>:155: SyntaxWarning: invalid escape sequence '\s'
<unknown>:261: SyntaxWarning: invalid escape sequence '\s'
<unknown>:100: SyntaxWarning: invalid escape sequence '\_'
<unknown>:46: SyntaxWarning: invalid escape sequence '\d'
<unknown>:68: SyntaxWarning: invalid escape sequence '\d'
<unknown>:34: SyntaxWarning: invalid escape sequence '\d'
<unknown>:36: SyntaxWarning: invalid escape sequence '\d'
<unknown>:12: SyntaxWarning: invalid escape sequence '\S'
<unknown>:15: SyntaxWarning: invalid escape sequence '\ '
<unknown>:57: SyntaxWarning: invalid escape sequence '\m'
<unknown>:59: SyntaxWarning: invalid escape sequence '\m'
<unknown>:60: SyntaxWarning: invalid escape sequence '\m'
<unknown>:61: SyntaxWarning: invalid escape sequence '\m'
<unknown>:63: SyntaxWarning: invalid escape sequence '\m'
<unknown>:64: SyntaxWarning: invalid escape sequence '\m'
<unknown>:65: SyntaxWarning: invalid escape sequence '\m'
<unknown>:66: SyntaxWarning: invalid escape sequence '\m'
<unknown>:67: SyntaxWarning: invalid escape sequence '\m'
<unknown>:68: SyntaxWarning: invalid escape sequence '\m'
<unknown>:44: SyntaxWarning: invalid escape sequence '\d'
<unknown>:8: SyntaxWarning: invalid escape sequence '\.'
<unknown>:9: SyntaxWarning: invalid escape sequence '\.'
<unknown>:16: SyntaxWarning: invalid escape sequence '\s'
<unknown>:17: SyntaxWarning: invalid escape sequence '\c'
<unknown>:23: SyntaxWarning: invalid escape sequence '\s'
<unknown>:8: SyntaxWarning: invalid escape sequence '\s'
<unknown>:9: SyntaxWarning: invalid escape sequence '\w'
<unknown>:22: SyntaxWarning: invalid escape sequence '\i'
<unknown>:106: SyntaxWarning: invalid escape sequence '\s'
<unknown>:107: SyntaxWarning: invalid escape sequence '\s'
<unknown>:137: SyntaxWarning: invalid escape sequence '\s'
<unknown>:146: SyntaxWarning: invalid escape sequence '\s'
<unknown>:155: SyntaxWarning: invalid escape sequence '\s'
<unknown>:203: SyntaxWarning: invalid escape sequence '\s'
<unknown>:204: SyntaxWarning: invalid escape sequence '\s'
<unknown>:228: SyntaxWarning: invalid escape sequence '\s'
<unknown>:229: SyntaxWarning: invalid escape sequence '\s'
<unknown>:248: SyntaxWarning: invalid escape sequence '\s'
<unknown>:249: SyntaxWarning: invalid escape sequence '\s'
<unknown>:262: SyntaxWarning: invalid escape sequence '\s'
<unknown>:263: SyntaxWarning: invalid escape sequence '\s'
<unknown>:32: SyntaxWarning: invalid escape sequence '\d'
<unknown>:10: SyntaxWarning: invalid escape sequence '\A'
<unknown>:35: SyntaxWarning: invalid escape sequence '\d'
<unknown>:46: SyntaxWarning: invalid escape sequence '\m'
<unknown>:77: SyntaxWarning: invalid escape sequence '\:'
<unknown>:78: SyntaxWarning: invalid escape sequence '\:'
<unknown>:79: SyntaxWarning: invalid escape sequence '\:'
<unknown>:136: SyntaxWarning: invalid escape sequence '\-'
<unknown>:20: SyntaxWarning: invalid escape sequence '\s'
<unknown>:25: SyntaxWarning: invalid escape sequence '\s'
<unknown>:26: SyntaxWarning: invalid escape sequence '\d'
<unknown>:27: SyntaxWarning: invalid escape sequence '\d'
<unknown>:28: SyntaxWarning: invalid escape sequence '\d'
<unknown>:4: SyntaxWarning: invalid escape sequence '\c'
<unknown>:65: SyntaxWarning: invalid escape sequence '\d'
<unknown>:70: SyntaxWarning: invalid escape sequence '\.'
<unknown>:76: SyntaxWarning: invalid escape sequence '\_'
<unknown>:106: SyntaxWarning: invalid escape sequence '\.'
<unknown>:15: SyntaxWarning: invalid escape sequence '\e'
<unknown>:273: SyntaxWarning: invalid escape sequence '\e'
<unknown>:870: SyntaxWarning: invalid escape sequence '\w'
<unknown>:75: SyntaxWarning: invalid escape sequence '\d'
<unknown>:423: SyntaxWarning: invalid escape sequence '\d'
<unknown>:19: SyntaxWarning: invalid escape sequence '\_'
<unknown>:19: SyntaxWarning: invalid escape sequence '\('
<unknown>:20: SyntaxWarning: invalid escape sequence '\)'
<unknown>:21: SyntaxWarning: invalid escape sequence '\?'
<unknown>:42: SyntaxWarning: invalid escape sequence '\['
<unknown>:130: SyntaxWarning: invalid escape sequence '\c'
<unknown>:190: SyntaxWarning: invalid escape sequence '\c'
<unknown>:305: SyntaxWarning: invalid escape sequence '\m'
<unknown>:306: SyntaxWarning: invalid escape sequence '\m'
<unknown>:307: SyntaxWarning: invalid escape sequence '\m'
<unknown>:308: SyntaxWarning: invalid escape sequence '\m'
<unknown>:310: SyntaxWarning: invalid escape sequence '\m'
<unknown>:16: SyntaxWarning: invalid escape sequence '\/'
<unknown>:15: SyntaxWarning: invalid escape sequence '\s'
<unknown>:19: SyntaxWarning: invalid escape sequence '\s'
<unknown>:77: SyntaxWarning: invalid escape sequence '\_'
<unknown>:64: SyntaxWarning: invalid escape sequence '\.'
<unknown>:71: SyntaxWarning: invalid escape sequence '\.'
<unknown>:37: SyntaxWarning: invalid escape sequence '\/'
<unknown>:14: SyntaxWarning: invalid escape sequence '\/'
<unknown>:71: SyntaxWarning: invalid escape sequence '\d'
<unknown>:7: SyntaxWarning: invalid escape sequence '\['
<unknown>:8: SyntaxWarning: invalid escape sequence '\/'
<unknown>:9: SyntaxWarning: invalid escape sequence '\`'
<unknown>:15: SyntaxWarning: invalid escape sequence '\o'
<unknown>:17: SyntaxWarning: invalid escape sequence '\8'
<unknown>:29: SyntaxWarning: invalid escape sequence '\P'
<unknown>:129: SyntaxWarning: invalid escape sequence '\T'
<unknown>:23: SyntaxWarning: invalid escape sequence '\s'
<unknown>:131: SyntaxWarning: invalid escape sequence '\s'
<unknown>:218: SyntaxWarning: invalid escape sequence '\s'
<unknown>:261: SyntaxWarning: invalid escape sequence '\s'
<unknown>:285: SyntaxWarning: invalid escape sequence '\s'
<unknown>:350: SyntaxWarning: invalid escape sequence '\S'
<unknown>:351: SyntaxWarning: invalid escape sequence '\S'
<unknown>:252: SyntaxWarning: invalid escape sequence '\ '
<unknown>:310: SyntaxWarning: invalid escape sequence '\m'
<unknown>:355: SyntaxWarning: invalid escape sequence '\m'
<unknown>:12: SyntaxWarning: invalid escape sequence '\d'
<unknown>:125: SyntaxWarning: invalid escape sequence '\w'
<unknown>:143: SyntaxWarning: invalid escape sequence '\d'
<unknown>:33: SyntaxWarning: invalid escape sequence '\ '
<unknown>:85: SyntaxWarning: invalid escape sequence '\A'
<unknown>:108: SyntaxWarning: invalid escape sequence '\F'
<unknown>:185: SyntaxWarning: invalid escape sequence '\O'
<unknown>:237: SyntaxWarning: invalid escape sequence '\O'
<unknown>:239: SyntaxWarning: invalid escape sequence '\c'
<unknown>:316: SyntaxWarning: invalid escape sequence '\s'
<unknown>:17: SyntaxWarning: invalid escape sequence '\ '
<unknown>:23: SyntaxWarning: invalid escape sequence '\d'
<unknown>:27: SyntaxWarning: invalid escape sequence '\w'
<unknown>:76: SyntaxWarning: invalid escape sequence '\m'
<unknown>:77: SyntaxWarning: invalid escape sequence '\ '
<unknown>:78: SyntaxWarning: invalid escape sequence '\m'
<unknown>:18: SyntaxWarning: invalid escape sequence '\.'
<unknown>:207: SyntaxWarning: invalid escape sequence '\ '
<unknown>:78: SyntaxWarning: invalid escape sequence '\p'
<unknown>:78: SyntaxWarning: invalid escape sequence '\p'
<unknown>:78: SyntaxWarning: invalid escape sequence '\p'
<unknown>:78: SyntaxWarning: invalid escape sequence '\p'
<unknown>:25: SyntaxWarning: invalid escape sequence '\w'
<unknown>:206: SyntaxWarning: invalid escape sequence '\,'
<unknown>:225: SyntaxWarning: invalid escape sequence '\,'
<unknown>:21: SyntaxWarning: invalid escape sequence '\I'
<unknown>:22: SyntaxWarning: invalid escape sequence '\B'
<unknown>:23: SyntaxWarning: invalid escape sequence '\I'
<unknown>:24: SyntaxWarning: invalid escape sequence '\I'
<unknown>:25: SyntaxWarning: invalid escape sequence '\I'
<unknown>:26: SyntaxWarning: invalid escape sequence '\C'
<unknown>:27: SyntaxWarning: invalid escape sequence '\E'
<unknown>:28: SyntaxWarning: invalid escape sequence '\M'
<unknown>:29: SyntaxWarning: invalid escape sequence '\C'
<unknown>:30: SyntaxWarning: invalid escape sequence '\W'
<unknown>:31: SyntaxWarning: invalid escape sequence '\F'
<unknown>:32: SyntaxWarning: invalid escape sequence '\O'
<unknown>:33: SyntaxWarning: invalid escape sequence '\I'
<unknown>:34: SyntaxWarning: invalid escape sequence '\C'
<unknown>:35: SyntaxWarning: invalid escape sequence '\M'
<unknown>:36: SyntaxWarning: invalid escape sequence '\H'
<unknown>:63: SyntaxWarning: invalid escape sequence '\.'
<unknown>:8: SyntaxWarning: invalid escape sequence '\{'
<unknown>:3: SyntaxWarning: invalid escape sequence '\s'
<unknown>:4: SyntaxWarning: invalid escape sequence '\s'
<unknown>:31: SyntaxWarning: invalid escape sequence '\s'
<unknown>:35: SyntaxWarning: invalid escape sequence '\W'
<unknown>:38: SyntaxWarning: invalid escape sequence '\.'
<unknown>:40: SyntaxWarning: invalid escape sequence '\o'
<unknown>:60: SyntaxWarning: invalid escape sequence '\*'
<unknown>:107: SyntaxWarning: invalid escape sequence '\*'
<unknown>:39: SyntaxWarning: invalid escape sequence '\d'
<unknown>:72: SyntaxWarning: invalid escape sequence '\S'
<unknown>:17: SyntaxWarning: invalid escape sequence '\w'
<unknown>:29: SyntaxWarning: invalid escape sequence '\w'
<unknown>:81: SyntaxWarning: invalid escape sequence '\$'
<unknown>:82: SyntaxWarning: invalid escape sequence '\$'
<unknown>:191: SyntaxWarning: invalid escape sequence '\$'
<unknown>:192: SyntaxWarning: invalid escape sequence '\$'
<unknown>:265: SyntaxWarning: invalid escape sequence '\$'
<unknown>:266: SyntaxWarning: invalid escape sequence '\$'
<unknown>:42: SyntaxWarning: invalid escape sequence '\s'
<unknown>:175: SyntaxWarning: invalid escape sequence '\.'
<unknown>:4: SyntaxWarning: invalid escape sequence '\c'
<unknown>:356: SyntaxWarning: invalid escape sequence '\:'
<unknown>:361: SyntaxWarning: invalid escape sequence '\/'
<unknown>:679: SyntaxWarning: invalid escape sequence '\d'
<unknown>:22: SyntaxWarning: invalid escape sequence '\d'
<unknown>:35: SyntaxWarning: invalid escape sequence '\/'
<unknown>:19: SyntaxWarning: invalid escape sequence '\/'
<unknown>:76: SyntaxWarning: invalid escape sequence '\s'
<unknown>:17: SyntaxWarning: invalid escape sequence '\p'
<unknown>:37: SyntaxWarning: invalid escape sequence '\p'
<unknown>:58: SyntaxWarning: invalid escape sequence '\p'
<unknown>:103: SyntaxWarning: invalid escape sequence '\M'
<unknown>:86: SyntaxWarning: invalid escape sequence '\,'
<unknown>:101: SyntaxWarning: invalid escape sequence '\,'
<unknown>:86: SyntaxWarning: invalid escape sequence '\A'
<unknown>:79: SyntaxWarning: invalid escape sequence '\d'
<unknown>:83: SyntaxWarning: invalid escape sequence '\d'
<unknown>:280: SyntaxWarning: invalid escape sequence '\p'
<unknown>:26: SyntaxWarning: invalid escape sequence '\s'
<unknown>:63: SyntaxWarning: invalid escape sequence '\w'
<unknown>:73: SyntaxWarning: invalid escape sequence '\|'
<unknown>:75: SyntaxWarning: invalid escape sequence '\|'
<unknown>:81: SyntaxWarning: invalid escape sequence '\ '
<unknown>:16: SyntaxWarning: invalid escape sequence '\p'
<unknown>:128: SyntaxWarning: invalid escape sequence '\e'
<unknown>:153: SyntaxWarning: invalid escape sequence '\c'
<unknown>:14: SyntaxWarning: invalid escape sequence '\m'
<unknown>:130: SyntaxWarning: invalid escape sequence '\]'
<unknown>:10: SyntaxWarning: invalid escape sequence '\w'
<unknown>:32: SyntaxWarning: invalid escape sequence '\('
<unknown>:67: SyntaxWarning: invalid escape sequence '\s'
<unknown>:14: SyntaxWarning: invalid escape sequence '\+'
<unknown>:18: SyntaxWarning: invalid escape sequence '\+'
<unknown>:51: SyntaxWarning: invalid escape sequence '\d'
<unknown>:52: SyntaxWarning: invalid escape sequence '\d'
<unknown>:52: SyntaxWarning: invalid escape sequence '\%'
<unknown>:53: SyntaxWarning: invalid escape sequence '\d'
<unknown>:54: SyntaxWarning: invalid escape sequence '\d'
<unknown>:54: SyntaxWarning: invalid escape sequence '\%'
<unknown>:55: SyntaxWarning: invalid escape sequence '\d'
<unknown>:56: SyntaxWarning: invalid escape sequence '\d'
<unknown>:56: SyntaxWarning: invalid escape sequence '\%'
<unknown>:57: SyntaxWarning: invalid escape sequence '\d'
<unknown>:58: SyntaxWarning: invalid escape sequence '\d'
<unknown>:58: SyntaxWarning: invalid escape sequence '\%'
<unknown>:60: SyntaxWarning: invalid escape sequence '\d'
<unknown>:61: SyntaxWarning: invalid escape sequence '\d'
<unknown>:61: SyntaxWarning: invalid escape sequence '\%'
<unknown>:58: SyntaxWarning: invalid escape sequence '\e'
<unknown>:548: SyntaxWarning: invalid escape sequence '\w'
<unknown>:683: SyntaxWarning: invalid escape sequence '\w'
<unknown>:2120: SyntaxWarning: invalid escape sequence '\m'
<unknown>:31: SyntaxWarning: invalid escape sequence '\e'
<unknown>:101: SyntaxWarning: invalid escape sequence '\-'
<unknown>:102: SyntaxWarning: invalid escape sequence '\-'
<unknown>:136: SyntaxWarning: invalid escape sequence '\s'
<unknown>:152: SyntaxWarning: invalid escape sequence '\-'
<unknown>:18: SyntaxWarning: invalid escape sequence '\/'
<unknown>:132: SyntaxWarning: invalid escape sequence '\L'
<unknown>:153: SyntaxWarning: invalid escape sequence '\p'
<unknown>:154: SyntaxWarning: invalid escape sequence '\c'
<unknown>:162: SyntaxWarning: invalid escape sequence '\e'
<unknown>:163: SyntaxWarning: invalid escape sequence '\p'
<unknown>:207: SyntaxWarning: invalid escape sequence '\c'
<unknown>:223: SyntaxWarning: invalid escape sequence '\c'
<unknown>:125: SyntaxWarning: invalid escape sequence '\.'
<unknown>:318: SyntaxWarning: invalid escape sequence '\l'
<unknown>:356: SyntaxWarning: invalid escape sequence '\l'
<unknown>:31: SyntaxWarning: invalid escape sequence '\d'
<unknown>:42: SyntaxWarning: invalid escape sequence '\s'
<unknown>:101: SyntaxWarning: invalid escape sequence '\ '
<unknown>:30: SyntaxWarning: invalid escape sequence '\d'
<unknown>:37: SyntaxWarning: invalid escape sequence '\d'
<unknown>:54: SyntaxWarning: invalid escape sequence '\{'
<unknown>:19: SyntaxWarning: invalid escape sequence '\S'
<unknown>:23: SyntaxWarning: invalid escape sequence '\S'
<unknown>:28: SyntaxWarning: invalid escape sequence '\S'
<unknown>:33: SyntaxWarning: invalid escape sequence '\S'
<unknown>:38: SyntaxWarning: invalid escape sequence '\S'
<unknown>:43: SyntaxWarning: invalid escape sequence '\S'
<unknown>:48: SyntaxWarning: invalid escape sequence '\S'
<unknown>:53: SyntaxWarning: invalid escape sequence '\S'
<unknown>:58: SyntaxWarning: invalid escape sequence '\S'
<unknown>:64: SyntaxWarning: invalid escape sequence '\S'
<unknown>:70: SyntaxWarning: invalid escape sequence '\S'
<unknown>:78: SyntaxWarning: invalid escape sequence '\S'
<unknown>:83: SyntaxWarning: invalid escape sequence '\S'
<unknown>:88: SyntaxWarning: invalid escape sequence '\S'
<unknown>:93: SyntaxWarning: invalid escape sequence '\S'
<unknown>:98: SyntaxWarning: invalid escape sequence '\S'
<unknown>:103: SyntaxWarning: invalid escape sequence '\S'
<unknown>:109: SyntaxWarning: invalid escape sequence '\S'
<unknown>:114: SyntaxWarning: invalid escape sequence '\S'
<unknown>:119: SyntaxWarning: invalid escape sequence '\S'
<unknown>:124: SyntaxWarning: invalid escape sequence '\S'
<unknown>:129: SyntaxWarning: invalid escape sequence '\S'
<unknown>:134: SyntaxWarning: invalid escape sequence '\S'
<unknown>:139: SyntaxWarning: invalid escape sequence '\S'
<unknown>:144: SyntaxWarning: invalid escape sequence '\S'
<unknown>:149: SyntaxWarning: invalid escape sequence '\S'
<unknown>:154: SyntaxWarning: invalid escape sequence '\S'
<unknown>:161: SyntaxWarning: invalid escape sequence '\S'
<unknown>:166: SyntaxWarning: invalid escape sequence '\S'
<unknown>:172: SyntaxWarning: invalid escape sequence '\S'
<unknown>:177: SyntaxWarning: invalid escape sequence '\S'
<unknown>:182: SyntaxWarning: invalid escape sequence '\S'
<unknown>:188: SyntaxWarning: invalid escape sequence '\S'
<unknown>:193: SyntaxWarning: invalid escape sequence '\S'
<unknown>:199: SyntaxWarning: invalid escape sequence '\S'
<unknown>:205: SyntaxWarning: invalid escape sequence '\S'
<unknown>:210: SyntaxWarning: invalid escape sequence '\S'
<unknown>:215: SyntaxWarning: invalid escape sequence '\S'
<unknown>:220: SyntaxWarning: invalid escape sequence '\S'
<unknown>:264: SyntaxWarning: invalid escape sequence '\S'
<unknown>:83: SyntaxWarning: invalid escape sequence '\*'
<unknown>:16: SyntaxWarning: invalid escape sequence '\['
<unknown>:17: SyntaxWarning: invalid escape sequence '\['
<unknown>:18: SyntaxWarning: invalid escape sequence '\['
<unknown>:19: SyntaxWarning: invalid escape sequence '\['
<unknown>:20: SyntaxWarning: invalid escape sequence '\['
<unknown>:21: SyntaxWarning: invalid escape sequence '\['
<unknown>:22: SyntaxWarning: invalid escape sequence '\['
<unknown>:23: SyntaxWarning: invalid escape sequence '\['
<unknown>:24: SyntaxWarning: invalid escape sequence '\['
<unknown>:25: SyntaxWarning: invalid escape sequence '\['
<unknown>:26: SyntaxWarning: invalid escape sequence '\['
<unknown>:40: SyntaxWarning: invalid escape sequence '\['
<unknown>:41: SyntaxWarning: invalid escape sequence '\['
<unknown>:42: SyntaxWarning: invalid escape sequence '\['
<unknown>:43: SyntaxWarning: invalid escape sequence '\['
<unknown>:44: SyntaxWarning: invalid escape sequence '\['
<unknown>:45: SyntaxWarning: invalid escape sequence '\['
<unknown>:58: SyntaxWarning: invalid escape sequence '\['
<unknown>:59: SyntaxWarning: invalid escape sequence '\['
<unknown>:60: SyntaxWarning: invalid escape sequence '\['
<unknown>:61: SyntaxWarning: invalid escape sequence '\['
<unknown>:62: SyntaxWarning: invalid escape sequence '\['
<unknown>:63: SyntaxWarning: invalid escape sequence '\['
<unknown>:64: SyntaxWarning: invalid escape sequence '\['
<unknown>:65: SyntaxWarning: invalid escape sequence '\['
<unknown>:66: SyntaxWarning: invalid escape sequence '\['
<unknown>:67: SyntaxWarning: invalid escape sequence '\['
<unknown>:68: SyntaxWarning: invalid escape sequence '\['
<unknown>:81: SyntaxWarning: invalid escape sequence '\['
<unknown>:82: SyntaxWarning: invalid escape sequence '\['
<unknown>:83: SyntaxWarning: invalid escape sequence '\['
<unknown>:84: SyntaxWarning: invalid escape sequence '\['
<unknown>:85: SyntaxWarning: invalid escape sequence '\['
<unknown>:86: SyntaxWarning: invalid escape sequence '\['
<unknown>:87: SyntaxWarning: invalid escape sequence '\['
<unknown>:88: SyntaxWarning: invalid escape sequence '\['
<unknown>:89: SyntaxWarning: invalid escape sequence '\['
<unknown>:90: SyntaxWarning: invalid escape sequence '\['
<unknown>:91: SyntaxWarning: invalid escape sequence '\['
<unknown>:104: SyntaxWarning: invalid escape sequence '\['
<unknown>:105: SyntaxWarning: invalid escape sequence '\['
<unknown>:106: SyntaxWarning: invalid escape sequence '\['
<unknown>:107: SyntaxWarning: invalid escape sequence '\['
<unknown>:108: SyntaxWarning: invalid escape sequence '\['
<unknown>:109: SyntaxWarning: invalid escape sequence '\['
<unknown>:110: SyntaxWarning: invalid escape sequence '\['
<unknown>:111: SyntaxWarning: invalid escape sequence '\['
<unknown>:112: SyntaxWarning: invalid escape sequence '\['
<unknown>:113: SyntaxWarning: invalid escape sequence '\['
<unknown>:114: SyntaxWarning: invalid escape sequence '\['
<unknown>:127: SyntaxWarning: invalid escape sequence '\.'
<unknown>:128: SyntaxWarning: invalid escape sequence '\.'
<unknown>:129: SyntaxWarning: invalid escape sequence '\.'
<unknown>:130: SyntaxWarning: invalid escape sequence '\.'
<unknown>:131: SyntaxWarning: invalid escape sequence '\.'
<unknown>:132: SyntaxWarning: invalid escape sequence '\.'
<unknown>:147: SyntaxWarning: invalid escape sequence '\['
<unknown>:148: SyntaxWarning: invalid escape sequence '\.'
<unknown>:149: SyntaxWarning: invalid escape sequence '\.'
<unknown>:150: SyntaxWarning: invalid escape sequence '\.'
<unknown>:151: SyntaxWarning: invalid escape sequence '\.'
<unknown>:152: SyntaxWarning: invalid escape sequence '\.'
<unknown>:167: SyntaxWarning: invalid escape sequence '\['
<unknown>:168: SyntaxWarning: invalid escape sequence '\['
<unknown>:169: SyntaxWarning: invalid escape sequence '\['
<unknown>:170: SyntaxWarning: invalid escape sequence '\['
<unknown>:171: SyntaxWarning: invalid escape sequence '\['
<unknown>:172: SyntaxWarning: invalid escape sequence '\['
<unknown>:173: SyntaxWarning: invalid escape sequence '\['
<unknown>:174: SyntaxWarning: invalid escape sequence '\['
<unknown>:175: SyntaxWarning: invalid escape sequence '\['
<unknown>:176: SyntaxWarning: invalid escape sequence '\['
<unknown>:177: SyntaxWarning: invalid escape sequence '\['
<unknown>:190: SyntaxWarning: invalid escape sequence '\['
<unknown>:191: SyntaxWarning: invalid escape sequence '\['
<unknown>:192: SyntaxWarning: invalid escape sequence '\['
<unknown>:193: SyntaxWarning: invalid escape sequence '\['
<unknown>:194: SyntaxWarning: invalid escape sequence '\['
<unknown>:195: SyntaxWarning: invalid escape sequence '\['
<unknown>:196: SyntaxWarning: invalid escape sequence '\['
<unknown>:197: SyntaxWarning: invalid escape sequence '\['
<unknown>:198: SyntaxWarning: invalid escape sequence '\['
<unknown>:211: SyntaxWarning: invalid escape sequence '\.'
<unknown>:212: SyntaxWarning: invalid escape sequence '\.'
<unknown>:213: SyntaxWarning: invalid escape sequence '\.'
<unknown>:214: SyntaxWarning: invalid escape sequence '\.'
<unknown>:215: SyntaxWarning: invalid escape sequence '\.'
<unknown>:216: SyntaxWarning: invalid escape sequence '\.'
<unknown>:231: SyntaxWarning: invalid escape sequence '\.'
<unknown>:232: SyntaxWarning: invalid escape sequence '\.'
<unknown>:233: SyntaxWarning: invalid escape sequence '\.'
<unknown>:234: SyntaxWarning: invalid escape sequence '\.'
<unknown>:235: SyntaxWarning: invalid escape sequence '\.'
<unknown>:236: SyntaxWarning: invalid escape sequence '\.'
<unknown>:237: SyntaxWarning: invalid escape sequence '\.'
<unknown>:238: SyntaxWarning: invalid escape sequence '\.'
<unknown>:239: SyntaxWarning: invalid escape sequence '\.'
<unknown>:240: SyntaxWarning: invalid escape sequence '\.'
<unknown>:241: SyntaxWarning: invalid escape sequence '\.'
<unknown>:242: SyntaxWarning: invalid escape sequence '\.'
<unknown>:243: SyntaxWarning: invalid escape sequence '\.'
<unknown>:244: SyntaxWarning: invalid escape sequence '\.'
<unknown>:245: SyntaxWarning: invalid escape sequence '\.'
<unknown>:246: SyntaxWarning: invalid escape sequence '\.'
<unknown>:247: SyntaxWarning: invalid escape sequence '\.'
<unknown>:248: SyntaxWarning: invalid escape sequence '\.'
<unknown>:249: SyntaxWarning: invalid escape sequence '\.'
<unknown>:250: SyntaxWarning: invalid escape sequence '\.'
<unknown>:251: SyntaxWarning: invalid escape sequence '\.'
<unknown>:272: SyntaxWarning: invalid escape sequence '\['
<unknown>:273: SyntaxWarning: invalid escape sequence '\['
<unknown>:274: SyntaxWarning: invalid escape sequence '\['
<unknown>:275: SyntaxWarning: invalid escape sequence '\['
<unknown>:276: SyntaxWarning: invalid escape sequence '\['
<unknown>:277: SyntaxWarning: invalid escape sequence '\['
<unknown>:278: SyntaxWarning: invalid escape sequence '\['
<unknown>:279: SyntaxWarning: invalid escape sequence '\['
<unknown>:280: SyntaxWarning: invalid escape sequence '\['
<unknown>:281: SyntaxWarning: invalid escape sequence '\['
<unknown>:282: SyntaxWarning: invalid escape sequence '\['
<unknown>:296: SyntaxWarning: invalid escape sequence '\['
<unknown>:297: SyntaxWarning: invalid escape sequence '\['
<unknown>:298: SyntaxWarning: invalid escape sequence '\['
<unknown>:299: SyntaxWarning: invalid escape sequence '\['
<unknown>:300: SyntaxWarning: invalid escape sequence '\['
<unknown>:301: SyntaxWarning: invalid escape sequence '\['
<unknown>:315: SyntaxWarning: invalid escape sequence '\['
<unknown>:316: SyntaxWarning: invalid escape sequence '\['
<unknown>:317: SyntaxWarning: invalid escape sequence '\['
<unknown>:318: SyntaxWarning: invalid escape sequence '\['
<unknown>:319: SyntaxWarning: invalid escape sequence '\['
<unknown>:320: SyntaxWarning: invalid escape sequence '\['
<unknown>:321: SyntaxWarning: invalid escape sequence '\['
<unknown>:322: SyntaxWarning: invalid escape sequence '\['
<unknown>:323: SyntaxWarning: invalid escape sequence '\['
<unknown>:324: SyntaxWarning: invalid escape sequence '\['
<unknown>:325: SyntaxWarning: invalid escape sequence '\['
<unknown>:49: SyntaxWarning: invalid escape sequence '\s'
<unknown>:75: SyntaxWarning: invalid escape sequence '\s'
<unknown>:7: SyntaxWarning: invalid escape sequence '\s'
<unknown>:11: SyntaxWarning: invalid escape sequence '\s'
<unknown>:28: SyntaxWarning: invalid escape sequence '\s'
<unknown>:34: SyntaxWarning: invalid escape sequence '\s'
<unknown>:73: SyntaxWarning: invalid escape sequence '\m'
<unknown>:86: SyntaxWarning: invalid escape sequence '\h'
<unknown>:12: SyntaxWarning: invalid escape sequence '\s'
<unknown>:138: SyntaxWarning: invalid escape sequence '\s'
<unknown>:141: SyntaxWarning: invalid escape sequence '\s'
<unknown>:144: SyntaxWarning: invalid escape sequence '\s'
<unknown>:147: SyntaxWarning: invalid escape sequence '\s'
<unknown>:275: SyntaxWarning: invalid escape sequence '\d'
<unknown>:419: SyntaxWarning: invalid escape sequence '\d'
<unknown>:236: SyntaxWarning: invalid escape sequence '\m'
<unknown>:8: SyntaxWarning: invalid escape sequence '\L'
<unknown>:34: SyntaxWarning: invalid escape sequence '\W'
<unknown>:35: SyntaxWarning: invalid escape sequence '\d'
<unknown>:163: SyntaxWarning: invalid escape sequence '\S'
<unknown>:164: SyntaxWarning: invalid escape sequence '\S'
<unknown>:170: SyntaxWarning: invalid escape sequence '\S'
<unknown>:171: SyntaxWarning: invalid escape sequence '\S'
<unknown>:287: SyntaxWarning: invalid escape sequence '\S'
<unknown>:333: SyntaxWarning: invalid escape sequence '\S'
<unknown>:424: SyntaxWarning: invalid escape sequence '\d'
<unknown>:1083: SyntaxWarning: invalid escape sequence '\p'
<unknown>:1255: SyntaxWarning: invalid escape sequence '\w'
<unknown>:63: SyntaxWarning: invalid escape sequence '\d'
<unknown>:64: SyntaxWarning: invalid escape sequence '\d'
<unknown>:65: SyntaxWarning: invalid escape sequence '\d'
<unknown>:66: SyntaxWarning: invalid escape sequence '\d'
<unknown>:67: SyntaxWarning: invalid escape sequence '\-'
<unknown>:83: SyntaxWarning: invalid escape sequence '\d'
<unknown>:84: SyntaxWarning: invalid escape sequence '\d'
<unknown>:85: SyntaxWarning: invalid escape sequence '\d'
<unknown>:86: SyntaxWarning: invalid escape sequence '\d'
<unknown>:181: SyntaxWarning: invalid escape sequence '\ '
<unknown>:25: SyntaxWarning: invalid escape sequence '\o'
<unknown>:26: SyntaxWarning: invalid escape sequence '\s'
<unknown>:17: SyntaxWarning: invalid escape sequence '\ '
<unknown>:50: SyntaxWarning: invalid escape sequence '\h'
<unknown>:29: SyntaxWarning: invalid escape sequence '\*'
<unknown>:16: SyntaxWarning: invalid escape sequence '\m'
<unknown>:42: SyntaxWarning: invalid escape sequence '\d'
<unknown>:121: SyntaxWarning: invalid escape sequence '\d'
<unknown>:152: SyntaxWarning: invalid escape sequence '\s'
<unknown>:153: SyntaxWarning: invalid escape sequence '\.'
<unknown>:69: SyntaxWarning: invalid escape sequence '\s'
<unknown>:12: SyntaxWarning: invalid escape sequence '\o'
<unknown>:18: SyntaxWarning: invalid escape sequence '\S'
<unknown>:128: SyntaxWarning: invalid escape sequence '\S'
<unknown>:17: SyntaxWarning: invalid escape sequence '\ '
<unknown>:115: SyntaxWarning: invalid escape sequence '\c'
<unknown>:157: SyntaxWarning: invalid escape sequence '\i'
<unknown>:176: SyntaxWarning: invalid escape sequence '\i'
<unknown>:198: SyntaxWarning: invalid escape sequence '\i'
<unknown>:89: SyntaxWarning: invalid escape sequence '\d'
<unknown>:23: SyntaxWarning: invalid escape sequence '\d'
<unknown>:18: SyntaxWarning: invalid escape sequence '\*'
<unknown>:108: SyntaxWarning: invalid escape sequence '\/'
<unknown>:117: SyntaxWarning: invalid escape sequence '\/'
<unknown>:162: SyntaxWarning: invalid escape sequence '\/'
<unknown>:16: SyntaxWarning: invalid escape sequence '\d'
<unknown>:18: SyntaxWarning: invalid escape sequence '\s'
<unknown>:31: SyntaxWarning: invalid escape sequence '\W'
<unknown>:36: SyntaxWarning: invalid escape sequence '\W'
<unknown>:46: SyntaxWarning: invalid escape sequence '\W'
<unknown>:56: SyntaxWarning: invalid escape sequence '\!'
<unknown>:65: SyntaxWarning: invalid escape sequence '\W'
<unknown>:72: SyntaxWarning: invalid escape sequence '\W'
<unknown>:74: SyntaxWarning: invalid escape sequence '\s'
<unknown>:84: SyntaxWarning: invalid escape sequence '\s'
<unknown>:34: SyntaxWarning: invalid escape sequence '\S'
<unknown>:52: SyntaxWarning: invalid escape sequence '\d'
<unknown>:16: SyntaxWarning: invalid escape sequence '\W'
<unknown>:6: SyntaxWarning: invalid escape sequence '\S'
<unknown>:59: SyntaxWarning: invalid escape sequence '\w'
<unknown>:23: SyntaxWarning: invalid escape sequence '\{'
<unknown>:318: SyntaxWarning: invalid escape sequence '\T'
<unknown>:43: SyntaxWarning: invalid escape sequence '\.'
<unknown>:202: SyntaxWarning: invalid escape sequence '\d'
<unknown>:87: SyntaxWarning: invalid escape sequence '\P'
<unknown>:14: SyntaxWarning: invalid escape sequence '\.'
<unknown>:32: SyntaxWarning: invalid escape sequence '\/'
<unknown>:52: SyntaxWarning: invalid escape sequence '\('
<unknown>:41: SyntaxWarning: invalid escape sequence '\C'
<unknown>:46: SyntaxWarning: invalid escape sequence '\C'
<unknown>:294: SyntaxWarning: invalid escape sequence '\h'
<unknown>:187: SyntaxWarning: invalid escape sequence '\['
<unknown>:202: SyntaxWarning: invalid escape sequence '\['
<unknown>:32: SyntaxWarning: invalid escape sequence '\d'
<unknown>:47: SyntaxWarning: invalid escape sequence '\d'
<unknown>:34: SyntaxWarning: invalid escape sequence '\l'
<unknown>:35: SyntaxWarning: invalid escape sequence '\l'
<unknown>:89: SyntaxWarning: invalid escape sequence '\ '
<unknown>:10: SyntaxWarning: invalid escape sequence '\d'
<unknown>:58: SyntaxWarning: invalid escape sequence '\d'
<unknown>:7: SyntaxWarning: invalid escape sequence '\m'
<unknown>:7: SyntaxWarning: invalid escape sequence '\d'
<unknown>:3: SyntaxWarning: invalid escape sequence '\i'
<unknown>:4: SyntaxWarning: invalid escape sequence '\o'
<unknown>:120: SyntaxWarning: invalid escape sequence '\['
<unknown>:189: SyntaxWarning: invalid escape sequence '\('
<unknown>:193: SyntaxWarning: invalid escape sequence '\<'
<unknown>:24: SyntaxWarning: invalid escape sequence '\P'
<unknown>:33: SyntaxWarning: invalid escape sequence '\*'
<unknown>:361: SyntaxWarning: invalid escape sequence '\d'
<unknown>:396: SyntaxWarning: invalid escape sequence '\('
<unknown>:400: SyntaxWarning: invalid escape sequence '\('
<unknown>:454: SyntaxWarning: invalid escape sequence '\('
<unknown>:458: SyntaxWarning: invalid escape sequence '\('
<unknown>:32: SyntaxWarning: invalid escape sequence '\d'
<unknown>:33: SyntaxWarning: invalid escape sequence '\d'
<unknown>:20: SyntaxWarning: invalid escape sequence '\s'
<unknown>:61: SyntaxWarning: invalid escape sequence '\s'
<unknown>:33: SyntaxWarning: invalid escape sequence '\d'
<unknown>:37: SyntaxWarning: invalid escape sequence '\S'
<unknown>:21: SyntaxWarning: invalid escape sequence '\S'
<unknown>:8: SyntaxWarning: invalid escape sequence '\ '
<unknown>:73: SyntaxWarning: invalid escape sequence '\.'
<unknown>:73: SyntaxWarning: invalid escape sequence '\.'
<unknown>:74: SyntaxWarning: invalid escape sequence '\*'
<unknown>:146: SyntaxWarning: invalid escape sequence '\w'
<unknown>:24: SyntaxWarning: invalid escape sequence '\s'
<unknown>:26: SyntaxWarning: invalid escape sequence '\/'
<unknown>:71: SyntaxWarning: invalid escape sequence '\d'
<unknown>:73: SyntaxWarning: invalid escape sequence '\['
<unknown>:76: SyntaxWarning: invalid escape sequence '\s'
<unknown>:103: SyntaxWarning: invalid escape sequence '\('
<unknown>:120: SyntaxWarning: invalid escape sequence '\('
<unknown>:178: SyntaxWarning: invalid escape sequence '\.'
<unknown>:236: SyntaxWarning: invalid escape sequence '\['
<unknown>:238: SyntaxWarning: invalid escape sequence '\)'
<unknown>:22: SyntaxWarning: invalid escape sequence '\R'
<unknown>:18: SyntaxWarning: invalid escape sequence '\s'
<unknown>:11: SyntaxWarning: invalid escape sequence '\s'
<unknown>:25: SyntaxWarning: invalid escape sequence '\s'
<unknown>:31: SyntaxWarning: invalid escape sequence '\s'
<unknown>:37: SyntaxWarning: invalid escape sequence '\s'
<unknown>:49: SyntaxWarning: invalid escape sequence '\s'
<unknown>:18: SyntaxWarning: invalid escape sequence '\d'
<unknown>:19: SyntaxWarning: invalid escape sequence '\d'
<unknown>:56: SyntaxWarning: invalid escape sequence '\*'
<unknown>:56: SyntaxWarning: invalid escape sequence '\*'
<unknown>:9: SyntaxWarning: invalid escape sequence '\d'
<unknown>:158: SyntaxWarning: invalid escape sequence '\.'
<unknown>:14: SyntaxWarning: invalid escape sequence '\ '
<unknown>:16: SyntaxWarning: invalid escape sequence '\d'
<unknown>:17: SyntaxWarning: invalid escape sequence '\s'
<unknown>:7: SyntaxWarning: invalid escape sequence '\d'
<unknown>:53: SyntaxWarning: invalid escape sequence '\d'
<unknown>:64: SyntaxWarning: invalid escape sequence '\P'
<unknown>:65: SyntaxWarning: invalid escape sequence '\P'
<unknown>:66: SyntaxWarning: invalid escape sequence '\P'
<unknown>:67: SyntaxWarning: invalid escape sequence '\P'
<unknown>:431: SyntaxWarning: invalid escape sequence '\l'
<unknown>:476: SyntaxWarning: invalid escape sequence '\l'
<unknown>:574: SyntaxWarning: invalid escape sequence '\l'
<unknown>:600: SyntaxWarning: invalid escape sequence '\l'
<unknown>:644: SyntaxWarning: invalid escape sequence '\l'
<unknown>:661: SyntaxWarning: invalid escape sequence '\l'
<unknown>:18: SyntaxWarning: invalid escape sequence '\_'
<unknown>:36: SyntaxWarning: invalid escape sequence '\w'
<unknown>:16: SyntaxWarning: invalid escape sequence '\/'
<unknown>:17: SyntaxWarning: invalid escape sequence '\/'
<unknown>:117: SyntaxWarning: invalid escape sequence '\g'
<unknown>:30: SyntaxWarning: invalid escape sequence '\-'
<unknown>:117: SyntaxWarning: invalid escape sequence '\d'
<unknown>:4: SyntaxWarning: invalid escape sequence '\s'
<unknown>:112: SyntaxWarning: invalid escape sequence '\D'
<unknown>:14: SyntaxWarning: invalid escape sequence '\o'
<unknown>:14: SyntaxWarning: invalid escape sequence '\o'
<unknown>:14: SyntaxWarning: invalid escape sequence '\o'
<unknown>:31: SyntaxWarning: invalid escape sequence '\o'
<unknown>:121: SyntaxWarning: invalid escape sequence '\o'
<unknown>:241: SyntaxWarning: invalid escape sequence '\P'
<unknown>:242: SyntaxWarning: invalid escape sequence '\P'
<unknown>:243: SyntaxWarning: invalid escape sequence '\P'
<unknown>:258: SyntaxWarning: invalid escape sequence '\P'
<unknown>:34: SyntaxWarning: invalid escape sequence '\$'
<unknown>:36: SyntaxWarning: invalid escape sequence '\$'
<unknown>:38: SyntaxWarning: invalid escape sequence '\$'
<unknown>:30: SyntaxWarning: invalid escape sequence '\d'
<unknown>:142: SyntaxWarning: invalid escape sequence '\m'
<unknown>:157: SyntaxWarning: invalid escape sequence '\m'
<unknown>:168: SyntaxWarning: invalid escape sequence '\m'
<unknown>:117: SyntaxWarning: invalid escape sequence '\.'
<unknown>:118: SyntaxWarning: invalid escape sequence '\.'
<unknown>:119: SyntaxWarning: invalid escape sequence '\.'
<unknown>:6: SyntaxWarning: invalid escape sequence '\c'
<unknown>:37: SyntaxWarning: invalid escape sequence '\A'
<unknown>:28: SyntaxWarning: invalid escape sequence '\w'
<unknown>:11: SyntaxWarning: invalid escape sequence '\ '
<unknown>:15: SyntaxWarning: invalid escape sequence '\i'
<unknown>:16: SyntaxWarning: invalid escape sequence '\i'
<unknown>:17: SyntaxWarning: invalid escape sequence '\i'
<unknown>:18: SyntaxWarning: invalid escape sequence '\i'
<unknown>:19: SyntaxWarning: invalid escape sequence '\i'
<unknown>:52: SyntaxWarning: invalid escape sequence '\C'
<unknown>:53: SyntaxWarning: invalid escape sequence '\C'
<unknown>:14: SyntaxWarning: invalid escape sequence '\s'
<unknown>:15: SyntaxWarning: invalid escape sequence '\s'
<unknown>:16: SyntaxWarning: invalid escape sequence '\s'
<unknown>:23: SyntaxWarning: invalid escape sequence '\s'
<unknown>:86: SyntaxWarning: invalid escape sequence '\d'
<unknown>:85: SyntaxWarning: invalid escape sequence '\s'
<unknown>:107: SyntaxWarning: invalid escape sequence '\d'
<unknown>:2: SyntaxWarning: invalid escape sequence '\R'
<unknown>:312: SyntaxWarning: invalid escape sequence '\ '
<unknown>:77: SyntaxWarning: invalid escape sequence '\d'
<unknown>:78: SyntaxWarning: invalid escape sequence '\.'
<unknown>:10: SyntaxWarning: invalid escape sequence '\s'
<unknown>:38: SyntaxWarning: invalid escape sequence '\d'
<unknown>:49: SyntaxWarning: invalid escape sequence '\w'
<unknown>:68: SyntaxWarning: invalid escape sequence '\g'
<unknown>:147: SyntaxWarning: invalid escape sequence '\p'
<unknown>:162: SyntaxWarning: invalid escape sequence '\l'
<unknown>:219: SyntaxWarning: invalid escape sequence '\c'
<unknown>:238: SyntaxWarning: invalid escape sequence '\s'
<unknown>:257: SyntaxWarning: invalid escape sequence '\s'
<unknown>:272: SyntaxWarning: invalid escape sequence '\s'
<unknown>:299: SyntaxWarning: invalid escape sequence '\s'
<unknown>:397: SyntaxWarning: invalid escape sequence '\l'
<unknown>:289: SyntaxWarning: invalid escape sequence '\s'
<unknown>:32: SyntaxWarning: invalid escape sequence '\s'
<unknown>:173: SyntaxWarning: invalid escape sequence '\l'
<unknown>:174: SyntaxWarning: invalid escape sequence '\l'
<unknown>:246: SyntaxWarning: invalid escape sequence '\L'
<unknown>:254: SyntaxWarning: invalid escape sequence '\L'
<unknown>:326: SyntaxWarning: invalid escape sequence '\l'
<unknown>:327: SyntaxWarning: invalid escape sequence '\l'
<unknown>:381: SyntaxWarning: invalid escape sequence '\L'
<unknown>:389: SyntaxWarning: invalid escape sequence '\L'
<unknown>:78: SyntaxWarning: invalid escape sequence '\['
<unknown>:79: SyntaxWarning: invalid escape sequence '\]'
<unknown>:80: SyntaxWarning: invalid escape sequence '\['
<unknown>:81: SyntaxWarning: invalid escape sequence '\]'
<unknown>:82: SyntaxWarning: invalid escape sequence '\/'
<unknown>:83: SyntaxWarning: invalid escape sequence '\['
<unknown>:338: SyntaxWarning: invalid escape sequence '\.'
<unknown>:65: SyntaxWarning: invalid escape sequence '\.'
<unknown>:20: SyntaxWarning: invalid escape sequence '\.'
<unknown>:131: SyntaxWarning: invalid escape sequence '\.'
<unknown>:85: SyntaxWarning: invalid escape sequence '\|'
<unknown>:100: SyntaxWarning: invalid escape sequence '\|'
<unknown>:4: SyntaxWarning: invalid escape sequence '\s'
<unknown>:219: SyntaxWarning: invalid escape sequence '\s'
<unknown>:7: SyntaxWarning: invalid escape sequence '\P'
<unknown>:29: SyntaxWarning: invalid escape sequence '\l'
<unknown>:11: SyntaxWarning: invalid escape sequence '\d'
<unknown>:51: SyntaxWarning: invalid escape sequence '\s'
<unknown>:24: SyntaxWarning: invalid escape sequence '\d'
<unknown>:38: SyntaxWarning: invalid escape sequence '\B'
<unknown>:4: SyntaxWarning: invalid escape sequence '\w'
<unknown>:23: SyntaxWarning: invalid escape sequence '\d'
<unknown>:20: SyntaxWarning: invalid escape sequence '\i'
<unknown>:48: SyntaxWarning: invalid escape sequence '\g'
<unknown>:49: SyntaxWarning: invalid escape sequence '\g'
<unknown>:50: SyntaxWarning: invalid escape sequence '\g'
<unknown>:51: SyntaxWarning: invalid escape sequence '\g'
<unknown>:53: SyntaxWarning: invalid escape sequence '\g'
<unknown>:62: SyntaxWarning: invalid escape sequence '\g'
<unknown>:38: SyntaxWarning: invalid escape sequence '\d'
<unknown>:134: SyntaxWarning: invalid escape sequence '\s'
<unknown>:189: SyntaxWarning: invalid escape sequence '\d'
<unknown>:54: SyntaxWarning: invalid escape sequence '\s'
<unknown>:24: SyntaxWarning: invalid escape sequence '\e'
<unknown>:119: SyntaxWarning: invalid escape sequence '\_'
<unknown>:11: SyntaxWarning: invalid escape sequence '\l'
<unknown>:41: SyntaxWarning: invalid escape sequence '\l'
<unknown>:77: SyntaxWarning: invalid escape sequence '\l'
<unknown>:14: SyntaxWarning: invalid escape sequence '\c'
<unknown>:11: SyntaxWarning: invalid escape sequence '\s'
<unknown>:12: SyntaxWarning: invalid escape sequence '\s'
<unknown>:147: SyntaxWarning: invalid escape sequence '\['
<unknown>:148: SyntaxWarning: invalid escape sequence '\('
<unknown>:755: SyntaxWarning: invalid escape sequence '\['
<unknown>:756: SyntaxWarning: invalid escape sequence '\('
<unknown>:44: SyntaxWarning: invalid escape sequence '\d'
<unknown>:48: SyntaxWarning: invalid escape sequence '\.'
<unknown>:67: SyntaxWarning: invalid escape sequence '\S'
<unknown>:68: SyntaxWarning: invalid escape sequence '\m'
<unknown>:46: SyntaxWarning: invalid escape sequence '\s'
<unknown>:94: SyntaxWarning: invalid escape sequence '\9'
<unknown>:26: SyntaxWarning: invalid escape sequence '\i'
<unknown>:180: SyntaxWarning: invalid escape sequence '\s'
<unknown>:248: SyntaxWarning: invalid escape sequence '\s'
<unknown>:309: SyntaxWarning: invalid escape sequence '\s'
<unknown>:85: SyntaxWarning: invalid escape sequence '\Z'
<unknown>:85: SyntaxWarning: invalid escape sequence '\.'
<unknown>:132: SyntaxWarning: invalid escape sequence '\.'
<unknown>:86: SyntaxWarning: invalid escape sequence '\_'
<unknown>:83: SyntaxWarning: invalid escape sequence '\w'
<unknown>:90: SyntaxWarning: invalid escape sequence '\s'
<unknown>:134: SyntaxWarning: invalid escape sequence '\S'
<unknown>:135: SyntaxWarning: invalid escape sequence '\d'
<unknown>:136: SyntaxWarning: invalid escape sequence '\d'
<unknown>:137: SyntaxWarning: invalid escape sequence '\<'
<unknown>:138: SyntaxWarning: invalid escape sequence '\S'
<unknown>:139: SyntaxWarning: invalid escape sequence '\d'
<unknown>:140: SyntaxWarning: invalid escape sequence '\/'
<unknown>:155: SyntaxWarning: invalid escape sequence '\s'
<unknown>:155: SyntaxWarning: invalid escape sequence '\s'
<unknown>:164: SyntaxWarning: invalid escape sequence '\d'
<unknown>:647: SyntaxWarning: invalid escape sequence '\s'
<unknown>:36: SyntaxWarning: invalid escape sequence '\/'
<unknown>:14: SyntaxWarning: invalid escape sequence '\p'
<unknown>:97: SyntaxWarning: invalid escape sequence '\$'
<unknown>:15: SyntaxWarning: invalid escape sequence '\h'
<unknown>:19: SyntaxWarning: invalid escape sequence '\m'
<unknown>:115: SyntaxWarning: invalid escape sequence '\w'
<unknown>:38: SyntaxWarning: invalid escape sequence '\?'
<unknown>:122: SyntaxWarning: invalid escape sequence '\d'
<unknown>:126: SyntaxWarning: invalid escape sequence '\d'
<unknown>:327: SyntaxWarning: invalid escape sequence '\c'
<unknown>:13: SyntaxWarning: invalid escape sequence '\m'
<unknown>:17: SyntaxWarning: invalid escape sequence '\,'
<unknown>:57: SyntaxWarning: invalid escape sequence '\ '
<unknown>:1824: SyntaxWarning: invalid escape sequence '\ '
<unknown>:19: SyntaxWarning: invalid escape sequence '\ '
<unknown>:20: SyntaxWarning: invalid escape sequence '\ '
<unknown>:21: SyntaxWarning: invalid escape sequence '\ '
<unknown>:22: SyntaxWarning: invalid escape sequence '\ '
<unknown>:23: SyntaxWarning: invalid escape sequence '\_'
<unknown>:35: SyntaxWarning: invalid escape sequence '\s'
<unknown>:47: SyntaxWarning: invalid escape sequence '\s'
<unknown>:121: SyntaxWarning: invalid escape sequence '\d'
<unknown>:40: SyntaxWarning: invalid escape sequence '\.'
<unknown>:317: SyntaxWarning: invalid escape sequence '\d'
<unknown>:163: SyntaxWarning: invalid escape sequence '\['
<unknown>:110: SyntaxWarning: invalid escape sequence '\s'
<unknown>:14: SyntaxWarning: invalid escape sequence '\s'
<unknown>:446: SyntaxWarning: invalid escape sequence '\#'
<unknown>:57: SyntaxWarning: invalid escape sequence '\|'
<unknown>:102: SyntaxWarning: invalid escape sequence '\|'
<unknown>:112: SyntaxWarning: invalid escape sequence '\l'
<unknown>:12: SyntaxWarning: invalid escape sequence '\T'
<unknown>:43: SyntaxWarning: invalid escape sequence '\s'
<unknown>:20: SyntaxWarning: invalid escape sequence '\m'
<unknown>:46: SyntaxWarning: invalid escape sequence '\S'
<unknown>:59: SyntaxWarning: invalid escape sequence '\w'
<unknown>:62: SyntaxWarning: invalid escape sequence '\s'
<unknown>:28: SyntaxWarning: invalid escape sequence '\d'
<unknown>:10: SyntaxWarning: invalid escape sequence '\)'
<unknown>:20: SyntaxWarning: invalid escape sequence '\/'
<unknown>:16: SyntaxWarning: invalid escape sequence '\ '
<unknown>:151: SyntaxWarning: invalid escape sequence '\.'
<unknown>:273: SyntaxWarning: invalid escape sequence '\w'
<unknown>:176: SyntaxWarning: invalid escape sequence '\d'
<unknown>:185: SyntaxWarning: invalid escape sequence '\d'
<unknown>:182: SyntaxWarning: invalid escape sequence '\c'
<unknown>:39: SyntaxWarning: invalid escape sequence '\d'
<unknown>:62: SyntaxWarning: invalid escape sequence '\d'
<unknown>:71: SyntaxWarning: invalid escape sequence '\d'
<unknown>:76: SyntaxWarning: invalid escape sequence '\d'
<unknown>:59: SyntaxWarning: invalid escape sequence '\d'
<unknown>:75: SyntaxWarning: invalid escape sequence '\d'
<unknown>:91: SyntaxWarning: invalid escape sequence '\d'
<unknown>:17: SyntaxWarning: invalid escape sequence '\s'
<unknown>:11: SyntaxWarning: invalid escape sequence '\B'
<unknown>:33: SyntaxWarning: invalid escape sequence '\.'
<unknown>:34: SyntaxWarning: invalid escape sequence '\*'
<unknown>:36: SyntaxWarning: invalid escape sequence '\:'
<unknown>:37: SyntaxWarning: invalid escape sequence '\s'
<unknown>:38: SyntaxWarning: invalid escape sequence '\['
<unknown>:109: SyntaxWarning: invalid escape sequence '\s'
<unknown>:25: SyntaxWarning: invalid escape sequence '\.'
<unknown>:43: SyntaxWarning: invalid escape sequence '\<'
<unknown>:43: SyntaxWarning: invalid escape sequence '\<'
<unknown>:44: SyntaxWarning: invalid escape sequence '\.'
<unknown>:45: SyntaxWarning: invalid escape sequence '\-'
<unknown>:48: SyntaxWarning: invalid escape sequence '\.'
<unknown>:48: SyntaxWarning: invalid escape sequence '\.'
<unknown>:37: SyntaxWarning: invalid escape sequence '\d'
<unknown>:38: SyntaxWarning: invalid escape sequence '\d'
<unknown>:39: SyntaxWarning: invalid escape sequence '\d'
<unknown>:10: SyntaxWarning: invalid escape sequence '\('
<unknown>:14: SyntaxWarning: invalid escape sequence '\w'
<unknown>:22: SyntaxWarning: invalid escape sequence '\('
<unknown>:118: SyntaxWarning: invalid escape sequence '\('
<unknown>:8: SyntaxWarning: invalid escape sequence '\p'
<unknown>:26: SyntaxWarning: invalid escape sequence '\.'
<unknown>:11: SyntaxWarning: invalid escape sequence '\s'
<unknown>:12: SyntaxWarning: invalid escape sequence '\s'
<unknown>:12: SyntaxWarning: invalid escape sequence '\m'
<unknown>:17: SyntaxWarning: invalid escape sequence '\s'
<unknown>:85: SyntaxWarning: invalid escape sequence '\c'
<unknown>:28: SyntaxWarning: invalid escape sequence '\ '
<unknown>:199: SyntaxWarning: invalid escape sequence '\-'
<unknown>:199: SyntaxWarning: invalid escape sequence '\_'
<unknown>:90: SyntaxWarning: invalid escape sequence '\w'
<unknown>:7: SyntaxWarning: invalid escape sequence '\d'
<unknown>:72: SyntaxWarning: invalid escape sequence '\w'
<unknown>:24: SyntaxWarning: invalid escape sequence '\/'
<unknown>:54: SyntaxWarning: invalid escape sequence '\S'
<unknown>:73: SyntaxWarning: invalid escape sequence '\_'
<unknown>:73: SyntaxWarning: invalid escape sequence '\_'
<unknown>:102: SyntaxWarning: invalid escape sequence '\_'
<unknown>:102: SyntaxWarning: invalid escape sequence '\_'
<unknown>:48: SyntaxWarning: invalid escape sequence '\.'
<unknown>:58: SyntaxWarning: invalid escape sequence '\.'
<unknown>:88: SyntaxWarning: invalid escape sequence '\*'
<unknown>:89: SyntaxWarning: invalid escape sequence '\.'
<unknown>:281: SyntaxWarning: invalid escape sequence '\['
<unknown>:307: SyntaxWarning: invalid escape sequence '\('
<unknown>:322: SyntaxWarning: invalid escape sequence '\('
<unknown>:333: SyntaxWarning: invalid escape sequence '\('
<unknown>:10: SyntaxWarning: invalid escape sequence '\.'
<unknown>:73: SyntaxWarning: invalid escape sequence '\d'
<unknown>:71: SyntaxWarning: invalid escape sequence '\['
<unknown>:21: SyntaxWarning: invalid escape sequence '\.'
<unknown>:1083: SyntaxWarning: invalid escape sequence '\('
<unknown>:11: SyntaxWarning: invalid escape sequence '\d'
<unknown>:115: SyntaxWarning: invalid escape sequence '\w'
<unknown>:134: SyntaxWarning: invalid escape sequence '\S'
<unknown>:211: SyntaxWarning: invalid escape sequence '\w'
<unknown>:290: SyntaxWarning: invalid escape sequence '\w'
<unknown>:291: SyntaxWarning: invalid escape sequence '\('
<unknown>:295: SyntaxWarning: invalid escape sequence '\w'
<unknown>:22: SyntaxWarning: invalid escape sequence '\.'
<unknown>:27: SyntaxWarning: invalid escape sequence '\.'
<unknown>:8: SyntaxWarning: invalid escape sequence '\s'
<unknown>:13: SyntaxWarning: invalid escape sequence '\['
<unknown>:13: SyntaxWarning: invalid escape sequence '\g'
<unknown>:14: SyntaxWarning: invalid escape sequence '\['
<unknown>:14: SyntaxWarning: invalid escape sequence '\g'
<unknown>:30: SyntaxWarning: invalid escape sequence '\+'
<unknown>:132: SyntaxWarning: invalid escape sequence '\ '
<unknown>:152: SyntaxWarning: invalid escape sequence '\ '
<unknown>:10: SyntaxWarning: invalid escape sequence '\S'
<unknown>:34: SyntaxWarning: invalid escape sequence '\s'
<unknown>:74: SyntaxWarning: invalid escape sequence '\s'
<unknown>:6: SyntaxWarning: invalid escape sequence '\L'
<unknown>:24: SyntaxWarning: invalid escape sequence '\ '
<unknown>:359: SyntaxWarning: invalid escape sequence '\ '
<unknown>:66: SyntaxWarning: invalid escape sequence '\ '
<unknown>:82: SyntaxWarning: invalid escape sequence '\ '
<unknown>:98: SyntaxWarning: invalid escape sequence '\ '
<unknown>:114: SyntaxWarning: invalid escape sequence '\ '
<unknown>:113: SyntaxWarning: invalid escape sequence '\s'
<unknown>:114: SyntaxWarning: invalid escape sequence '\s'
<unknown>:57: SyntaxWarning: invalid escape sequence '\['
<unknown>:235: SyntaxWarning: invalid escape sequence '\_'
<unknown>:244: SyntaxWarning: invalid escape sequence '\_'
<unknown>:659: SyntaxWarning: invalid escape sequence '\S'
<unknown>:26: SyntaxWarning: invalid escape sequence '\o'
<unknown>:79: SyntaxWarning: invalid escape sequence '\d'
<unknown>:28: SyntaxWarning: invalid escape sequence '\w'
<unknown>:28: SyntaxWarning: invalid escape sequence '\d'
<unknown>:381: SyntaxWarning: invalid escape sequence '\-'
<unknown>:381: SyntaxWarning: invalid escape sequence '\/'
<unknown>:394: SyntaxWarning: invalid escape sequence '\,'
<unknown>:396: SyntaxWarning: invalid escape sequence '\,'
<unknown>:467: SyntaxWarning: invalid escape sequence '\d'
<unknown>:468: SyntaxWarning: invalid escape sequence '\d'
<unknown>:666: SyntaxWarning: invalid escape sequence '\d'
<unknown>:667: SyntaxWarning: invalid escape sequence '\d'
<unknown>:716: SyntaxWarning: invalid escape sequence '\('
<unknown>:755: SyntaxWarning: invalid escape sequence '\d'
<unknown>:310: SyntaxWarning: invalid escape sequence '\ '
<unknown>:16: SyntaxWarning: invalid escape sequence '\]'
<unknown>:56: SyntaxWarning: invalid escape sequence '\d'
<unknown>:20: SyntaxWarning: invalid escape sequence '\d'
<unknown>:24: SyntaxWarning: invalid escape sequence '\d'
<unknown>:10: SyntaxWarning: invalid escape sequence '\d'
<unknown>:20: SyntaxWarning: invalid escape sequence '\ '
<unknown>:252: SyntaxWarning: invalid escape sequence '\c'
<unknown>:7: SyntaxWarning: invalid escape sequence '\ '
<unknown>:41: SyntaxWarning: invalid escape sequence '\ '
<unknown>:80: SyntaxWarning: invalid escape sequence '\.'
<unknown>:6: SyntaxWarning: invalid escape sequence '\C'
<unknown>:19: SyntaxWarning: invalid escape sequence '\('
<unknown>:43: SyntaxWarning: invalid escape sequence '\s'
<unknown>:54: SyntaxWarning: invalid escape sequence '\s'
<unknown>:69: SyntaxWarning: invalid escape sequence '\s'
<unknown>:2: SyntaxWarning: invalid escape sequence '\d'
<unknown>:69: SyntaxWarning: invalid escape sequence '\m'
<unknown>:70: SyntaxWarning: invalid escape sequence '\m'
<unknown>:196: SyntaxWarning: invalid escape sequence '\m'
<unknown>:196: SyntaxWarning: invalid escape sequence '\m'
<unknown>:196: SyntaxWarning: invalid escape sequence '\m'
<unknown>:196: SyntaxWarning: invalid escape sequence '\m'
<unknown>:90: SyntaxWarning: invalid escape sequence '\m'
<unknown>:34: SyntaxWarning: invalid escape sequence '\d'
<unknown>:184: SyntaxWarning: invalid escape sequence '\|'
<unknown>:265: SyntaxWarning: invalid escape sequence '\|'
<unknown>:441: SyntaxWarning: invalid escape sequence '\|'
<unknown>:494: SyntaxWarning: invalid escape sequence '\|'
<unknown>:572: SyntaxWarning: invalid escape sequence '\|'
<unknown>:14: SyntaxWarning: invalid escape sequence '\ '
<unknown>:26: SyntaxWarning: invalid escape sequence '\_'
<unknown>:189: SyntaxWarning: invalid escape sequence '\ '
<unknown>:196: SyntaxWarning: invalid escape sequence '\~'
<unknown>:198: SyntaxWarning: invalid escape sequence '\_'
<unknown>:201: SyntaxWarning: invalid escape sequence '\ '
<unknown>:205: SyntaxWarning: invalid escape sequence '\/'
<unknown>:206: SyntaxWarning: invalid escape sequence '\_'
<unknown>:102: SyntaxWarning: invalid escape sequence '\P'
<unknown>:17: SyntaxWarning: invalid escape sequence '\i'
<unknown>:18: SyntaxWarning: invalid escape sequence '\p'
<unknown>:1: SyntaxWarning: invalid escape sequence '\m'
<unknown>:14: SyntaxWarning: invalid escape sequence '\ '
<unknown>:19: SyntaxWarning: invalid escape sequence '\s'
<unknown>:49: SyntaxWarning: invalid escape sequence '\s'
<unknown>:203: SyntaxWarning: invalid escape sequence '\/'
<unknown>:60: SyntaxWarning: invalid escape sequence '\ '
<unknown>:61: SyntaxWarning: invalid escape sequence '\ '
<unknown>:62: SyntaxWarning: invalid escape sequence '\ '
<unknown>:86: SyntaxWarning: invalid escape sequence '\ '
<unknown>:117: SyntaxWarning: invalid escape sequence '\ '
<unknown>:31: SyntaxWarning: invalid escape sequence '\d'
<unknown>:25: SyntaxWarning: invalid escape sequence '\/'
<unknown>:37: SyntaxWarning: invalid escape sequence '\o'
<unknown>:42: SyntaxWarning: invalid escape sequence '\,'
<unknown>:43: SyntaxWarning: invalid escape sequence '\,'
<unknown>:77: SyntaxWarning: invalid escape sequence '\o'
<unknown>:87: SyntaxWarning: invalid escape sequence '\,'
<unknown>:51: SyntaxWarning: invalid escape sequence '\|'
<unknown>:56: SyntaxWarning: invalid escape sequence '\s'
<unknown>:23: SyntaxWarning: invalid escape sequence '\m'
<unknown>:17: SyntaxWarning: invalid escape sequence '\d'
<unknown>:11: SyntaxWarning: invalid escape sequence '\p'
<unknown>:12: SyntaxWarning: invalid escape sequence '\S'
<unknown>:13: SyntaxWarning: invalid escape sequence '\S'
<unknown>:14: SyntaxWarning: invalid escape sequence '\S'
<unknown>:215: SyntaxWarning: invalid escape sequence '\c'
<unknown>:236: SyntaxWarning: invalid escape sequence '\['
<unknown>:10: SyntaxWarning: invalid escape sequence '\/'
<unknown>:35: SyntaxWarning: invalid escape sequence '\.'
<unknown>:51: SyntaxWarning: invalid escape sequence '\.'
<unknown>:54: SyntaxWarning: invalid escape sequence '\/'
<unknown>:7: SyntaxWarning: invalid escape sequence '\g'
<unknown>:87: SyntaxWarning: invalid escape sequence '\m'
<unknown>:89: SyntaxWarning: invalid escape sequence '\l'
<unknown>:93: SyntaxWarning: invalid escape sequence '\m'
<unknown>:27: SyntaxWarning: invalid escape sequence '\<'
<unknown>:31: SyntaxWarning: invalid escape sequence '\m'
<unknown>:152: SyntaxWarning: invalid escape sequence '\d'
<unknown>:34: SyntaxWarning: invalid escape sequence '\w'
<unknown>:36: SyntaxWarning: invalid escape sequence '\w'
<unknown>:170: SyntaxWarning: invalid escape sequence '\W'
<unknown>:14: SyntaxWarning: invalid escape sequence '\('
<unknown>:41: SyntaxWarning: invalid escape sequence '\w'
<unknown>:104: SyntaxWarning: invalid escape sequence '\['
<unknown>:105: SyntaxWarning: invalid escape sequence '\('
<unknown>:106: SyntaxWarning: invalid escape sequence '\s'
<unknown>:107: SyntaxWarning: invalid escape sequence '\('
<unknown>:108: SyntaxWarning: invalid escape sequence '\s'
<unknown>:109: SyntaxWarning: invalid escape sequence '\('
<unknown>:110: SyntaxWarning: invalid escape sequence '\s'
<unknown>:111: SyntaxWarning: invalid escape sequence '\('
<unknown>:91: SyntaxWarning: invalid escape sequence '\d'
<unknown>:115: SyntaxWarning: invalid escape sequence '\d'
<unknown>:159: SyntaxWarning: invalid escape sequence '\s'
<unknown>:33: SyntaxWarning: invalid escape sequence '\d'
<unknown>:41: SyntaxWarning: invalid escape sequence '\d'
<unknown>:55: SyntaxWarning: invalid escape sequence '\d'
<unknown>:62: SyntaxWarning: invalid escape sequence '\d'
<unknown>:132: SyntaxWarning: invalid escape sequence '\Y'
<unknown>:133: SyntaxWarning: invalid escape sequence '\Y'
<unknown>:77: SyntaxWarning: invalid escape sequence '\s'
<unknown>:126: SyntaxWarning: invalid escape sequence '\s'
<unknown>:267: SyntaxWarning: invalid escape sequence '\s'
<unknown>:400: SyntaxWarning: invalid escape sequence '\s'
<unknown>:39: SyntaxWarning: invalid escape sequence '\s'
<unknown>:71: SyntaxWarning: invalid escape sequence '\m'
<unknown>:133: SyntaxWarning: invalid escape sequence '\m'
<unknown>:212: SyntaxWarning: invalid escape sequence '\m'
<unknown>:312: SyntaxWarning: invalid escape sequence '\_'
<unknown>:367: SyntaxWarning: invalid escape sequence '\s'
<unknown>:424: SyntaxWarning: invalid escape sequence '\s'
<unknown>:497: SyntaxWarning: invalid escape sequence '\s'
<unknown>:12: SyntaxWarning: invalid escape sequence '\B'
<unknown>:17: SyntaxWarning: invalid escape sequence '\D'
<unknown>:62: SyntaxWarning: invalid escape sequence '\d'
<unknown>:77: SyntaxWarning: invalid escape sequence '\|'
<unknown>:170: SyntaxWarning: invalid escape sequence '\.'
<unknown>:32: SyntaxWarning: invalid escape sequence '\s'
<unknown>:41: SyntaxWarning: invalid escape sequence '\s'
<unknown>:94: SyntaxWarning: invalid escape sequence '\d'
<unknown>:98: SyntaxWarning: invalid escape sequence '\d'
<unknown>:90: SyntaxWarning: invalid escape sequence '\d'
<unknown>:267: SyntaxWarning: invalid escape sequence '\l'
<unknown>:438: SyntaxWarning: invalid escape sequence '\d'
<unknown>:143: SyntaxWarning: invalid escape sequence '\$'
<unknown>:9: SyntaxWarning: invalid escape sequence '\-'
<unknown>:23: SyntaxWarning: invalid escape sequence '\m'
<unknown>:66: SyntaxWarning: invalid escape sequence '\s'
<unknown>:75: SyntaxWarning: invalid escape sequence '\['
<unknown>:206: SyntaxWarning: invalid escape sequence '\d'
<unknown>:115: SyntaxWarning: invalid escape sequence '\d'
<unknown>:262: SyntaxWarning: invalid escape sequence '\|'
<unknown>:263: SyntaxWarning: invalid escape sequence '\|'
<unknown>:264: SyntaxWarning: invalid escape sequence '\|'
<unknown>:25: SyntaxWarning: invalid escape sequence '\i'
<unknown>:135: SyntaxWarning: invalid escape sequence '\['
<unknown>:40: SyntaxWarning: invalid escape sequence '\s'
<unknown>:45: SyntaxWarning: invalid escape sequence '\s'
<unknown>:93: SyntaxWarning: invalid escape sequence '\d'
<unknown>:104: SyntaxWarning: invalid escape sequence '\d'
<unknown>:124: SyntaxWarning: invalid escape sequence '\s'
<unknown>:153: SyntaxWarning: invalid escape sequence '\d'
<unknown>:165: SyntaxWarning: invalid escape sequence '\d'
<unknown>:186: SyntaxWarning: invalid escape sequence '\s'
<unknown>:192: SyntaxWarning: invalid escape sequence '\s'
<unknown>:204: SyntaxWarning: invalid escape sequence '\s'
<unknown>:245: SyntaxWarning: invalid escape sequence '\d'
<unknown>:252: SyntaxWarning: invalid escape sequence '\s'
<unknown>:265: SyntaxWarning: invalid escape sequence '\d'
<unknown>:282: SyntaxWarning: invalid escape sequence '\d'
<unknown>:303: SyntaxWarning: invalid escape sequence '\d'
<unknown>:318: SyntaxWarning: invalid escape sequence '\d'
<unknown>:333: SyntaxWarning: invalid escape sequence '\s'
<unknown>:345: SyntaxWarning: invalid escape sequence '\s'
<unknown>:358: SyntaxWarning: invalid escape sequence '\s'
<unknown>:366: SyntaxWarning: invalid escape sequence '\s'
<unknown>:401: SyntaxWarning: invalid escape sequence '\s'
<unknown>:407: SyntaxWarning: invalid escape sequence '\s'
<unknown>:37: SyntaxWarning: invalid escape sequence '\ '
<unknown>:11: SyntaxWarning: invalid escape sequence '\.'
<unknown>:12: SyntaxWarning: invalid escape sequence '\.'
<unknown>:13: SyntaxWarning: invalid escape sequence '\.'
<unknown>:17: SyntaxWarning: invalid escape sequence '\.'
<unknown>:18: SyntaxWarning: invalid escape sequence '\k'
<unknown>:26: SyntaxWarning: invalid escape sequence '\k'
<unknown>:36: SyntaxWarning: invalid escape sequence '\m'
<unknown>:40: SyntaxWarning: invalid escape sequence '\A'
<unknown>:41: SyntaxWarning: invalid escape sequence '\g'
<unknown>:4: SyntaxWarning: invalid escape sequence '\c'
<unknown>:19: SyntaxWarning: invalid escape sequence '\s'
<unknown>:20: SyntaxWarning: invalid escape sequence '\d'
<unknown>:21: SyntaxWarning: invalid escape sequence '\d'
<unknown>:22: SyntaxWarning: invalid escape sequence '\d'
<unknown>:628: SyntaxWarning: invalid escape sequence '\S'
<unknown>:685: SyntaxWarning: invalid escape sequence '\w'
<unknown>:690: SyntaxWarning: invalid escape sequence '\s'
<unknown>:72: SyntaxWarning: invalid escape sequence '\p'
<unknown>:22: SyntaxWarning: invalid escape sequence '\d'
<unknown>:23: SyntaxWarning: invalid escape sequence '\d'
<unknown>:24: SyntaxWarning: invalid escape sequence '\d'
<unknown>:25: SyntaxWarning: invalid escape sequence '\d'
<unknown>:15: SyntaxWarning: invalid escape sequence '\p'
<unknown>:39: SyntaxWarning: invalid escape sequence '\c'
<unknown>:42: SyntaxWarning: invalid escape sequence '\l'
<unknown>:45: SyntaxWarning: invalid escape sequence '\c'
<unknown>:4: SyntaxWarning: invalid escape sequence '\s'
<unknown>:45: SyntaxWarning: invalid escape sequence '\D'
<unknown>:57: SyntaxWarning: invalid escape sequence '\D'
<unknown>:92: SyntaxWarning: invalid escape sequence '\D'
<unknown>:171: SyntaxWarning: invalid escape sequence '\p'
<unknown>:27: SyntaxWarning: invalid escape sequence '\|'
<unknown>:28: SyntaxWarning: invalid escape sequence '\|'
<unknown>:77: SyntaxWarning: invalid escape sequence '\/'
<unknown>:7: SyntaxWarning: invalid escape sequence '\S'
<unknown>:16: SyntaxWarning: invalid escape sequence '\d'
<unknown>:18: SyntaxWarning: invalid escape sequence '\d'
<unknown>:434: SyntaxWarning: invalid escape sequence '\d'
<unknown>:88: SyntaxWarning: invalid escape sequence '\-'
<unknown>:25: SyntaxWarning: invalid escape sequence '\p'
<unknown>:64: SyntaxWarning: invalid escape sequence '\s'
<unknown>:14: SyntaxWarning: invalid escape sequence '\*'
<unknown>:273: SyntaxWarning: invalid escape sequence '\w'
<unknown>:13: SyntaxWarning: invalid escape sequence '\s'
<unknown>:39: SyntaxWarning: invalid escape sequence '\s'
<unknown>:5: SyntaxWarning: invalid escape sequence '\s'
<unknown>:5: SyntaxWarning: invalid escape sequence '\s'
<unknown>:7: SyntaxWarning: invalid escape sequence '\s'
<unknown>:143: SyntaxWarning: invalid escape sequence '\c'
<unknown>:11: SyntaxWarning: invalid escape sequence '\/'
<unknown>:50: SyntaxWarning: invalid escape sequence '\i'
<unknown>:80: SyntaxWarning: invalid escape sequence '\s'
<unknown>:135: SyntaxWarning: invalid escape sequence '\i'
<unknown>:21: SyntaxWarning: invalid escape sequence '\('
<unknown>:22: SyntaxWarning: invalid escape sequence '\e'
<unknown>:37: SyntaxWarning: invalid escape sequence '\d'
<unknown>:195: SyntaxWarning: invalid escape sequence '\d'
<unknown>:21: SyntaxWarning: invalid escape sequence '\d'
<unknown>:134: SyntaxWarning: invalid escape sequence '\.'
<unknown>:150: SyntaxWarning: invalid escape sequence '\.'
<unknown>:166: SyntaxWarning: invalid escape sequence '\.'
<unknown>:34: SyntaxWarning: invalid escape sequence '\d'
<unknown>:34: SyntaxWarning: invalid escape sequence '\g'
<unknown>:32: SyntaxWarning: invalid escape sequence '\{'
<unknown>:10: SyntaxWarning: invalid escape sequence '\ '
<unknown>:141: SyntaxWarning: invalid escape sequence '\('
<unknown>:7: SyntaxWarning: invalid escape sequence '\.'
<unknown>:24: SyntaxWarning: invalid escape sequence '\s'
<unknown>:146: SyntaxWarning: invalid escape sequence '\d'
<unknown>:37: SyntaxWarning: invalid escape sequence '\/'
<unknown>:17: SyntaxWarning: invalid escape sequence '\d'
<unknown>:11: SyntaxWarning: invalid escape sequence '\P'
<unknown>:29: SyntaxWarning: invalid escape sequence '\m'
<unknown>:158: SyntaxWarning: invalid escape sequence '\s'
<unknown>:68: SyntaxWarning: invalid escape sequence '\d'
<unknown>:210: SyntaxWarning: invalid escape sequence '\_'
<unknown>:15: SyntaxWarning: invalid escape sequence '\W'
<unknown>:58: SyntaxWarning: invalid escape sequence '\l'
<unknown>:59: SyntaxWarning: invalid escape sequence '\s'
<unknown>:140: SyntaxWarning: invalid escape sequence '\['
<unknown>:111: SyntaxWarning: invalid escape sequence '\p'
<unknown>:90: SyntaxWarning: invalid imaginary literal
<unknown>:27: SyntaxWarning: invalid escape sequence '\d'
<unknown>:53: SyntaxWarning: invalid escape sequence '\d'
<unknown>:63: SyntaxWarning: invalid escape sequence '\d'
<unknown>:77: SyntaxWarning: invalid escape sequence '\d'
<unknown>:79: SyntaxWarning: invalid escape sequence '\d'
<unknown>:105: SyntaxWarning: invalid escape sequence '\d'
<unknown>:106: SyntaxWarning: invalid escape sequence '\d'
<unknown>:107: SyntaxWarning: invalid escape sequence '\d'
<unknown>:109: SyntaxWarning: invalid escape sequence '\d'
<unknown>:122: SyntaxWarning: invalid escape sequence '\d'
<unknown>:131: SyntaxWarning: invalid escape sequence '\d'
<unknown>:135: SyntaxWarning: invalid escape sequence '\d'
<unknown>:139: SyntaxWarning: invalid escape sequence '\d'
<unknown>:141: SyntaxWarning: invalid escape sequence '\d'
<unknown>:147: SyntaxWarning: invalid escape sequence '\d'
<unknown>:150: SyntaxWarning: invalid escape sequence '\d'
<unknown>:153: SyntaxWarning: invalid escape sequence '\d'
<unknown>:160: SyntaxWarning: invalid escape sequence '\d'
<unknown>:162: SyntaxWarning: invalid escape sequence '\d'
<unknown>:167: SyntaxWarning: invalid escape sequence '\d'
<unknown>:169: SyntaxWarning: invalid escape sequence '\d'
<unknown>:172: SyntaxWarning: invalid escape sequence '\d'
<unknown>:175: SyntaxWarning: invalid escape sequence '\d'
<unknown>:180: SyntaxWarning: invalid escape sequence '\d'
<unknown>:184: SyntaxWarning: invalid escape sequence '\d'
<unknown>:188: SyntaxWarning: invalid escape sequence '\d'
<unknown>:403: SyntaxWarning: invalid escape sequence '\d'
<unknown>:31: SyntaxWarning: invalid escape sequence '\ '
<unknown>:33: SyntaxWarning: invalid escape sequence '\/'
<unknown>:35: SyntaxWarning: invalid escape sequence '\ '
<unknown>:37: SyntaxWarning: invalid escape sequence '\ '
<unknown>:39: SyntaxWarning: invalid escape sequence '\_'
<unknown>:39: SyntaxWarning: invalid escape sequence '\p'
<unknown>:147: SyntaxWarning: invalid escape sequence '\*'
<unknown>:160: SyntaxWarning: invalid escape sequence '\*'
<unknown>:200: SyntaxWarning: invalid escape sequence '\s'
<unknown>:241: SyntaxWarning: invalid escape sequence '\*'
<unknown>:7: SyntaxWarning: invalid escape sequence '\s'
<unknown>:232: SyntaxWarning: invalid escape sequence '\p'
<unknown>:118: SyntaxWarning: invalid escape sequence '\]'
<unknown>:12: SyntaxWarning: invalid escape sequence '\='
<unknown>:69: SyntaxWarning: invalid escape sequence '\.'
<unknown>:149: SyntaxWarning: invalid escape sequence '\m'
<unknown>:150: SyntaxWarning: invalid escape sequence '\m'
<unknown>:360: SyntaxWarning: invalid escape sequence '\m'
<unknown>:361: SyntaxWarning: invalid escape sequence '\m'
<unknown>:15: SyntaxWarning: invalid escape sequence '\S'
<unknown>:85: SyntaxWarning: invalid escape sequence '\]'
<unknown>:88: SyntaxWarning: invalid escape sequence '\]'
<unknown>:332: SyntaxWarning: invalid escape sequence '\('
<unknown>:148: SyntaxWarning: invalid escape sequence '\|'
<unknown>:278: SyntaxWarning: invalid escape sequence '\d'
<unknown>:24: SyntaxWarning: invalid escape sequence '\D'
<unknown>:120: SyntaxWarning: invalid escape sequence '\d'
<unknown>:61: SyntaxWarning: invalid escape sequence '\ '
<unknown>:67: SyntaxWarning: invalid escape sequence '\W'
<unknown>:30: SyntaxWarning: invalid escape sequence '\*'
<unknown>:55: SyntaxWarning: invalid escape sequence '\)'
<unknown>:55: SyntaxWarning: invalid escape sequence '\)'
<unknown>:58: SyntaxWarning: invalid escape sequence '\*'
<unknown>:64: SyntaxWarning: invalid escape sequence '\ '
<unknown>:223: SyntaxWarning: invalid escape sequence '\c'
<unknown>:234: SyntaxWarning: invalid escape sequence '\c'
<unknown>:247: SyntaxWarning: invalid escape sequence '\c'
<unknown>:62: SyntaxWarning: invalid escape sequence '\w'
<unknown>:103: SyntaxWarning: invalid escape sequence '\s'
<unknown>:5: SyntaxWarning: invalid escape sequence '\ '
<unknown>:14: SyntaxWarning: invalid escape sequence '\R'
<unknown>:53: SyntaxWarning: invalid escape sequence '\d'
<unknown>:37: SyntaxWarning: invalid escape sequence '\<'
<unknown>:37: SyntaxWarning: invalid escape sequence '\<'
<unknown>:70: SyntaxWarning: invalid escape sequence '\<'
<unknown>:74: SyntaxWarning: invalid escape sequence '\<'
<unknown>:75: SyntaxWarning: invalid escape sequence '\<'
<unknown>:76: SyntaxWarning: invalid escape sequence '\<'
<unknown>:151: SyntaxWarning: invalid escape sequence '\s'
<unknown>:165: SyntaxWarning: invalid escape sequence '\s'
<unknown>:55: SyntaxWarning: invalid escape sequence '\d'
<unknown>:61: SyntaxWarning: invalid escape sequence '\d'
<unknown>:74: SyntaxWarning: invalid escape sequence '\d'
<unknown>:8: SyntaxWarning: invalid escape sequence '\ '
<unknown>:253: SyntaxWarning: invalid escape sequence '\`'
<unknown>:24: SyntaxWarning: invalid escape sequence '\W'
<unknown>:16: SyntaxWarning: invalid escape sequence '\s'
<unknown>:17: SyntaxWarning: invalid escape sequence '\s'
<unknown>:18: SyntaxWarning: invalid escape sequence '\s'
<unknown>:227: SyntaxWarning: invalid escape sequence '\s'
<unknown>:229: SyntaxWarning: invalid escape sequence '\s'
<unknown>:231: SyntaxWarning: invalid escape sequence '\s'
<unknown>:233: SyntaxWarning: invalid escape sequence '\s'
<unknown>:235: SyntaxWarning: invalid escape sequence '\s'
<unknown>:237: SyntaxWarning: invalid escape sequence '\s'
<unknown>:239: SyntaxWarning: invalid escape sequence '\s'
<unknown>:1261: SyntaxWarning: invalid escape sequence '\C'
<unknown>:304: SyntaxWarning: invalid escape sequence '\s'
<unknown>:298: SyntaxWarning: invalid escape sequence '\d'
<unknown>:253: SyntaxWarning: invalid escape sequence '\s'
<unknown>:253: SyntaxWarning: invalid escape sequence '\s'
<unknown>:45: SyntaxWarning: invalid escape sequence '\s'
<unknown>:81: SyntaxWarning: invalid escape sequence '\s'
<unknown>:127: SyntaxWarning: invalid escape sequence '\s'
<unknown>:158: SyntaxWarning: invalid escape sequence '\s'
<unknown>:197: SyntaxWarning: invalid escape sequence '\s'
<unknown>:234: SyntaxWarning: invalid escape sequence '\s'
<unknown>:311: SyntaxWarning: invalid escape sequence '\s'
<unknown>:396: SyntaxWarning: invalid escape sequence '\s'
<unknown>:477: SyntaxWarning: invalid escape sequence '\s'
<unknown>:88: SyntaxWarning: invalid escape sequence '\d'
<unknown>:88: SyntaxWarning: invalid escape sequence '\.'
<unknown>:167: SyntaxWarning: invalid escape sequence '\p'
<unknown>:4: SyntaxWarning: invalid escape sequence '\d'
<unknown>:397: SyntaxWarning: invalid escape sequence '\S'
<unknown>:459: SyntaxWarning: invalid escape sequence '\S'
<unknown>:710: SyntaxWarning: invalid escape sequence '\S'
<unknown>:994: SyntaxWarning: invalid escape sequence '\S'
<unknown>:1017: SyntaxWarning: invalid escape sequence '\S'
<unknown>:1039: SyntaxWarning: invalid escape sequence '\S'
<unknown>:1060: SyntaxWarning: invalid escape sequence '\S'
<unknown>:1092: SyntaxWarning: invalid escape sequence '\S'
<unknown>:1216: SyntaxWarning: invalid escape sequence '\S'
<unknown>:1362: SyntaxWarning: invalid escape sequence '\S'
<unknown>:1377: SyntaxWarning: invalid escape sequence '\S'
<unknown>:1428: SyntaxWarning: invalid escape sequence '\S'
<unknown>:33: SyntaxWarning: invalid escape sequence '\['
<unknown>:34: SyntaxWarning: invalid escape sequence '\{'
<unknown>:66: SyntaxWarning: invalid escape sequence '\ '
<unknown>:68: SyntaxWarning: invalid escape sequence '\ '
<unknown>:69: SyntaxWarning: invalid escape sequence '\ '
<unknown>:80: SyntaxWarning: invalid escape sequence '\ '
<unknown>:82: SyntaxWarning: invalid escape sequence '\ '
<unknown>:83: SyntaxWarning: invalid escape sequence '\ '
<unknown>:18: SyntaxWarning: invalid escape sequence '\w'
<unknown>:152: SyntaxWarning: invalid escape sequence '\.'
<unknown>:23: SyntaxWarning: invalid escape sequence '\d'
<unknown>:24: SyntaxWarning: invalid escape sequence '\d'
<unknown>:25: SyntaxWarning: invalid escape sequence '\d'
<unknown>:26: SyntaxWarning: invalid escape sequence '\d'
<unknown>:27: SyntaxWarning: invalid escape sequence '\d'
<unknown>:28: SyntaxWarning: invalid escape sequence '\d'
<unknown>:87: SyntaxWarning: invalid escape sequence '\['
<unknown>:87: SyntaxWarning: invalid escape sequence '\g'
<unknown>:88: SyntaxWarning: invalid escape sequence '\{'
<unknown>:88: SyntaxWarning: invalid escape sequence '\g'
<unknown>:91: SyntaxWarning: invalid escape sequence '\['
<unknown>:159: SyntaxWarning: invalid escape sequence '\*'
<unknown>:161: SyntaxWarning: invalid escape sequence '\*'
<unknown>:162: SyntaxWarning: invalid escape sequence '\{'
<unknown>:171: SyntaxWarning: invalid escape sequence '\*'
<unknown>:179: SyntaxWarning: invalid escape sequence '\{'
<unknown>:7: SyntaxWarning: invalid escape sequence '\s'
<unknown>:74: SyntaxWarning: invalid escape sequence '\.'
<unknown>:100: SyntaxWarning: invalid escape sequence '\h'
<unknown>:36: SyntaxWarning: invalid escape sequence '\*'
<unknown>:9: SyntaxWarning: invalid escape sequence '\s'
<unknown>:111: SyntaxWarning: invalid escape sequence '\S'
<unknown>:611: SyntaxWarning: invalid escape sequence '\d'
<unknown>:613: SyntaxWarning: invalid escape sequence '\d'
<unknown>:621: SyntaxWarning: invalid escape sequence '\.'
<unknown>:58: SyntaxWarning: invalid escape sequence '\d'
<unknown>:59: SyntaxWarning: invalid escape sequence '\d'
<unknown>:60: SyntaxWarning: invalid escape sequence '\d'
<unknown>:208: SyntaxWarning: invalid escape sequence '\['
<unknown>:7: SyntaxWarning: invalid escape sequence '\.'
<unknown>:11: SyntaxWarning: invalid escape sequence '\W'
<unknown>:20: SyntaxWarning: invalid escape sequence '\s'
<unknown>:42: SyntaxWarning: invalid escape sequence '\s'
<unknown>:110: SyntaxWarning: invalid escape sequence '\s'
<unknown>:111: SyntaxWarning: invalid escape sequence '\s'
<unknown>:115: SyntaxWarning: invalid escape sequence '\s'
<unknown>:116: SyntaxWarning: invalid escape sequence '\m'
<unknown>:116: SyntaxWarning: invalid escape sequence '\m'
<unknown>:116: SyntaxWarning: invalid escape sequence '\m'
<unknown>:116: SyntaxWarning: invalid escape sequence '\m'
<unknown>:123: SyntaxWarning: invalid escape sequence '\s'
<unknown>:162: SyntaxWarning: invalid escape sequence '\s'
<unknown>:202: SyntaxWarning: invalid escape sequence '\s'
<unknown>:203: SyntaxWarning: invalid escape sequence '\s'
<unknown>:208: SyntaxWarning: invalid escape sequence '\s'
<unknown>:209: SyntaxWarning: invalid escape sequence '\m'
<unknown>:209: SyntaxWarning: invalid escape sequence '\m'
<unknown>:209: SyntaxWarning: invalid escape sequence '\m'
<unknown>:209: SyntaxWarning: invalid escape sequence '\m'
<unknown>:216: SyntaxWarning: invalid escape sequence '\s'
<unknown>:248: SyntaxWarning: invalid escape sequence '\s'
<unknown>:16: SyntaxWarning: invalid escape sequence '\i'
<unknown>:21: SyntaxWarning: invalid escape sequence '\['
<unknown>:113: SyntaxWarning: invalid escape sequence '\.'
<unknown>:60: SyntaxWarning: invalid escape sequence '\.'
<unknown>:44: SyntaxWarning: invalid escape sequence '\d'
<unknown>:9: SyntaxWarning: invalid escape sequence '\P'
<unknown>:3: SyntaxWarning: invalid escape sequence '\P'
<unknown>:91: SyntaxWarning: invalid escape sequence '\s'
<unknown>:33: SyntaxWarning: invalid escape sequence '\/'
<unknown>:41: SyntaxWarning: invalid escape sequence '\d'
<unknown>:612: SyntaxWarning: invalid escape sequence '\o'
<unknown>:13: SyntaxWarning: invalid escape sequence '\ '
<unknown>:9: SyntaxWarning: invalid escape sequence '\d'
<unknown>:16: SyntaxWarning: invalid escape sequence '\d'
<unknown>:89: SyntaxWarning: invalid escape sequence '\-'
<unknown>:38: SyntaxWarning: invalid escape sequence '\-'
<unknown>:3: SyntaxWarning: invalid escape sequence '\d'
<unknown>:52: SyntaxWarning: invalid escape sequence '\$'
<unknown>:54: SyntaxWarning: invalid escape sequence '\d'
<unknown>:66: SyntaxWarning: invalid escape sequence '\d'
<unknown>:67: SyntaxWarning: invalid escape sequence '\d'
<unknown>:545: SyntaxWarning: invalid escape sequence '\.'
<unknown>:54: SyntaxWarning: invalid escape sequence '\w'
<unknown>:92: SyntaxWarning: invalid escape sequence '\-'
<unknown>:31: SyntaxWarning: invalid escape sequence '\|'
<unknown>:27: SyntaxWarning: invalid escape sequence '\h'
<unknown>:59: SyntaxWarning: invalid escape sequence '\p'
<unknown>:60: SyntaxWarning: invalid escape sequence '\p'
<unknown>:61: SyntaxWarning: invalid escape sequence '\p'
<unknown>:62: SyntaxWarning: invalid escape sequence '\p'
<unknown>:82: SyntaxWarning: invalid escape sequence '\p'
<unknown>:156: SyntaxWarning: invalid escape sequence '\m'
<unknown>:157: SyntaxWarning: invalid escape sequence '\m'
<unknown>:296: SyntaxWarning: invalid escape sequence '\m'
<unknown>:297: SyntaxWarning: invalid escape sequence '\m'
<unknown>:325: SyntaxWarning: invalid escape sequence '\m'
<unknown>:327: SyntaxWarning: invalid escape sequence '\m'
<unknown>:94: SyntaxWarning: invalid escape sequence '\c'
<unknown>:56: SyntaxWarning: invalid escape sequence '\,'
<unknown>:40: SyntaxWarning: invalid escape sequence '\d'
<unknown>:6: SyntaxWarning: invalid escape sequence '\L'
<unknown>:15: SyntaxWarning: invalid escape sequence '\>'
<unknown>:140: SyntaxWarning: invalid escape sequence '\d'
<unknown>:170: SyntaxWarning: invalid escape sequence '\d'
<unknown>:10: SyntaxWarning: invalid escape sequence '\s'
<unknown>:27: SyntaxWarning: invalid escape sequence '\?'
<unknown>:155: SyntaxWarning: invalid escape sequence '\i'
<unknown>:174: SyntaxWarning: invalid escape sequence '\i'
<unknown>:247: SyntaxWarning: invalid escape sequence '\ '
<unknown>:319: SyntaxWarning: invalid escape sequence '\ '
<unknown>:17: SyntaxWarning: invalid escape sequence '\D'
<unknown>:18: SyntaxWarning: invalid escape sequence '\D'
<unknown>:19: SyntaxWarning: invalid escape sequence '\D'
<unknown>:120: SyntaxWarning: invalid escape sequence '\s'
<unknown>:13: SyntaxWarning: invalid escape sequence '\L'
<unknown>:68: SyntaxWarning: invalid escape sequence '\,'
<unknown>:69: SyntaxWarning: invalid escape sequence '\,'
<unknown>:12: SyntaxWarning: invalid escape sequence '\s'
<unknown>:48: SyntaxWarning: invalid escape sequence '\('
<unknown>:55: SyntaxWarning: invalid escape sequence '\d'
<unknown>:59: SyntaxWarning: invalid escape sequence '\d'
<unknown>:41: SyntaxWarning: invalid escape sequence '\c'
<unknown>:52: SyntaxWarning: invalid escape sequence '\c'
<unknown>:53: SyntaxWarning: invalid escape sequence '\c'
<unknown>:57: SyntaxWarning: invalid escape sequence '\c'
<unknown>:75: SyntaxWarning: invalid escape sequence '\c'
<unknown>:93: SyntaxWarning: invalid escape sequence '\c'
<unknown>:27: SyntaxWarning: invalid escape sequence '\/'
<unknown>:28: SyntaxWarning: invalid escape sequence '\/'
<unknown>:29: SyntaxWarning: invalid escape sequence '\s'
<unknown>:12: SyntaxWarning: invalid escape sequence '\W'
<unknown>:88: SyntaxWarning: invalid escape sequence '\s'
<unknown>:121: SyntaxWarning: invalid escape sequence '\s'
<unknown>:156: SyntaxWarning: invalid escape sequence '\s'
<unknown>:213: SyntaxWarning: invalid escape sequence '\s'
<unknown>:145: SyntaxWarning: invalid escape sequence '\s'
<unknown>:12: SyntaxWarning: invalid escape sequence '\D'
<unknown>:75: SyntaxWarning: invalid escape sequence '\{'
<unknown>:40: SyntaxWarning: invalid escape sequence '\d'
<unknown>:73: SyntaxWarning: invalid escape sequence '\d'
<unknown>:406: SyntaxWarning: invalid escape sequence '\d'
<unknown>:55: SyntaxWarning: invalid escape sequence '\ '
<unknown>:63: SyntaxWarning: invalid escape sequence '\.'
<unknown>:73: SyntaxWarning: invalid escape sequence '\.'
<unknown>:77: SyntaxWarning: invalid escape sequence '\d'
<unknown>:83: SyntaxWarning: invalid escape sequence '\d'
<unknown>:34: SyntaxWarning: invalid escape sequence '\]'
<unknown>:24: SyntaxWarning: invalid escape sequence '\e'
<unknown>:21: SyntaxWarning: invalid escape sequence '\D'
<unknown>:122: SyntaxWarning: invalid escape sequence '\s'
<unknown>:203: SyntaxWarning: invalid escape sequence '\s'
<unknown>:235: SyntaxWarning: invalid escape sequence '\h'
<unknown>:80: SyntaxWarning: invalid escape sequence '\p'
<unknown>:168: SyntaxWarning: invalid escape sequence '\:'
<unknown>:269: SyntaxWarning: invalid escape sequence '\d'
<unknown>:116: SyntaxWarning: invalid escape sequence '\d'
<unknown>:120: SyntaxWarning: invalid escape sequence '\d'
<unknown>:132: SyntaxWarning: invalid escape sequence '\d'
<unknown>:14: SyntaxWarning: invalid escape sequence '\.'
<unknown>:36: SyntaxWarning: invalid escape sequence '\*'
<unknown>:39: SyntaxWarning: invalid escape sequence '\m'
<unknown>:245: SyntaxWarning: invalid escape sequence '\_'
<unknown>:247: SyntaxWarning: invalid escape sequence '\_'
<unknown>:249: SyntaxWarning: invalid escape sequence '\_'
<unknown>:277: SyntaxWarning: invalid escape sequence '\D'
<unknown>:72: SyntaxWarning: invalid escape sequence '\s'
<unknown>:272: SyntaxWarning: invalid escape sequence '\p'
<unknown>:8: SyntaxWarning: invalid escape sequence '\_'
<unknown>:36: SyntaxWarning: invalid escape sequence '\s'
<unknown>:83: SyntaxWarning: invalid escape sequence '\.'
<unknown>:102: SyntaxWarning: invalid escape sequence '\.'
<unknown>:14: SyntaxWarning: invalid escape sequence '\.'
<unknown>:8: SyntaxWarning: invalid escape sequence '\s'
<unknown>:106: SyntaxWarning: invalid escape sequence '\ '
<unknown>:95: SyntaxWarning: invalid escape sequence '\c'
<unknown>:65: SyntaxWarning: invalid escape sequence '\s'
<unknown>:11: SyntaxWarning: invalid escape sequence '\ '
<unknown>:145: SyntaxWarning: invalid escape sequence '\.'
<unknown>:173: SyntaxWarning: invalid escape sequence '\s'
<unknown>:173: SyntaxWarning: invalid escape sequence '\s'
<unknown>:173: SyntaxWarning: invalid escape sequence '\s'
<unknown>:173: SyntaxWarning: invalid escape sequence '\s'
<unknown>:173: SyntaxWarning: invalid escape sequence '\s'
<unknown>:173: SyntaxWarning: invalid escape sequence '\s'
<unknown>:174: SyntaxWarning: invalid escape sequence '\s'
<unknown>:177: SyntaxWarning: invalid escape sequence '\s'
<unknown>:177: SyntaxWarning: invalid escape sequence '\s'
<unknown>:177: SyntaxWarning: invalid escape sequence '\s'
<unknown>:177: SyntaxWarning: invalid escape sequence '\s'
<unknown>:177: SyntaxWarning: invalid escape sequence '\s'
<unknown>:178: SyntaxWarning: invalid escape sequence '\s'
<unknown>:178: SyntaxWarning: invalid escape sequence '\s'
<unknown>:178: SyntaxWarning: invalid escape sequence '\s'
<unknown>:64: SyntaxWarning: invalid escape sequence '\ '
<unknown>:45: SyntaxWarning: invalid escape sequence '\='
<unknown>:11: SyntaxWarning: invalid escape sequence '\ '
<unknown>:348: SyntaxWarning: invalid escape sequence '\s'
<unknown>:9: SyntaxWarning: invalid escape sequence '\s'
<unknown>:208: SyntaxWarning: invalid escape sequence '\m'
<unknown>:269: SyntaxWarning: invalid escape sequence '\m'
<unknown>:317: SyntaxWarning: invalid escape sequence '\m'
<unknown>:20: SyntaxWarning: invalid escape sequence '\d'
<unknown>:59: SyntaxWarning: invalid escape sequence '\P'
<unknown>:77: SyntaxWarning: invalid escape sequence '\i'
<unknown>:85: SyntaxWarning: invalid escape sequence '\i'
<unknown>:118: SyntaxWarning: invalid escape sequence '\i'
<unknown>:190: SyntaxWarning: invalid escape sequence '\-'
<unknown>:4: SyntaxWarning: invalid escape sequence '\.'
<unknown>:11: SyntaxWarning: invalid escape sequence '\{'
<unknown>:24: SyntaxWarning: invalid escape sequence '\ '
<unknown>:96: SyntaxWarning: invalid escape sequence '\ '
<unknown>:320: SyntaxWarning: invalid escape sequence '\ '
<unknown>:79: SyntaxWarning: invalid escape sequence '\d'
<unknown>:25: SyntaxWarning: invalid escape sequence '\('
<unknown>:26: SyntaxWarning: invalid escape sequence '\)'
<unknown>:11: SyntaxWarning: invalid escape sequence '\c'
<unknown>:42: SyntaxWarning: invalid escape sequence '\;'
<unknown>:33: SyntaxWarning: invalid escape sequence '\d'
<unknown>:138: SyntaxWarning: invalid escape sequence '\s'
<unknown>:71: SyntaxWarning: invalid escape sequence '\*'
<unknown>:80: SyntaxWarning: invalid escape sequence '\{'
<unknown>:8: SyntaxWarning: invalid escape sequence '\W'
<unknown>:1122: SyntaxWarning: invalid escape sequence '\s'
<unknown>:35: SyntaxWarning: invalid escape sequence '\s'
<unknown>:30: SyntaxWarning: invalid escape sequence '\w'
<unknown>:34: SyntaxWarning: invalid escape sequence '\w'
<unknown>:189: SyntaxWarning: invalid escape sequence '\%'
<unknown>:254: SyntaxWarning: invalid escape sequence '\d'
<unknown>:1191: SyntaxWarning: invalid escape sequence '\i'
<unknown>:132: SyntaxWarning: invalid decimal literal
<unknown>:142: SyntaxWarning: invalid escape sequence '\D'
<unknown>:10: SyntaxWarning: invalid escape sequence '\s'
<unknown>:28: SyntaxWarning: invalid escape sequence '\i'
<unknown>:63: SyntaxWarning: invalid escape sequence '\i'
<unknown>:47: SyntaxWarning: invalid escape sequence '\R'
<unknown>:57: SyntaxWarning: invalid escape sequence '\I'
<unknown>:100: SyntaxWarning: invalid escape sequence '\I'
<unknown>:144: SyntaxWarning: invalid escape sequence '\I'
<unknown>:179: SyntaxWarning: invalid escape sequence '\I'
<unknown>:207: SyntaxWarning: invalid escape sequence '\I'
<unknown>:237: SyntaxWarning: invalid escape sequence '\I'
<unknown>:371: SyntaxWarning: invalid escape sequence '\I'
<unknown>:101: SyntaxWarning: invalid escape sequence '\m'
<unknown>:34: SyntaxWarning: invalid escape sequence '\w'
<unknown>:35: SyntaxWarning: invalid escape sequence '\-'
<unknown>:58: SyntaxWarning: invalid escape sequence '\s'
<unknown>:68: SyntaxWarning: invalid escape sequence '\('
<unknown>:697: SyntaxWarning: invalid escape sequence '\m'
<unknown>:64: SyntaxWarning: invalid escape sequence '\/'
<unknown>:65: SyntaxWarning: invalid escape sequence '\/'
<unknown>:67: SyntaxWarning: invalid escape sequence '\/'
<unknown>:69: SyntaxWarning: invalid escape sequence '\/'
<unknown>:21: SyntaxWarning: invalid escape sequence '\*'
<unknown>:46: SyntaxWarning: invalid escape sequence '\*'
<unknown>:66: SyntaxWarning: invalid escape sequence '\*'
<unknown>:86: SyntaxWarning: invalid escape sequence '\*'
<unknown>:109: SyntaxWarning: invalid escape sequence '\*'
<unknown>:132: SyntaxWarning: invalid escape sequence '\*'
<unknown>:157: SyntaxWarning: invalid escape sequence '\*'
<unknown>:176: SyntaxWarning: invalid escape sequence '\*'
<unknown>:197: SyntaxWarning: invalid escape sequence '\*'
<unknown>:222: SyntaxWarning: invalid escape sequence '\*'
<unknown>:242: SyntaxWarning: invalid escape sequence '\*'
<unknown>:262: SyntaxWarning: invalid escape sequence '\*'
<unknown>:282: SyntaxWarning: invalid escape sequence '\*'
<unknown>:345: SyntaxWarning: invalid escape sequence '\*'
<unknown>:369: SyntaxWarning: invalid escape sequence '\*'
<unknown>:388: SyntaxWarning: invalid escape sequence '\*'
<unknown>:405: SyntaxWarning: invalid escape sequence '\*'
<unknown>:427: SyntaxWarning: invalid escape sequence '\*'
<unknown>:452: SyntaxWarning: invalid escape sequence '\*'
<unknown>:489: SyntaxWarning: invalid escape sequence '\*'
<unknown>:560: SyntaxWarning: invalid escape sequence '\*'
<unknown>:584: SyntaxWarning: invalid escape sequence '\*'
<unknown>:603: SyntaxWarning: invalid escape sequence '\*'
<unknown>:534: SyntaxWarning: invalid escape sequence '\s'
<unknown>:551: SyntaxWarning: invalid escape sequence '\s'
<unknown>:73: SyntaxWarning: invalid escape sequence '\s'
<unknown>:78: SyntaxWarning: invalid escape sequence '\s'
<unknown>:44: SyntaxWarning: invalid escape sequence '\('
<unknown>:6: SyntaxWarning: invalid escape sequence '\['
<unknown>:23: SyntaxWarning: invalid escape sequence '\S'
<unknown>:25: SyntaxWarning: invalid escape sequence '\S'
<unknown>:29: SyntaxWarning: invalid escape sequence '\d'
<unknown>:35: SyntaxWarning: invalid escape sequence '\d'
<unknown>:43: SyntaxWarning: invalid escape sequence '\d'
<unknown>:52: SyntaxWarning: invalid escape sequence '\d'
<unknown>:62: SyntaxWarning: invalid escape sequence '\d'
<unknown>:147: SyntaxWarning: invalid escape sequence '\w'
<unknown>:9: SyntaxWarning: invalid escape sequence '\s'
<unknown>:16: SyntaxWarning: invalid escape sequence '\s'
<unknown>:114: SyntaxWarning: invalid escape sequence '\-'
<unknown>:118: SyntaxWarning: invalid escape sequence '\-'
<unknown>:130: SyntaxWarning: invalid escape sequence '\.'
<unknown>:159: SyntaxWarning: invalid escape sequence '\_'
<unknown>:160: SyntaxWarning: invalid escape sequence '\_'
<unknown>:11: SyntaxWarning: invalid escape sequence '\W'
<unknown>:18: SyntaxWarning: invalid escape sequence '\W'
<unknown>:24: SyntaxWarning: invalid escape sequence '\:'
<unknown>:25: SyntaxWarning: invalid escape sequence '\('
<unknown>:26: SyntaxWarning: invalid escape sequence '\)'
<unknown>:28: SyntaxWarning: invalid escape sequence '\+'
<unknown>:30: SyntaxWarning: invalid escape sequence '\*'
<unknown>:39: SyntaxWarning: invalid escape sequence '\&'
<unknown>:40: SyntaxWarning: invalid escape sequence '\|'
<unknown>:44: SyntaxWarning: invalid escape sequence '\['
<unknown>:45: SyntaxWarning: invalid escape sequence '\]'
<unknown>:46: SyntaxWarning: invalid escape sequence '\{'
<unknown>:47: SyntaxWarning: invalid escape sequence '\}'
<unknown>:48: SyntaxWarning: invalid escape sequence '\.'
<unknown>:71: SyntaxWarning: invalid escape sequence '\d'
<unknown>:72: SyntaxWarning: invalid escape sequence '\w'
<unknown>:358: SyntaxWarning: invalid escape sequence '\s'
<unknown>:396: SyntaxWarning: invalid escape sequence '\s'
<unknown>:19: SyntaxWarning: invalid escape sequence '\]'
<unknown>:11: SyntaxWarning: invalid escape sequence '\s'
<unknown>:37: SyntaxWarning: invalid escape sequence '\s'
<unknown>:48: SyntaxWarning: invalid escape sequence '\s'
<unknown>:129: SyntaxWarning: invalid escape sequence '\+'
<unknown>:35: SyntaxWarning: invalid escape sequence '\d'
<unknown>:16: SyntaxWarning: invalid escape sequence '\A'
<unknown>:4: SyntaxWarning: invalid escape sequence '\ '
<unknown>:34: SyntaxWarning: invalid escape sequence '\d'
<unknown>:39: SyntaxWarning: invalid escape sequence '\d'
<unknown>:44: SyntaxWarning: invalid escape sequence '\d'
<unknown>:54: SyntaxWarning: invalid escape sequence '\d'
<unknown>:64: SyntaxWarning: invalid escape sequence '\d'
<unknown>:69: SyntaxWarning: invalid escape sequence '\d'
<unknown>:44: SyntaxWarning: invalid escape sequence '\w'
<unknown>:44: SyntaxWarning: invalid escape sequence '\m'
<unknown>:57: SyntaxWarning: invalid escape sequence '\m'
<unknown>:70: SyntaxWarning: invalid escape sequence '\m'
<unknown>:85: SyntaxWarning: invalid escape sequence '\m'
<unknown>:100: SyntaxWarning: invalid escape sequence '\c'
<unknown>:13: SyntaxWarning: invalid escape sequence '\ '
<unknown>:15: SyntaxWarning: invalid escape sequence '\ '
<unknown>:26: SyntaxWarning: invalid escape sequence '\ '
<unknown>:28: SyntaxWarning: invalid escape sequence '\ '
<unknown>:105: SyntaxWarning: invalid escape sequence '\ '
<unknown>:115: SyntaxWarning: invalid escape sequence '\ '
<unknown>:125: SyntaxWarning: invalid escape sequence '\ '
<unknown>:127: SyntaxWarning: invalid escape sequence '\ '
<unknown>:135: SyntaxWarning: invalid escape sequence '\ '
<unknown>:137: SyntaxWarning: invalid escape sequence '\ '
<unknown>:115: SyntaxWarning: invalid escape sequence '\P'
<unknown>:77: SyntaxWarning: invalid escape sequence '\P'
<unknown>:163: SyntaxWarning: invalid escape sequence '\m'
<unknown>:408: SyntaxWarning: invalid escape sequence '\p'
<unknown>:33: SyntaxWarning: invalid escape sequence '\c'
<unknown>:22: SyntaxWarning: invalid escape sequence '\R'
<unknown>:35: SyntaxWarning: invalid escape sequence '\R'
<unknown>:48: SyntaxWarning: invalid escape sequence '\R'
<unknown>:51: SyntaxWarning: invalid escape sequence '\s'
<unknown>:141: SyntaxWarning: invalid escape sequence '\s'
<unknown>:84: SyntaxWarning: invalid escape sequence '\.'
<unknown>:122: SyntaxWarning: invalid escape sequence '\S'
<unknown>:51: SyntaxWarning: invalid escape sequence '\S'
<unknown>:22: SyntaxWarning: invalid escape sequence '\d'
<unknown>:33: SyntaxWarning: invalid escape sequence '\s'
<unknown>:45: SyntaxWarning: invalid escape sequence '\d'
<unknown>:46: SyntaxWarning: invalid escape sequence '\d'
<unknown>:47: SyntaxWarning: invalid escape sequence '\d'
<unknown>:48: SyntaxWarning: invalid escape sequence '\d'
<unknown>:56: SyntaxWarning: invalid escape sequence '\s'
<unknown>:67: SyntaxWarning: invalid escape sequence '\('
<unknown>:74: SyntaxWarning: invalid escape sequence '\s'
<unknown>:81: SyntaxWarning: invalid escape sequence '\s'
<unknown>:84: SyntaxWarning: invalid escape sequence '\s'
<unknown>:276: SyntaxWarning: invalid escape sequence '\ '
<unknown>:102: SyntaxWarning: invalid escape sequence '\['
<unknown>:137: SyntaxWarning: invalid escape sequence '\{'
<unknown>:83: SyntaxWarning: invalid escape sequence '\p'
<unknown>:5: SyntaxWarning: invalid escape sequence '\i'
<unknown>:63: SyntaxWarning: invalid escape sequence '\R'
<unknown>:74: SyntaxWarning: invalid escape sequence '\d'
<unknown>:449: SyntaxWarning: invalid escape sequence '\.'
<unknown>:28: SyntaxWarning: invalid escape sequence '\s'
<unknown>:23: SyntaxWarning: invalid escape sequence '\|'
<unknown>:256: SyntaxWarning: invalid escape sequence '\p'
<unknown>:178: SyntaxWarning: invalid escape sequence '\,'
<unknown>:9: SyntaxWarning: invalid escape sequence '\s'
<unknown>:9: SyntaxWarning: invalid escape sequence '\s'
<unknown>:9: SyntaxWarning: invalid escape sequence '\s'
<unknown>:27: SyntaxWarning: invalid escape sequence '\&'
<unknown>:28: SyntaxWarning: invalid escape sequence '\%'
<unknown>:29: SyntaxWarning: invalid escape sequence '\$'
<unknown>:30: SyntaxWarning: invalid escape sequence '\#'
<unknown>:31: SyntaxWarning: invalid escape sequence '\_'
<unknown>:32: SyntaxWarning: invalid escape sequence '\{'
<unknown>:33: SyntaxWarning: invalid escape sequence '\}'
<unknown>:41: SyntaxWarning: invalid escape sequence '\_'
<unknown>:101: SyntaxWarning: invalid escape sequence '\h'
<unknown>:205: SyntaxWarning: invalid escape sequence '\%'
<unknown>:206: SyntaxWarning: invalid escape sequence '\%'
<unknown>:49: SyntaxWarning: invalid escape sequence '\;'
<unknown>:66: SyntaxWarning: invalid escape sequence '\g'
<unknown>:72: SyntaxWarning: invalid escape sequence '\d'
<unknown>:40: SyntaxWarning: invalid escape sequence '\|'
<unknown>:100: SyntaxWarning: invalid escape sequence '\s'
<unknown>:24: SyntaxWarning: invalid escape sequence '\d'
<unknown>:103: SyntaxWarning: invalid escape sequence '\p'
<unknown>:28: SyntaxWarning: invalid escape sequence '\*'
<unknown>:16: SyntaxWarning: invalid escape sequence '\>'
<unknown>:67: SyntaxWarning: invalid escape sequence '\s'
<unknown>:114: SyntaxWarning: invalid escape sequence '\_'
<unknown>:144: SyntaxWarning: invalid escape sequence '\/'
<unknown>:12: SyntaxWarning: invalid escape sequence '\ '
<unknown>:92: SyntaxWarning: invalid escape sequence '\c'
<unknown>:14: SyntaxWarning: invalid escape sequence '\s'
<unknown>:15: SyntaxWarning: invalid escape sequence '\('
<unknown>:20: SyntaxWarning: invalid escape sequence '\.'
<unknown>:48: SyntaxWarning: invalid escape sequence '\m'
<unknown>:51: SyntaxWarning: invalid escape sequence '\h'
<unknown>:52: SyntaxWarning: invalid escape sequence '\m'
<unknown>:55: SyntaxWarning: invalid escape sequence '\h'
<unknown>:56: SyntaxWarning: invalid escape sequence '\m'
<unknown>:59: SyntaxWarning: invalid escape sequence '\h'
<unknown>:60: SyntaxWarning: invalid escape sequence '\m'
<unknown>:65: SyntaxWarning: invalid escape sequence '\h'
<unknown>:19: SyntaxWarning: invalid escape sequence '\{'
<unknown>:19: SyntaxWarning: invalid escape sequence '\}'
<unknown>:19: SyntaxWarning: invalid escape sequence '\['
<unknown>:19: SyntaxWarning: invalid escape sequence '\]'
<unknown>:19: SyntaxWarning: invalid escape sequence '\('
<unknown>:19: SyntaxWarning: invalid escape sequence '\)'
<unknown>:19: SyntaxWarning: invalid escape sequence '\+'
<unknown>:64: SyntaxWarning: invalid escape sequence '\d'
<unknown>:128: SyntaxWarning: invalid escape sequence '\-'
<unknown>:136: SyntaxWarning: invalid escape sequence '\-'
<unknown>:21: SyntaxWarning: invalid escape sequence '\{'
<unknown>:67: SyntaxWarning: invalid escape sequence '\['
<unknown>:82: SyntaxWarning: invalid escape sequence '\['
<unknown>:301: SyntaxWarning: invalid escape sequence '\d'
<unknown>:269: SyntaxWarning: invalid escape sequence '\G'
<unknown>:29: SyntaxWarning: invalid escape sequence '\w'
<unknown>:20: SyntaxWarning: invalid escape sequence '\d'
<unknown>:21: SyntaxWarning: invalid escape sequence '\d'
<unknown>:119: SyntaxWarning: invalid escape sequence '\['
<unknown>:294: SyntaxWarning: invalid escape sequence '\['
<unknown>:686: SyntaxWarning: invalid escape sequence '\['
<unknown>:30: SyntaxWarning: invalid escape sequence '\p'
<unknown>:21: SyntaxWarning: invalid escape sequence '\.'
<unknown>:32: SyntaxWarning: invalid escape sequence '\.'
<unknown>:355: SyntaxWarning: invalid escape sequence '\.'
<unknown>:80: SyntaxWarning: invalid escape sequence '\d'
<unknown>:44: SyntaxWarning: invalid escape sequence '\='
<unknown>:16: SyntaxWarning: invalid escape sequence '\.'
<unknown>:15: SyntaxWarning: invalid escape sequence '\d'
<unknown>:46: SyntaxWarning: invalid escape sequence '\d'
<unknown>:47: SyntaxWarning: invalid escape sequence '\W'
<unknown>:48: SyntaxWarning: invalid escape sequence '\w'
<unknown>:111: SyntaxWarning: invalid escape sequence '\%'
<unknown>:29: SyntaxWarning: invalid escape sequence '\='
<unknown>:31: SyntaxWarning: invalid escape sequence '\*'
<unknown>:33: SyntaxWarning: invalid escape sequence '\['
<unknown>:33: SyntaxWarning: invalid escape sequence '\['
<unknown>:10: SyntaxWarning: invalid escape sequence '\S'
<unknown>:9: SyntaxWarning: invalid escape sequence '\?'
<unknown>:6: SyntaxWarning: invalid escape sequence '\d'
<unknown>:7: SyntaxWarning: invalid escape sequence '\d'
<unknown>:8: SyntaxWarning: invalid escape sequence '\d'
<unknown>:9: SyntaxWarning: invalid escape sequence '\d'
<unknown>:9: SyntaxWarning: invalid escape sequence '\d'
<unknown>:10: SyntaxWarning: invalid escape sequence '\#'
<unknown>:12: SyntaxWarning: invalid escape sequence '\d'
<unknown>:32: SyntaxWarning: invalid escape sequence '\('
<unknown>:37: SyntaxWarning: invalid escape sequence '\/'
<unknown>:40: SyntaxWarning: invalid escape sequence '\/'
<unknown>:41: SyntaxWarning: invalid escape sequence '\/'
<unknown>:23: SyntaxWarning: invalid escape sequence '\d'
<unknown>:27: SyntaxWarning: invalid escape sequence '\W'
<unknown>:5: SyntaxWarning: invalid escape sequence '\('
<unknown>:6: SyntaxWarning: invalid escape sequence '\)'
<unknown>:4: SyntaxWarning: invalid escape sequence '\c'
<unknown>:28: SyntaxWarning: invalid escape sequence '\_'
<unknown>:195: SyntaxWarning: invalid escape sequence '\+'
<unknown>:196: SyntaxWarning: invalid escape sequence '\+'
<unknown>:201: SyntaxWarning: invalid escape sequence '\+'
<unknown>:202: SyntaxWarning: invalid escape sequence '\+'
<unknown>:3: SyntaxWarning: invalid escape sequence '\h'
<unknown>:53: SyntaxWarning: invalid escape sequence '\+'
<unknown>:74: SyntaxWarning: invalid escape sequence '\+'
<unknown>:93: SyntaxWarning: invalid escape sequence '\+'
<unknown>:21: SyntaxWarning: invalid escape sequence '\W'
<unknown>:51: SyntaxWarning: invalid escape sequence '\{'
<unknown>:17: SyntaxWarning: invalid escape sequence '\d'
<unknown>:18: SyntaxWarning: invalid escape sequence '\d'
<unknown>:25: SyntaxWarning: invalid escape sequence '\s'
<unknown>:26: SyntaxWarning: invalid escape sequence '\s'
<unknown>:27: SyntaxWarning: invalid escape sequence '\s'
<unknown>:61: SyntaxWarning: invalid escape sequence '\s'
<unknown>:243: SyntaxWarning: invalid escape sequence '\c'
<unknown>:244: SyntaxWarning: invalid escape sequence '\c'
<unknown>:249: SyntaxWarning: invalid escape sequence '\c'
<unknown>:276: SyntaxWarning: invalid escape sequence '\c'
<unknown>:277: SyntaxWarning: invalid escape sequence '\c'
<unknown>:282: SyntaxWarning: invalid escape sequence '\c'
<unknown>:17: SyntaxWarning: invalid escape sequence '\ '
<unknown>:122: SyntaxWarning: invalid escape sequence '\$'
<unknown>:55: SyntaxWarning: invalid escape sequence '\s'
<unknown>:23: SyntaxWarning: invalid escape sequence '\ '
<unknown>:165: SyntaxWarning: invalid escape sequence '\{'
<unknown>:399: SyntaxWarning: invalid escape sequence '\s'
<unknown>:400: SyntaxWarning: invalid escape sequence '\*'
<unknown>:401: SyntaxWarning: invalid escape sequence '\{'
<unknown>:402: SyntaxWarning: invalid escape sequence '\d'
<unknown>:403: SyntaxWarning: invalid escape sequence '\d'
<unknown>:404: SyntaxWarning: invalid escape sequence '\s'
<unknown>:405: SyntaxWarning: invalid escape sequence '\s'
<unknown>:407: SyntaxWarning: invalid escape sequence '\s'
<unknown>:408: SyntaxWarning: invalid escape sequence '\*'
<unknown>:409: SyntaxWarning: invalid escape sequence '\{'
<unknown>:410: SyntaxWarning: invalid escape sequence '\d'
<unknown>:411: SyntaxWarning: invalid escape sequence '\s'
<unknown>:412: SyntaxWarning: invalid escape sequence '\s'
<unknown>:453: SyntaxWarning: invalid escape sequence '\s'
<unknown>:455: SyntaxWarning: invalid escape sequence '\s'
<unknown>:466: SyntaxWarning: invalid escape sequence '\s'
<unknown>:472: SyntaxWarning: invalid escape sequence '\{'
<unknown>:481: SyntaxWarning: invalid escape sequence '\m'
<unknown>:19: SyntaxWarning: invalid escape sequence '\?'
<unknown>:19: SyntaxWarning: invalid escape sequence '\s'
<unknown>:25: SyntaxWarning: invalid escape sequence '\['
<unknown>:93: SyntaxWarning: invalid escape sequence '\d'
<unknown>:20: SyntaxWarning: invalid escape sequence '\s'
<unknown>:24: SyntaxWarning: invalid escape sequence '\d'
<unknown>:27: SyntaxWarning: invalid escape sequence '\s'
<unknown>:31: SyntaxWarning: invalid escape sequence '\s'
<unknown>:32: SyntaxWarning: invalid escape sequence '\s'
<unknown>:33: SyntaxWarning: invalid escape sequence '\d'
<unknown>:35: SyntaxWarning: invalid escape sequence '\s'
<unknown>:38: SyntaxWarning: invalid escape sequence '\s'
<unknown>:40: SyntaxWarning: invalid escape sequence '\d'
<unknown>:43: SyntaxWarning: invalid escape sequence '\s'
<unknown>:45: SyntaxWarning: invalid escape sequence '\d'
<unknown>:48: SyntaxWarning: invalid escape sequence '\s'
<unknown>:49: SyntaxWarning: invalid escape sequence '\s'
<unknown>:51: SyntaxWarning: invalid escape sequence '\d'
<unknown>:54: SyntaxWarning: invalid escape sequence '\s'
<unknown>:56: SyntaxWarning: invalid escape sequence '\s'
<unknown>:57: SyntaxWarning: invalid escape sequence '\*'
<unknown>:93: SyntaxWarning: invalid escape sequence '\s'
<unknown>:91: SyntaxWarning: invalid escape sequence '\d'
<unknown>:21: SyntaxWarning: invalid escape sequence '\s'
<unknown>:38: SyntaxWarning: invalid escape sequence '\*'
<unknown>:67: SyntaxWarning: invalid escape sequence '\s'
<unknown>:108: SyntaxWarning: invalid escape sequence '\d'
<unknown>:8: SyntaxWarning: invalid escape sequence '\s'
<unknown>:54: SyntaxWarning: invalid escape sequence '\s'
<unknown>:64: SyntaxWarning: invalid escape sequence '\w'
<unknown>:49: SyntaxWarning: invalid escape sequence '\s'
<unknown>:21: SyntaxWarning: invalid escape sequence '\d'
<unknown>:5: SyntaxWarning: invalid escape sequence '\d'
<unknown>:49: SyntaxWarning: invalid escape sequence '\ '
<unknown>:2: SyntaxWarning: invalid escape sequence '\c'
<unknown>:7: SyntaxWarning: invalid escape sequence '\w'
<unknown>:9: SyntaxWarning: invalid escape sequence '\d'
<unknown>:41: SyntaxWarning: invalid escape sequence '\]'
<unknown>:49: SyntaxWarning: invalid escape sequence '\d'
<unknown>:92: SyntaxWarning: invalid escape sequence '\.'
<unknown>:93: SyntaxWarning: invalid escape sequence '\|'
<unknown>:161: SyntaxWarning: invalid escape sequence '\$'
<unknown>:22: SyntaxWarning: invalid escape sequence '\/'
<unknown>:32: SyntaxWarning: invalid escape sequence '\.'
<unknown>:42: SyntaxWarning: invalid escape sequence '\s'
<unknown>:181: SyntaxWarning: invalid escape sequence '\ '
<unknown>:18: SyntaxWarning: invalid escape sequence '\*'
<unknown>:35: SyntaxWarning: invalid escape sequence '\s'
<unknown>:28: SyntaxWarning: invalid escape sequence '\s'
<unknown>:92: SyntaxWarning: invalid escape sequence '\_'
<unknown>:217: SyntaxWarning: invalid escape sequence '\('
<unknown>:347: SyntaxWarning: invalid escape sequence '\*'
<unknown>:414: SyntaxWarning: invalid escape sequence '\*'
<unknown>:655: SyntaxWarning: invalid escape sequence '\*'
<unknown>:8: SyntaxWarning: invalid escape sequence '\P'
<unknown>:20: SyntaxWarning: invalid escape sequence '\i'
<unknown>:7: SyntaxWarning: invalid escape sequence '\w'
<unknown>:7: SyntaxWarning: invalid escape sequence '\m'
<unknown>:25: SyntaxWarning: invalid escape sequence '\m'
<unknown>:1369: SyntaxWarning: invalid escape sequence '\s'
<unknown>:1370: SyntaxWarning: invalid escape sequence '\s'
<unknown>:1371: SyntaxWarning: invalid escape sequence '\s'
<unknown>:144: SyntaxWarning: invalid escape sequence '\D'
<unknown>:230: SyntaxWarning: invalid escape sequence '\.'
<unknown>:84: SyntaxWarning: invalid escape sequence '\d'
<unknown>:91: SyntaxWarning: invalid escape sequence '\d'
<unknown>:5: SyntaxWarning: invalid escape sequence '\ '
<unknown>:15: SyntaxWarning: invalid escape sequence '\E'
<unknown>:79: SyntaxWarning: invalid escape sequence '\s'
<unknown>:107: SyntaxWarning: invalid escape sequence '\('
<unknown>:4: SyntaxWarning: invalid escape sequence '\ '
<unknown>:6: SyntaxWarning: invalid escape sequence '\_'
<unknown>:94: SyntaxWarning: invalid escape sequence '\/'
<unknown>:95: SyntaxWarning: invalid escape sequence '\ '
<unknown>:96: SyntaxWarning: invalid escape sequence '\/'
<unknown>:97: SyntaxWarning: invalid escape sequence '\/'
<unknown>:159: SyntaxWarning: invalid escape sequence '\/'
<unknown>:160: SyntaxWarning: invalid escape sequence '\ '
<unknown>:161: SyntaxWarning: invalid escape sequence '\/'
<unknown>:162: SyntaxWarning: invalid escape sequence '\/'
<unknown>:619: SyntaxWarning: invalid escape sequence '\>'
<unknown>:161: SyntaxWarning: invalid escape sequence '\*'
<unknown>:187: SyntaxWarning: invalid escape sequence '\*'
<unknown>:207: SyntaxWarning: invalid escape sequence '\*'
<unknown>:282: SyntaxWarning: invalid escape sequence '\*'
<unknown>:306: SyntaxWarning: invalid escape sequence '\*'
<unknown>:18: SyntaxWarning: invalid escape sequence '\W'
<unknown>:63: SyntaxWarning: invalid escape sequence '\Z'
<unknown>:4: SyntaxWarning: invalid escape sequence '\/'
<unknown>:32: SyntaxWarning: invalid escape sequence '\-'
<unknown>:21: SyntaxWarning: invalid escape sequence '\D'
<unknown>:217: SyntaxWarning: invalid escape sequence '\i'
<unknown>:217: SyntaxWarning: invalid escape sequence '\i'
<unknown>:238: SyntaxWarning: invalid escape sequence '\i'
<unknown>:238: SyntaxWarning: invalid escape sequence '\i'
<unknown>:13: SyntaxWarning: invalid escape sequence '\i'
<unknown>:33: SyntaxWarning: invalid escape sequence '\d'
<unknown>:35: SyntaxWarning: invalid escape sequence '\s'
<unknown>:43: SyntaxWarning: invalid escape sequence '\d'
<unknown>:57: SyntaxWarning: invalid escape sequence '\d'
<unknown>:19: SyntaxWarning: invalid escape sequence '\d'
<unknown>:19: SyntaxWarning: invalid escape sequence '\d'
<unknown>:20: SyntaxWarning: invalid escape sequence '\d'
<unknown>:21: SyntaxWarning: invalid escape sequence '\d'
<unknown>:27: SyntaxWarning: invalid escape sequence '\l'
<unknown>:23: SyntaxWarning: invalid escape sequence '\ '
<unknown>:27: SyntaxWarning: invalid escape sequence '\ '
<unknown>:31: SyntaxWarning: invalid escape sequence '\ '
<unknown>:35: SyntaxWarning: invalid escape sequence '\ '
<unknown>:38: SyntaxWarning: invalid escape sequence '\{'
<unknown>:62: SyntaxWarning: invalid escape sequence '\*'
<unknown>:50: SyntaxWarning: invalid escape sequence '\]'
<unknown>:51: SyntaxWarning: invalid escape sequence '\s'
<unknown>:23: SyntaxWarning: invalid escape sequence '\.'
<unknown>:23: SyntaxWarning: invalid escape sequence '\p'
<unknown>:31: SyntaxWarning: invalid escape sequence '\('
<unknown>:12: SyntaxWarning: invalid escape sequence '\('
<unknown>:15: SyntaxWarning: invalid escape sequence '\('
<unknown>:15: SyntaxWarning: invalid escape sequence '\)'
<unknown>:78: SyntaxWarning: invalid escape sequence '\V'
<unknown>:80: SyntaxWarning: invalid escape sequence '\V'
<unknown>:6: SyntaxWarning: invalid escape sequence '\`'
<unknown>:76: SyntaxWarning: invalid escape sequence '\$'
<unknown>:77: SyntaxWarning: invalid escape sequence '\s'
<unknown>:156: SyntaxWarning: invalid escape sequence '\H'
<unknown>:163: SyntaxWarning: invalid escape sequence '\H'
<unknown>:118: SyntaxWarning: invalid escape sequence '\l'
<unknown>:5: SyntaxWarning: invalid escape sequence '\]'
<unknown>:312: SyntaxWarning: invalid escape sequence '\('
<unknown>:313: SyntaxWarning: invalid escape sequence '\('
<unknown>:314: SyntaxWarning: invalid escape sequence '\('
<unknown>:315: SyntaxWarning: invalid escape sequence '\('
<unknown>:316: SyntaxWarning: invalid escape sequence '\('
<unknown>:317: SyntaxWarning: invalid escape sequence '\('
<unknown>:318: SyntaxWarning: invalid escape sequence '\('
<unknown>:319: SyntaxWarning: invalid escape sequence '\('
<unknown>:320: SyntaxWarning: invalid escape sequence '\('
<unknown>:321: SyntaxWarning: invalid escape sequence '\('
<unknown>:322: SyntaxWarning: invalid escape sequence '\('
<unknown>:323: SyntaxWarning: invalid escape sequence '\('
<unknown>:324: SyntaxWarning: invalid escape sequence '\('
<unknown>:21: SyntaxWarning: invalid escape sequence '\/'
<unknown>:34: SyntaxWarning: invalid escape sequence '\/'
<unknown>:81: SyntaxWarning: invalid escape sequence '\c'
<unknown>:84: SyntaxWarning: invalid escape sequence '\c'
<unknown>:29: SyntaxWarning: invalid escape sequence '\P'
<unknown>:36: SyntaxWarning: invalid escape sequence '\P'
<unknown>:46: SyntaxWarning: invalid escape sequence '\T'
<unknown>:74: SyntaxWarning: invalid escape sequence '\s'
<unknown>:484: SyntaxWarning: invalid escape sequence '\i'
<unknown>:519: SyntaxWarning: invalid escape sequence '\i'
<unknown>:74: SyntaxWarning: invalid escape sequence '\d'
<unknown>:76: SyntaxWarning: invalid escape sequence '\d'
<unknown>:25: SyntaxWarning: invalid escape sequence '\D'
<unknown>:11: SyntaxWarning: invalid escape sequence '\e'
<unknown>:68: SyntaxWarning: invalid escape sequence '\/'
<unknown>:21: SyntaxWarning: invalid escape sequence '\d'
<unknown>:52: SyntaxWarning: invalid escape sequence '\`'
<unknown>:109: SyntaxWarning: invalid escape sequence '\`'
<unknown>:139: SyntaxWarning: invalid escape sequence '\`'
<unknown>:186: SyntaxWarning: invalid escape sequence '\`'
<unknown>:237: SyntaxWarning: invalid escape sequence '\`'
<unknown>:248: SyntaxWarning: invalid escape sequence '\`'
<unknown>:299: SyntaxWarning: invalid escape sequence '\`'
<unknown>:339: SyntaxWarning: invalid escape sequence '\`'
<unknown>:11: SyntaxWarning: invalid escape sequence '\s'
<unknown>:13: SyntaxWarning: invalid escape sequence '\ '
<unknown>:26: SyntaxWarning: invalid escape sequence '\D'
<unknown>:28: SyntaxWarning: invalid escape sequence '\D'
<unknown>:4: SyntaxWarning: invalid escape sequence '\g'
<unknown>:233: SyntaxWarning: invalid escape sequence '\ '
<unknown>:28: SyntaxWarning: invalid escape sequence '\s'
<unknown>:43: SyntaxWarning: invalid escape sequence '\_'
<unknown>:161: SyntaxWarning: invalid escape sequence '\p'
<unknown>:60: SyntaxWarning: invalid escape sequence '\ '
<unknown>:62: SyntaxWarning: invalid escape sequence '\d'
<unknown>:107: SyntaxWarning: invalid escape sequence '\l'
<unknown>:9: SyntaxWarning: invalid escape sequence '\s'
<unknown>:13: SyntaxWarning: invalid escape sequence '\w'
<unknown>:24: SyntaxWarning: invalid escape sequence '\w'
<unknown>:35: SyntaxWarning: invalid escape sequence '\w'
<unknown>:168: SyntaxWarning: invalid escape sequence '\p'
<unknown>:406: SyntaxWarning: invalid escape sequence '\p'
<unknown>:21: SyntaxWarning: invalid escape sequence '\)'
<unknown>:284: SyntaxWarning: invalid escape sequence '\d'
<unknown>:293: SyntaxWarning: invalid escape sequence '\d'
<unknown>:294: SyntaxWarning: invalid escape sequence '\s'
<unknown>:44: SyntaxWarning: invalid escape sequence '\d'
<unknown>:48: SyntaxWarning: invalid escape sequence '\d'
<unknown>:50: SyntaxWarning: invalid escape sequence '\s'
<unknown>:52: SyntaxWarning: invalid escape sequence '\w'
<unknown>:66: SyntaxWarning: invalid escape sequence '\d'
<unknown>:67: SyntaxWarning: invalid escape sequence '\w'
<unknown>:49: SyntaxWarning: invalid escape sequence '\s'
<unknown>:54: SyntaxWarning: invalid escape sequence '\s'
<unknown>:214: SyntaxWarning: invalid escape sequence '\/'
<unknown>:227: SyntaxWarning: invalid escape sequence '\{'
<unknown>:228: SyntaxWarning: invalid escape sequence '\{'
<unknown>:7: SyntaxWarning: invalid escape sequence '\/'
<unknown>:787: SyntaxWarning: invalid escape sequence '\E'
<unknown>:788: SyntaxWarning: invalid escape sequence '\E'
<unknown>:799: SyntaxWarning: invalid escape sequence '\E'
<unknown>:800: SyntaxWarning: invalid escape sequence '\E'
<unknown>:801: SyntaxWarning: invalid escape sequence '\P'
<unknown>:803: SyntaxWarning: invalid escape sequence '\Y'
<unknown>:804: SyntaxWarning: invalid escape sequence '\Y'
{"status": "QUALITY_AND_FAMILY_FEATURES_COMPLETE_NOT_ADMITTED", "rows": 731824, "passed_rows_before_eligible_dedup_and_reserves": 674129, "elapsed_seconds": 874.7127757752314}
