{"segment": "code_java_extra", "groups": 1, "rows": 34, "code_attempts": 34, "code_payload_bytes": 25407}
{"segment": "code_cpp_extra", "groups": 1, "rows": 123, "code_attempts": 128, "code_payload_bytes": 131159}
{"segment": "code_typescript_extra", "groups": 1, "rows": 374, "code_attempts": 374, "code_payload_bytes": 335034}
{"segment": "code_javascript_extra", "groups": 1, "rows": 175, "code_attempts": 175, "code_payload_bytes": 164775}
{"segment": "code_java_extra", "groups": 2, "rows": 71, "code_attempts": 72, "code_payload_bytes": 53170}
{"segment": "code_java_extra", "groups": 3, "rows": 99, "code_attempts": 100, "code_payload_bytes": 75496}
{"segment": "code_python_extra", "groups": 1, "rows": 138, "code_attempts": 150, "code_payload_bytes": 143743}
{"segment": "code_javascript_extra", "groups": 2, "rows": 358, "code_attempts": 358, "code_payload_bytes": 338408}
{"segment": "code_cpp_extra", "groups": 2, "rows": 244, "code_attempts": 251, "code_payload_bytes": 238128}
{"segment": "code_typescript_extra", "groups": 2, "rows": 725, "code_attempts": 725, "code_payload_bytes": 632350}
{"segment": "pdf_en_extra", "groups": 1, "rows": 1000, "code_attempts": 0, "code_payload_bytes": 0}
{"segment": "code_python_extra", "groups": 2, "rows": 279, "code_attempts": 310, "code_payload_bytes": 342580}
{"segment": "finemath4_shard53_tail", "groups": 1, "rows": 1000, "code_attempts": 0, "code_payload_bytes": 0}
{"segment": "code_cpp_extra", "groups": 3, "rows": 374, "code_attempts": 382, "code_payload_bytes": 371925}
{"segment": "code_javascript_extra", "groups": 3, "rows": 522, "code_attempts": 523, "code_payload_bytes": 488300}
{"segment": "finemath4_shard00", "groups": 1, "rows": 680, "code_attempts": 0, "code_payload_bytes": 0}
{"segment": "code_typescript_extra", "groups": 3, "rows": 1116, "code_attempts": 1116, "code_payload_bytes": 920294}
{"segment": "code_python_extra", "groups": 3, "rows": 437, "code_attempts": 473, "code_payload_bytes": 523128}
{"segment": "multilingual_cmn_Hani_extra", "groups": 1, "rows": 1000, "code_attempts": 0, "code_payload_bytes": 0}
{"segment": "code_java_extra", "groups": 4, "rows": 146, "code_attempts": 147, "code_payload_bytes": 104760}
{"segment": "code_java_extra", "groups": 5, "rows": 179, "code_attempts": 180, "code_payload_bytes": 133247}
{"segment": "code_javascript_extra", "groups": 4, "rows": 721, "code_attempts": 724, "code_payload_bytes": 670924}
{"segment": "code_cpp_extra", "groups": 4, "rows": 510, "code_attempts": 520, "code_payload_bytes": 504566}
{"segment": "code_python_extra", "groups": 4, "rows": 589, "code_attempts": 637, "code_payload_bytes": 710469}
{"segment": "code_java_extra", "groups": 6, "rows": 205, "code_attempts": 207, "code_payload_bytes": 152547}
{"segment": "pdf_en_extra", "groups": 2, "rows": 2000, "code_attempts": 0, "code_payload_bytes": 0}
{"segment": "code_cpp_extra", "groups": 5, "rows": 660, "code_attempts": 671, "code_payload_bytes": 674883}
{"segment": "code_javascript_extra", "groups": 5, "rows": 917, "code_attempts": 920, "code_payload_bytes": 841262}
{"segment": "code_python_extra", "groups": 5, "rows": 741, "code_attempts": 798, "code_payload_bytes": 900210}
{"segment": "finemath4_shard00", "groups": 2, "rows": 1680, "code_attempts": 0, "code_payload_bytes": 0}
{"segment": "finemath4_shard53_tail", "groups": 2, "rows": 2000, "code_attempts": 0, "code_payload_bytes": 0}
{"segment": "code_typescript_extra", "groups": 4, "rows": 1476, "code_attempts": 1476, "code_payload_bytes": 1216909}
{"segment": "code_javascript_extra", "groups": 6, "rows": 1083, "code_attempts": 1087, "code_payload_bytes": 1016582}
{"segment": "code_java_extra", "groups": 7, "rows": 238, "code_attempts": 240, "code_payload_bytes": 177267}
{"segment": "code_cpp_extra", "groups": 6, "rows": 802, "code_attempts": 818, "code_payload_bytes": 802180}
{"segment": "code_python_extra", "groups": 6, "rows": 889, "code_attempts": 960, "code_payload_bytes": 1079376}
{"segment": "code_java_extra", "groups": 8, "rows": 271, "code_attempts": 274, "code_payload_bytes": 197591}
{"segment": "multilingual_cmn_Hani_extra", "groups": 2, "rows": 2000, "code_attempts": 0, "code_payload_bytes": 0}
{"segment": "code_javascript_extra", "groups": 7, "rows": 1281, "code_attempts": 1285, "code_payload_bytes": 1233787}
{"segment": "code_typescript_extra", "groups": 5, "rows": 1824, "code_attempts": 1824, "code_payload_bytes": 1483749}
{"segment": "code_java_extra", "groups": 9, "rows": 313, "code_attempts": 317, "code_payload_bytes": 229199}
{"segment": "code_cpp_extra", "groups": 7, "rows": 956, "code_attempts": 977, "code_payload_bytes": 952944}
{"segment": "code_python_extra", "groups": 7, "rows": 1048, "code_attempts": 1136, "code_payload_bytes": 1269499}
{"segment": "code_java_extra", "groups": 10, "rows": 339, "code_attempts": 343, "code_payload_bytes": 248343}
{"segment": "pdf_en_extra", "groups": 3, "rows": 3000, "code_attempts": 0, "code_payload_bytes": 0}
{"segment": "code_javascript_extra", "groups": 8, "rows": 1462, "code_attempts": 1466, "code_payload_bytes": 1400842}
{"segment": "code_java_extra", "groups": 11, "rows": 385, "code_attempts": 389, "code_payload_bytes": 294818}
{"segment": "finemath4_shard00", "groups": 3, "rows": 2680, "code_attempts": 0, "code_payload_bytes": 0}
{"segment": "code_cpp_extra", "groups": 8, "rows": 1085, "code_attempts": 1109, "code_payload_bytes": 1080641}
{"segment": "code_python_extra", "groups": 8, "rows": 1222, "code_attempts": 1321, "code_payload_bytes": 1482312}
{"segment": "finemath4_shard53_tail", "groups": 3, "rows": 3000, "code_attempts": 0, "code_payload_bytes": 0}
{"segment": "code_java_extra", "groups": 12, "rows": 428, "code_attempts": 433, "code_payload_bytes": 331028}
{"segment": "code_javascript_extra", "groups": 9, "rows": 1652, "code_attempts": 1656, "code_payload_bytes": 1569620}
{"segment": "code_typescript_extra", "groups": 6, "rows": 2186, "code_attempts": 2186, "code_payload_bytes": 1751453}
{"segment": "code_java_extra", "groups": 13, "rows": 454, "code_attempts": 459, "code_payload_bytes": 349265}
{"segment": "multilingual_cmn_Hani_extra", "groups": 3, "rows": 3000, "code_attempts": 0, "code_payload_bytes": 0}
{"segment": "code_python_extra", "groups": 9, "rows": 1370, "code_attempts": 1477, "code_payload_bytes": 1656982}
{"segment": "code_cpp_extra", "groups": 9, "rows": 1214, "code_attempts": 1240, "code_payload_bytes": 1202476}
{"segment": "code_java_extra", "groups": 14, "rows": 498, "code_attempts": 504, "code_payload_bytes": 379777}
{"segment": "code_javascript_extra", "groups": 10, "rows": 1797, "code_attempts": 1801, "code_payload_bytes": 1711598}
{"segment": "finemath4_shard00", "groups": 4, "rows": 3680, "code_attempts": 0, "code_payload_bytes": 0}
{"segment": "code_python_extra", "groups": 10, "rows": 1531, "code_attempts": 1648, "code_payload_bytes": 1843068}
{"segment": "code_java_extra", "groups": 15, "rows": 541, "code_attempts": 547, "code_payload_bytes": 413072}
{"segment": "pdf_en_extra", "groups": 4, "rows": 4000, "code_attempts": 0, "code_payload_bytes": 0}
{"segment": "code_typescript_extra", "groups": 7, "rows": 2556, "code_attempts": 2556, "code_payload_bytes": 2016766}
{"segment": "code_cpp_extra", "groups": 10, "rows": 1368, "code_attempts": 1396, "code_payload_bytes": 1338957}
{"segment": "code_javascript_extra", "groups": 11, "rows": 1974, "code_attempts": 1979, "code_payload_bytes": 1858051}
{"segment": "code_java_extra", "groups": 16, "rows": 579, "code_attempts": 585, "code_payload_bytes": 448247}
{"segment": "finemath4_shard53_tail", "groups": 4, "rows": 4000, "code_attempts": 0, "code_payload_bytes": 0}
{"segment": "code_python_extra", "groups": 11, "rows": 1679, "code_attempts": 1806, "code_payload_bytes": 2002851}
{"segment": "code_java_extra", "groups": 17, "rows": 607, "code_attempts": 613, "code_payload_bytes": 472665}
{"segment": "code_javascript_extra", "groups": 12, "rows": 2154, "code_attempts": 2160, "code_payload_bytes": 2032994}
{"segment": "code_cpp_extra", "groups": 11, "rows": 1492, "code_attempts": 1525, "code_payload_bytes": 1457532}
{"segment": "code_java_extra", "groups": 18, "rows": 648, "code_attempts": 654, "code_payload_bytes": 507764}
{"segment": "code_python_extra", "groups": 12, "rows": 1817, "code_attempts": 1958, "code_payload_bytes": 2128564}
{"segment": "code_java_extra", "groups": 19, "rows": 676, "code_attempts": 685, "code_payload_bytes": 533541}
{"segment": "multilingual_cmn_Hani_extra", "groups": 4, "rows": 4000, "code_attempts": 0, "code_payload_bytes": 0}
{"segment": "code_typescript_extra", "groups": 8, "rows": 2886, "code_attempts": 2886, "code_payload_bytes": 2277516}
{"segment": "code_cpp_extra", "groups": 12, "rows": 1620, "code_attempts": 1658, "code_payload_bytes": 1588640}
{"segment": "code_javascript_extra", "groups": 13, "rows": 2357, "code_attempts": 2363, "code_payload_bytes": 2239669}
{"segment": "code_java_extra", "groups": 20, "rows": 709, "code_attempts": 718, "code_payload_bytes": 564070}
{"segment": "finemath4_shard00", "groups": 5, "rows": 4680, "code_attempts": 0, "code_payload_bytes": 0}
{"segment": "code_python_extra", "groups": 13, "rows": 1983, "code_attempts": 2141, "code_payload_bytes": 2340059}
{"segment": "pdf_en_extra", "groups": 5, "rows": 5000, "code_attempts": 0, "code_payload_bytes": 0}
{"segment": "code_java_extra", "groups": 21, "rows": 742, "code_attempts": 751, "code_payload_bytes": 590230}
{"segment": "code_javascript_extra", "groups": 14, "rows": 2528, "code_attempts": 2534, "code_payload_bytes": 2379827}
{"segment": "finemath4_shard53_tail", "groups": 5, "rows": 5000, "code_attempts": 0, "code_payload_bytes": 0}
{"segment": "code_cpp_extra", "groups": 13, "rows": 1780, "code_attempts": 1822, "code_payload_bytes": 1768862}
{"segment": "code_python_extra", "groups": 14, "rows": 2132, "code_attempts": 2308, "code_payload_bytes": 2514862}
{"segment": "code_java_extra", "groups": 22, "rows": 778, "code_attempts": 789, "code_payload_bytes": 621018}
{"segment": "code_typescript_extra", "groups": 9, "rows": 3271, "code_attempts": 3271, "code_payload_bytes": 2601172}
{"segment": "code_cpp_extra", "groups": 14, "rows": 1916, "code_attempts": 1961, "code_payload_bytes": 1887161}
{"segment": "code_java_extra", "groups": 23, "rows": 815, "code_attempts": 826, "code_payload_bytes": 653285}
{"segment": "code_python_extra", "groups": 15, "rows": 2298, "code_attempts": 2491, "code_payload_bytes": 2725099}
{"segment": "code_javascript_extra", "groups": 15, "rows": 2710, "code_attempts": 2716, "code_payload_bytes": 2613170}
{"segment": "code_java_extra", "groups": 24, "rows": 842, "code_attempts": 855, "code_payload_bytes": 683807}
{"segment": "code_typescript_extra", "groups": 10, "rows": 3600, "code_attempts": 3600, "code_payload_bytes": 2830926}
{"segment": "finemath4_shard00", "groups": 6, "rows": 5680, "code_attempts": 0, "code_payload_bytes": 0}
{"segment": "code_cpp_extra", "groups": 15, "rows": 2054, "code_attempts": 2103, "code_payload_bytes": 2026050}
{"segment": "multilingual_cmn_Hani_extra", "groups": 5, "rows": 5000, "code_attempts": 0, "code_payload_bytes": 0}
{"segment": "code_java_extra", "groups": 25, "rows": 872, "code_attempts": 885, "code_payload_bytes": 703899}
{"segment": "pdf_en_extra", "groups": 6, "rows": 6000, "code_attempts": 0, "code_payload_bytes": 0}
{"segment": "code_javascript_extra", "groups": 16, "rows": 2906, "code_attempts": 2912, "code_payload_bytes": 2782688}
{"segment": "code_java_extra", "groups": 26, "rows": 895, "code_attempts": 909, "code_payload_bytes": 720321}
{"segment": "code_python_extra", "groups": 16, "rows": 2443, "code_attempts": 2650, "code_payload_bytes": 2900093}
{"segment": "finemath4_shard53_tail", "groups": 6, "rows": 6000, "code_attempts": 0, "code_payload_bytes": 0}
{"segment": "code_javascript_extra", "groups": 17, "rows": 3099, "code_attempts": 3105, "code_payload_bytes": 2955970}
{"segment": "code_java_extra", "groups": 27, "rows": 938, "code_attempts": 952, "code_payload_bytes": 766477}
{"segment": "code_typescript_extra", "groups": 11, "rows": 3993, "code_attempts": 3993, "code_payload_bytes": 3123741}
{"segment": "code_python_extra", "groups": 17, "rows": 2582, "code_attempts": 2802, "code_payload_bytes": 3059917}
{"segment": "code_cpp_extra", "groups": 16, "rows": 2182, "code_attempts": 2233, "code_payload_bytes": 2155586}
{"segment": "code_java_extra", "groups": 28, "rows": 983, "code_attempts": 997, "code_payload_bytes": 792726}
{"segment": "code_javascript_extra", "groups": 18, "rows": 3292, "code_attempts": 3299, "code_payload_bytes": 3126354}
{"segment": "finemath4_shard00", "groups": 7, "rows": 6680, "code_attempts": 0, "code_payload_bytes": 0}
{"segment": "code_python_extra", "groups": 18, "rows": 2718, "code_attempts": 2950, "code_payload_bytes": 3235087}
{"segment": "code_java_extra", "groups": 29, "rows": 1022, "code_attempts": 1037, "code_payload_bytes": 845853}
{"segment": "multilingual_cmn_Hani_extra", "groups": 6, "rows": 6000, "code_attempts": 0, "code_payload_bytes": 0}
{"segment": "pdf_en_extra", "groups": 7, "rows": 7000, "code_attempts": 0, "code_payload_bytes": 0}
{"segment": "code_javascript_extra", "groups": 19, "rows": 3455, "code_attempts": 3462, "code_payload_bytes": 3271708}
{"segment": "code_java_extra", "groups": 30, "rows": 1050, "code_attempts": 1066, "code_payload_bytes": 866828}
{"segment": "finemath4_shard53_tail", "groups": 7, "rows": 7000, "code_attempts": 0, "code_payload_bytes": 0}
{"segment": "code_python_extra", "groups": 19, "rows": 2882, "code_attempts": 3129, "code_payload_bytes": 3461476}
{"segment": "code_java_extra", "groups": 31, "rows": 1084, "code_attempts": 1100, "code_payload_bytes": 891960}
{"segment": "code_cpp_extra", "groups": 17, "rows": 2313, "code_attempts": 2373, "code_payload_bytes": 2293370}
{"segment": "code_javascript_extra", "groups": 20, "rows": 3640, "code_attempts": 3647, "code_payload_bytes": 3411360}
{"segment": "code_typescript_extra", "groups": 12, "rows": 4354, "code_attempts": 4354, "code_payload_bytes": 3430227}
{"segment": "code_java_extra", "groups": 32, "rows": 1113, "code_attempts": 1129, "code_payload_bytes": 915358}
{"segment": "code_python_extra", "groups": 20, "rows": 3044, "code_attempts": 3304, "code_payload_bytes": 3625069}
{"segment": "code_javascript_extra", "groups": 21, "rows": 3835, "code_attempts": 3843, "code_payload_bytes": 3611027}
{"segment": "code_java_extra", "groups": 33, "rows": 1146, "code_attempts": 1162, "code_payload_bytes": 938466}
{"segment": "code_cpp_extra", "groups": 18, "rows": 2444, "code_attempts": 2507, "code_payload_bytes": 2429519}
{"segment": "finemath4_shard00", "groups": 8, "rows": 7680, "code_attempts": 0, "code_payload_bytes": 0}
{"segment": "code_python_extra", "groups": 21, "rows": 3205, "code_attempts": 3476, "code_payload_bytes": 3801971}
{"segment": "pdf_en_extra", "groups": 8, "rows": 8000, "code_attempts": 0, "code_payload_bytes": 0}
{"segment": "code_java_extra", "groups": 34, "rows": 1183, "code_attempts": 1199, "code_payload_bytes": 963711}
{"segment": "code_javascript_extra", "groups": 22, "rows": 4018, "code_attempts": 4026, "code_payload_bytes": 3763381}
{"segment": "multilingual_cmn_Hani_extra", "groups": 7, "rows": 7000, "code_attempts": 0, "code_payload_bytes": 0}
{"segment": "code_typescript_extra", "groups": 13, "rows": 4699, "code_attempts": 4699, "code_payload_bytes": 3684176}
{"segment": "code_cpp_extra", "groups": 19, "rows": 2577, "code_attempts": 2646, "code_payload_bytes": 2549400}
{"segment": "code_java_extra", "groups": 35, "rows": 1212, "code_attempts": 1229, "code_payload_bytes": 988799}
{"segment": "code_python_extra", "groups": 22, "rows": 3349, "code_attempts": 3636, "code_payload_bytes": 4005721}
{"segment": "code_java_extra", "groups": 36, "rows": 1247, "code_attempts": 1264, "code_payload_bytes": 1021784}
{"segment": "code_javascript_extra", "groups": 23, "rows": 4205, "code_attempts": 4213, "code_payload_bytes": 3922605}
{"segment": "finemath4_shard53_tail", "groups": 8, "rows": 8000, "code_attempts": 0, "code_payload_bytes": 0}
{"segment": "code_python_extra", "groups": 23, "rows": 3517, "code_attempts": 3821, "code_payload_bytes": 4192726}
{"segment": "code_java_extra", "groups": 37, "rows": 1287, "code_attempts": 1304, "code_payload_bytes": 1056882}
{"segment": "code_typescript_extra", "groups": 14, "rows": 5084, "code_attempts": 5084, "code_payload_bytes": 4013600}
{"segment": "finemath4_shard00", "groups": 9, "rows": 8680, "code_attempts": 0, "code_payload_bytes": 0}
{"segment": "code_cpp_extra", "groups": 20, "rows": 2708, "code_attempts": 2779, "code_payload_bytes": 2702554}
{"segment": "code_javascript_extra", "groups": 24, "rows": 4387, "code_attempts": 4396, "code_payload_bytes": 4084000}
{"segment": "code_python_extra", "groups": 24, "rows": 3671, "code_attempts": 3984, "code_payload_bytes": 4375554}
{"segment": "pdf_en_extra", "groups": 9, "rows": 9000, "code_attempts": 0, "code_payload_bytes": 0}
{"segment": "code_cpp_extra", "groups": 21, "rows": 2842, "code_attempts": 2918, "code_payload_bytes": 2857919}
{"segment": "code_java_extra", "groups": 38, "rows": 1333, "code_attempts": 1351, "code_payload_bytes": 1091417}
{"segment": "code_javascript_extra", "groups": 25, "rows": 4553, "code_attempts": 4562, "code_payload_bytes": 4245880}
{"segment": "code_java_extra", "groups": 39, "rows": 1364, "code_attempts": 1383, "code_payload_bytes": 1118034}
{"segment": "multilingual_cmn_Hani_extra", "groups": 8, "rows": 8000, "code_attempts": 0, "code_payload_bytes": 0}
{"segment": "code_python_extra", "groups": 25, "rows": 3822, "code_attempts": 4149, "code_payload_bytes": 4547996}
{"segment": "code_typescript_extra", "groups": 15, "rows": 5463, "code_attempts": 5463, "code_payload_bytes": 4318510}
{"segment": "code_java_extra", "groups": 40, "rows": 1391, "code_attempts": 1410, "code_payload_bytes": 1140333}
{"segment": "code_javascript_extra", "groups": 26, "rows": 4724, "code_attempts": 4733, "code_payload_bytes": 4408340}
{"segment": "finemath4_shard53_tail", "groups": 9, "rows": 9000, "code_attempts": 0, "code_payload_bytes": 0}
{"segment": "code_cpp_extra", "groups": 22, "rows": 2986, "code_attempts": 3065, "code_payload_bytes": 2988501}
{"segment": "code_java_extra", "groups": 41, "rows": 1427, "code_attempts": 1447, "code_payload_bytes": 1173486}
{"segment": "code_python_extra", "groups": 26, "rows": 3960, "code_attempts": 4304, "code_payload_bytes": 4715043}
{"segment": "finemath4_shard00", "groups": 10, "rows": 9680, "code_attempts": 0, "code_payload_bytes": 0}
{"segment": "code_javascript_extra", "groups": 27, "rows": 4902, "code_attempts": 4911, "code_payload_bytes": 4557338}
{"segment": "code_java_extra", "groups": 42, "rows": 1465, "code_attempts": 1485, "code_payload_bytes": 1204832}
{"segment": "code_typescript_extra", "groups": 16, "rows": 5824, "code_attempts": 5824, "code_payload_bytes": 4581699}
{"segment": "code_cpp_extra", "groups": 23, "rows": 3121, "code_attempts": 3204, "code_payload_bytes": 3112713}
{"segment": "code_java_extra", "groups": 43, "rows": 1490, "code_attempts": 1510, "code_payload_bytes": 1219415}
{"segment": "code_python_extra", "groups": 27, "rows": 4112, "code_attempts": 4466, "code_payload_bytes": 4903195}
{"segment": "code_javascript_extra", "groups": 28, "rows": 5103, "code_attempts": 5112, "code_payload_bytes": 4735163}
{"segment": "code_java_extra", "groups": 44, "rows": 1523, "code_attempts": 1544, "code_payload_bytes": 1244715}
{"segment": "code_cpp_extra", "groups": 24, "rows": 3260, "code_attempts": 3348, "code_payload_bytes": 3258079}
{"segment": "code_java_extra", "groups": 45, "rows": 1560, "code_attempts": 1583, "code_payload_bytes": 1280385}
{"segment": "multilingual_cmn_Hani_extra", "groups": 9, "rows": 9000, "code_attempts": 0, "code_payload_bytes": 0}
{"segment": "finemath4_shard53_tail", "groups": 10, "rows": 10000, "code_attempts": 0, "code_payload_bytes": 0}
{"segment": "code_javascript_extra", "groups": 29, "rows": 5279, "code_attempts": 5289, "code_payload_bytes": 4899137}
{"segment": "code_cpp_extra", "groups": 25, "rows": 3370, "code_attempts": 3462, "code_payload_bytes": 3388461}
{"segment": "code_python_extra", "groups": 28, "rows": 4265, "code_attempts": 4633, "code_payload_bytes": 5105083}
{"segment": "code_typescript_extra", "groups": 17, "rows": 6176, "code_attempts": 6176, "code_payload_bytes": 4880842}
{"segment": "code_java_extra", "groups": 46, "rows": 1587, "code_attempts": 1613, "code_payload_bytes": 1305625}
{"segment": "finemath4_shard00", "groups": 11, "rows": 10680, "code_attempts": 0, "code_payload_bytes": 0}
{"segment": "code_java_extra", "groups": 47, "rows": 1626, "code_attempts": 1652, "code_payload_bytes": 1340160}
{"segment": "code_javascript_extra", "groups": 30, "rows": 5440, "code_attempts": 5450, "code_payload_bytes": 5058982}
{"segment": "code_python_extra", "groups": 29, "rows": 4414, "code_attempts": 4785, "code_payload_bytes": 5271282}
{"segment": "code_cpp_extra", "groups": 26, "rows": 3521, "code_attempts": 3615, "code_payload_bytes": 3528400}
{"segment": "code_java_extra", "groups": 48, "rows": 1653, "code_attempts": 1680, "code_payload_bytes": 1364524}
{"segment": "code_typescript_extra", "groups": 18, "rows": 6540, "code_attempts": 6540, "code_payload_bytes": 5154583}
{"segment": "code_javascript_extra", "groups": 31, "rows": 5602, "code_attempts": 5612, "code_payload_bytes": 5211105}
{"segment": "code_python_extra", "groups": 30, "rows": 4561, "code_attempts": 4941, "code_payload_bytes": 5454488}
{"segment": "code_cpp_extra", "groups": 27, "rows": 3674, "code_attempts": 3770, "code_payload_bytes": 3683168}
{"segment": "code_python_extra", "groups": 31, "rows": 4707, "code_attempts": 5102, "code_payload_bytes": 5630123}
{"segment": "pdf_en_extra", "groups": 10, "rows": 10000, "code_attempts": 0, "code_payload_bytes": 0}
{"segment": "code_javascript_extra", "groups": 32, "rows": 5792, "code_attempts": 5802, "code_payload_bytes": 5375246}
{"segment": "finemath4_shard53_tail", "groups": 11, "rows": 11000, "code_attempts": 0, "code_payload_bytes": 0}
{"segment": "code_cpp_extra", "groups": 28, "rows": 3802, "code_attempts": 3903, "code_payload_bytes": 3840464}
{"segment": "code_typescript_extra", "groups": 19, "rows": 6899, "code_attempts": 6899, "code_payload_bytes": 5489335}
{"segment": "finemath4_shard00", "groups": 12, "rows": 11680, "code_attempts": 0, "code_payload_bytes": 0}
{"segment": "multilingual_cmn_Hani_extra", "groups": 10, "rows": 10000, "code_attempts": 0, "code_payload_bytes": 0}
{"segment": "code_java_extra", "groups": 49, "rows": 1696, "code_attempts": 1724, "code_payload_bytes": 1401024}
{"segment": "code_python_extra", "groups": 32, "rows": 4871, "code_attempts": 5283, "code_payload_bytes": 5801555}
{"segment": "code_javascript_extra", "groups": 33, "rows": 5980, "code_attempts": 5991, "code_payload_bytes": 5541940}
{"segment": "code_cpp_extra", "groups": 29, "rows": 3940, "code_attempts": 4046, "code_payload_bytes": 3980007}
{"segment": "code_java_extra", "groups": 50, "rows": 1730, "code_attempts": 1758, "code_payload_bytes": 1433134}
{"segment": "code_python_extra", "groups": 33, "rows": 5027, "code_attempts": 5451, "code_payload_bytes": 5977527}
{"segment": "code_typescript_extra", "groups": 20, "rows": 7256, "code_attempts": 7256, "code_payload_bytes": 5780156}
{"segment": "code_javascript_extra", "groups": 34, "rows": 6162, "code_attempts": 6173, "code_payload_bytes": 5698531}
{"segment": "code_java_extra", "groups": 51, "rows": 1763, "code_attempts": 1792, "code_payload_bytes": 1461351}
{"segment": "code_cpp_extra", "groups": 30, "rows": 4061, "code_attempts": 4172, "code_payload_bytes": 4106482}
{"segment": "code_python_extra", "groups": 34, "rows": 5171, "code_attempts": 5607, "code_payload_bytes": 6118421}
{"segment": "code_java_extra", "groups": 52, "rows": 1794, "code_attempts": 1823, "code_payload_bytes": 1487674}
{"segment": "code_cpp_extra", "groups": 31, "rows": 4200, "code_attempts": 4313, "code_payload_bytes": 4230252}
{"segment": "code_javascript_extra", "groups": 35, "rows": 6345, "code_attempts": 6356, "code_payload_bytes": 5836857}
{"segment": "finemath4_shard00", "groups": 13, "rows": 12680, "code_attempts": 0, "code_payload_bytes": 0}
{"segment": "pdf_en_extra", "groups": 11, "rows": 11000, "code_attempts": 0, "code_payload_bytes": 0}
{"segment": "code_typescript_extra", "groups": 21, "rows": 7613, "code_attempts": 7613, "code_payload_bytes": 6066552}
{"segment": "code_java_extra", "groups": 53, "rows": 1818, "code_attempts": 1848, "code_payload_bytes": 1514783}
{"segment": "finemath4_shard53_tail", "groups": 12, "rows": 12000, "code_attempts": 0, "code_payload_bytes": 0}
{"segment": "multilingual_cmn_Hani_extra", "groups": 11, "rows": 11000, "code_attempts": 0, "code_payload_bytes": 0}
{"segment": "code_python_extra", "groups": 35, "rows": 5324, "code_attempts": 5773, "code_payload_bytes": 6307945}
{"segment": "code_cpp_extra", "groups": 32, "rows": 4343, "code_attempts": 4462, "code_payload_bytes": 4360386}
{"segment": "code_java_extra", "groups": 54, "rows": 1844, "code_attempts": 1874, "code_payload_bytes": 1533347}
{"segment": "code_javascript_extra", "groups": 36, "rows": 6545, "code_attempts": 6556, "code_payload_bytes": 6014689}
{"segment": "code_java_extra", "groups": 55, "rows": 1880, "code_attempts": 1910, "code_payload_bytes": 1556636}
{"segment": "code_cpp_extra", "groups": 33, "rows": 4495, "code_attempts": 4617, "code_payload_bytes": 4482191}
{"segment": "code_typescript_extra", "groups": 22, "rows": 7989, "code_attempts": 7989, "code_payload_bytes": 6384409}
{"segment": "code_python_extra", "groups": 36, "rows": 5462, "code_attempts": 5922, "code_payload_bytes": 6470984}
{"segment": "code_java_extra", "groups": 56, "rows": 1902, "code_attempts": 1933, "code_payload_bytes": 1572586}
{"segment": "code_cpp_extra", "groups": 34, "rows": 4612, "code_attempts": 4737, "code_payload_bytes": 4593465}
{"segment": "code_javascript_extra", "groups": 37, "rows": 6712, "code_attempts": 6723, "code_payload_bytes": 6163045}
{"segment": "code_java_extra", "groups": 57, "rows": 1935, "code_attempts": 1966, "code_payload_bytes": 1593764}
{"segment": "code_python_extra", "groups": 37, "rows": 5595, "code_attempts": 6066, "code_payload_bytes": 6637533}
{"segment": "finemath4_shard00", "groups": 14, "rows": 13680, "code_attempts": 0, "code_payload_bytes": 0}
{"segment": "code_java_extra", "groups": 58, "rows": 1970, "code_attempts": 2001, "code_payload_bytes": 1634736}
{"segment": "code_cpp_extra", "groups": 35, "rows": 4739, "code_attempts": 4866, "code_payload_bytes": 4713255}
{"segment": "finemath4_shard53_tail", "groups": 13, "rows": 13000, "code_attempts": 0, "code_payload_bytes": 0}
{"segment": "code_javascript_extra", "groups": 38, "rows": 6885, "code_attempts": 6896, "code_payload_bytes": 6341541}
{"segment": "code_python_extra", "groups": 38, "rows": 5748, "code_attempts": 6230, "code_payload_bytes": 6842752}
{"segment": "multilingual_cmn_Hani_extra", "groups": 12, "rows": 12000, "code_attempts": 0, "code_payload_bytes": 0}
{"segment": "code_java_extra", "groups": 59, "rows": 1990, "code_attempts": 2021, "code_payload_bytes": 1648980}
{"segment": "code_cpp_extra", "groups": 36, "rows": 4888, "code_attempts": 5017, "code_payload_bytes": 4855898}
{"segment": "code_java_extra", "groups": 60, "rows": 2018, "code_attempts": 2049, "code_payload_bytes": 1672243}
{"segment": "code_python_extra", "groups": 39, "rows": 5880, "code_attempts": 6378, "code_payload_bytes": 7008766}
{"segment": "code_javascript_extra", "groups": 39, "rows": 7075, "code_attempts": 7090, "code_payload_bytes": 6501162}
{"segment": "code_java_extra", "groups": 61, "rows": 2047, "code_attempts": 2078, "code_payload_bytes": 1694460}
{"segment": "code_cpp_extra", "groups": 37, "rows": 5027, "code_attempts": 5162, "code_payload_bytes": 5008004}
{"segment": "pdf_en_extra", "groups": 12, "rows": 12000, "code_attempts": 0, "code_payload_bytes": 0}
{"segment": "finemath4_shard00", "groups": 15, "rows": 14680, "code_attempts": 0, "code_payload_bytes": 0}
{"segment": "code_java_extra", "groups": 62, "rows": 2084, "code_attempts": 2117, "code_payload_bytes": 1723266}
{"segment": "code_typescript_extra", "groups": 23, "rows": 8344, "code_attempts": 8344, "code_payload_bytes": 6630671}
{"segment": "code_python_extra", "groups": 40, "rows": 6016, "code_attempts": 6526, "code_payload_bytes": 7194161}
{"segment": "code_cpp_extra", "groups": 38, "rows": 5179, "code_attempts": 5317, "code_payload_bytes": 5144608}
{"segment": "code_javascript_extra", "groups": 40, "rows": 7265, "code_attempts": 7280, "code_payload_bytes": 6681953}
{"segment": "code_java_extra", "groups": 63, "rows": 2121, "code_attempts": 2155, "code_payload_bytes": 1752155}
{"segment": "finemath4_shard53_tail", "groups": 14, "rows": 14000, "code_attempts": 0, "code_payload_bytes": 0}
{"segment": "code_python_extra", "groups": 41, "rows": 6156, "code_attempts": 6674, "code_payload_bytes": 7364093}
{"segment": "code_java_extra", "groups": 64, "rows": 2162, "code_attempts": 2196, "code_payload_bytes": 1792873}
{"segment": "code_cpp_extra", "groups": 39, "rows": 5331, "code_attempts": 5475, "code_payload_bytes": 5294256}
{"segment": "code_java_extra", "groups": 65, "rows": 2190, "code_attempts": 2224, "code_payload_bytes": 1815507}
{"segment": "code_javascript_extra", "groups": 41, "rows": 7452, "code_attempts": 7467, "code_payload_bytes": 6861071}
{"segment": "multilingual_cmn_Hani_extra", "groups": 13, "rows": 13000, "code_attempts": 0, "code_payload_bytes": 0}
{"segment": "code_typescript_extra", "groups": 24, "rows": 8693, "code_attempts": 8693, "code_payload_bytes": 6881947}
{"segment": "code_java_extra", "groups": 66, "rows": 2216, "code_attempts": 2251, "code_payload_bytes": 1831663}
{"segment": "code_python_extra", "groups": 42, "rows": 6323, "code_attempts": 6853, "code_payload_bytes": 7607489}
{"segment": "code_cpp_extra", "groups": 40, "rows": 5474, "code_attempts": 5623, "code_payload_bytes": 5424154}
{"segment": "code_java_extra", "groups": 67, "rows": 2254, "code_attempts": 2289, "code_payload_bytes": 1858173}
{"segment": "code_javascript_extra", "groups": 42, "rows": 7655, "code_attempts": 7670, "code_payload_bytes": 7069457}
{"segment": "code_java_extra", "groups": 68, "rows": 2287, "code_attempts": 2324, "code_payload_bytes": 1885288}
{"segment": "finemath4_shard00", "groups": 16, "rows": 15680, "code_attempts": 0, "code_payload_bytes": 0}
{"segment": "pdf_en_extra", "groups": 13, "rows": 13000, "code_attempts": 0, "code_payload_bytes": 0}
{"segment": "code_java_extra", "groups": 69, "rows": 2308, "code_attempts": 2345, "code_payload_bytes": 1900470}
{"segment": "code_python_extra", "groups": 43, "rows": 6480, "code_attempts": 7022, "code_payload_bytes": 7816499}
{"segment": "code_typescript_extra", "groups": 25, "rows": 9070, "code_attempts": 9070, "code_payload_bytes": 7140840}
{"segment": "finemath4_shard53_tail", "groups": 15, "rows": 15000, "code_attempts": 0, "code_payload_bytes": 0}
{"segment": "code_java_extra", "groups": 70, "rows": 2344, "code_attempts": 2382, "code_payload_bytes": 1943032}
{"segment": "code_cpp_extra", "groups": 41, "rows": 5620, "code_attempts": 5774, "code_payload_bytes": 5569783}
{"segment": "code_javascript_extra", "groups": 43, "rows": 7840, "code_attempts": 7856, "code_payload_bytes": 7281439}
{"segment": "code_java_extra", "groups": 71, "rows": 2373, "code_attempts": 2412, "code_payload_bytes": 1964684}
{"segment": "code_java_extra", "groups": 72, "rows": 2406, "code_attempts": 2445, "code_payload_bytes": 1987165}
{"segment": "code_cpp_extra", "groups": 42, "rows": 5772, "code_attempts": 5928, "code_payload_bytes": 5698187}
{"segment": "code_typescript_extra", "groups": 26, "rows": 9407, "code_attempts": 9407, "code_payload_bytes": 7391240}
{"segment": "code_javascript_extra", "groups": 44, "rows": 8016, "code_attempts": 8032, "code_payload_bytes": 7465505}{"segment": "code_python_extra", "groups": 44, "rows": 6653, "code_attempts": 7206, "code_payload_bytes": 8021751}

{"segment": "code_java_extra", "groups": 73, "rows": 2439, "code_attempts": 2480, "code_payload_bytes": 2014728}
{"segment": "multilingual_cmn_Hani_extra", "groups": 14, "rows": 14000, "code_attempts": 0, "code_payload_bytes": 0}
{"segment": "finemath4_shard00", "groups": 17, "rows": 16680, "code_attempts": 0, "code_payload_bytes": 0}
{"segment": "code_cpp_extra", "groups": 43, "rows": 5898, "code_attempts": 6056, "code_payload_bytes": 5824682}
{"segment": "code_javascript_extra", "groups": 45, "rows": 8186, "code_attempts": 8202, "code_payload_bytes": 7631087}
{"segment": "code_python_extra", "groups": 45, "rows": 6793, "code_attempts": 7354, "code_payload_bytes": 8164256}
{"segment": "pdf_en_extra", "groups": 14, "rows": 14000, "code_attempts": 0, "code_payload_bytes": 0}
{"segment": "code_java_extra", "groups": 74, "rows": 2478, "code_attempts": 2519, "code_payload_bytes": 2045163}
{"segment": "code_typescript_extra", "groups": 27, "rows": 9787, "code_attempts": 9787, "code_payload_bytes": 7704393}
{"segment": "finemath4_shard53_tail", "groups": 16, "rows": 16000, "code_attempts": 0, "code_payload_bytes": 0}
{"segment": "code_cpp_extra", "groups": 44, "rows": 6038, "code_attempts": 6200, "code_payload_bytes": 5975513}
{"segment": "code_javascript_extra", "groups": 46, "rows": 8356, "code_attempts": 8372, "code_payload_bytes": 7772905}
{"segment": "code_java_extra", "groups": 75, "rows": 2511, "code_attempts": 2552, "code_payload_bytes": 2064204}
{"segment": "code_python_extra", "groups": 46, "rows": 6937, "code_attempts": 7511, "code_payload_bytes": 8325367}
{"segment": "code_java_extra", "groups": 76, "rows": 2549, "code_attempts": 2591, "code_payload_bytes": 2094019}
{"segment": "code_cpp_extra", "groups": 45, "rows": 6179, "code_attempts": 6344, "code_payload_bytes": 6126488}
{"segment": "code_javascript_extra", "groups": 47, "rows": 8535, "code_attempts": 8551, "code_payload_bytes": 7938231}
{"segment": "code_typescript_extra", "groups": 28, "rows": 10144, "code_attempts": 10144, "code_payload_bytes": 7995799}
{"segment": "code_java_extra", "groups": 77, "rows": 2589, "code_attempts": 2632, "code_payload_bytes": 2122148}
{"segment": "finemath4_shard00", "groups": 18, "rows": 17680, "code_attempts": 0, "code_payload_bytes": 0}
{"segment": "code_python_extra", "groups": 47, "rows": 7097, "code_attempts": 7682, "code_payload_bytes": 8506444}
{"segment": "code_java_extra", "groups": 78, "rows": 2613, "code_attempts": 2657, "code_payload_bytes": 2145973}
{"segment": "code_cpp_extra", "groups": 46, "rows": 6325, "code_attempts": 6495, "code_payload_bytes": 6260203}
{"segment": "code_java_extra", "groups": 79, "rows": 2649, "code_attempts": 2693, "code_payload_bytes": 2171989}
{"segment": "code_javascript_extra", "groups": 48, "rows": 8696, "code_attempts": 8712, "code_payload_bytes": 8088903}
{"segment": "multilingual_cmn_Hani_extra", "groups": 15, "rows": 15000, "code_attempts": 0, "code_payload_bytes": 0}
{"segment": "code_python_extra", "groups": 48, "rows": 7260, "code_attempts": 7855, "code_payload_bytes": 8720669}
{"segment": "code_typescript_extra", "groups": 29, "rows": 10489, "code_attempts": 10489, "code_payload_bytes": 8246582}
{"segment": "code_java_extra", "groups": 80, "rows": 2686, "code_attempts": 2732, "code_payload_bytes": 2198453}
{"segment": "code_cpp_extra", "groups": 47, "rows": 6463, "code_attempts": 6636, "code_payload_bytes": 6381024}
{"segment": "code_javascript_extra", "groups": 49, "rows": 8873, "code_attempts": 8889, "code_payload_bytes": 8238662}
{"segment": "code_java_extra", "groups": 81, "rows": 2714, "code_attempts": 2760, "code_payload_bytes": 2222536}
{"segment": "code_python_extra", "groups": 49, "rows": 7426, "code_attempts": 8035, "code_payload_bytes": 8916133}
{"segment": "finemath4_shard53_tail", "groups": 17, "rows": 17000, "code_attempts": 0, "code_payload_bytes": 0}
{"segment": "code_typescript_extra", "groups": 30, "rows": 10852, "code_attempts": 10852, "code_payload_bytes": 8525972}
{"segment": "code_cpp_extra", "groups": 48, "rows": 6583, "code_attempts": 6763, "code_payload_bytes": 6501834}
{"segment": "finemath4_shard00", "groups": 19, "rows": 18680, "code_attempts": 0, "code_payload_bytes": 0}
{"segment": "code_java_extra", "groups": 82, "rows": 2735, "code_attempts": 2781, "code_payload_bytes": 2237161}
{"segment": "pdf_en_extra", "groups": 15, "rows": 15000, "code_attempts": 0, "code_payload_bytes": 0}
{"segment": "code_javascript_extra", "groups": 50, "rows": 9060, "code_attempts": 9076, "code_payload_bytes": 8465194}
{"segment": "code_python_extra", "groups": 50, "rows": 7592, "code_attempts": 8216, "code_payload_bytes": 9101364}
{"segment": "code_java_extra", "groups": 83, "rows": 2777, "code_attempts": 2824, "code_payload_bytes": 2270701}
{"segment": "code_cpp_extra", "groups": 49, "rows": 6729, "code_attempts": 6913, "code_payload_bytes": 6654758}
{"segment": "code_java_extra", "groups": 84, "rows": 2815, "code_attempts": 2862, "code_payload_bytes": 2301123}
{"segment": "code_javascript_extra", "groups": 51, "rows": 9229, "code_attempts": 9248, "code_payload_bytes": 8624562}
{"segment": "code_python_extra", "groups": 51, "rows": 7736, "code_attempts": 8371, "code_payload_bytes": 9268189}
{"segment": "multilingual_cmn_Hani_extra", "groups": 16, "rows": 16000, "code_attempts": 0, "code_payload_bytes": 0}
{"segment": "code_typescript_extra", "groups": 31, "rows": 11228, "code_attempts": 11228, "code_payload_bytes": 8834032}
{"segment": "code_java_extra", "groups": 85, "rows": 2850, "code_attempts": 2898, "code_payload_bytes": 2329214}
{"segment": "code_javascript_extra", "groups": 52, "rows": 9401, "code_attempts": 9420, "code_payload_bytes": 8781210}
{"segment": "code_java_extra", "groups": 86, "rows": 2879, "code_attempts": 2928, "code_payload_bytes": 2351470}
{"segment": "code_cpp_extra", "groups": 50, "rows": 6857, "code_attempts": 7045, "code_payload_bytes": 6776402}
{"segment": "code_python_extra", "groups": 52, "rows": 7879, "code_attempts": 8530, "code_payload_bytes": 9433467}
{"segment": "code_java_extra", "groups": 87, "rows": 2921, "code_attempts": 2970, "code_payload_bytes": 2383295}
{"segment": "finemath4_shard00", "groups": 20, "rows": 19680, "code_attempts": 0, "code_payload_bytes": 0}
{"segment": "code_javascript_extra", "groups": 53, "rows": 9585, "code_attempts": 9604, "code_payload_bytes": 8927282}
{"segment": "code_cpp_extra", "groups": 51, "rows": 6997, "code_attempts": 7187, "code_payload_bytes": 6904659}
{"segment": "code_java_extra", "groups": 88, "rows": 2945, "code_attempts": 2996, "code_payload_bytes": 2403529}
{"segment": "code_typescript_extra", "groups": 32, "rows": 11596, "code_attempts": 11596, "code_payload_bytes": 9103291}
{"segment": "code_python_extra", "groups": 53, "rows": 8032, "code_attempts": 8691, "code_payload_bytes": 9624222}
{"segment": "finemath4_shard53_tail", "groups": 18, "rows": 18000, "code_attempts": 0, "code_payload_bytes": 0}
{"segment": "code_java_extra", "groups": 89, "rows": 2978, "code_attempts": 3029, "code_payload_bytes": 2428334}
{"segment": "code_java_extra", "groups": 90, "rows": 3009, "code_attempts": 3061, "code_payload_bytes": 2452294}
{"segment": "code_cpp_extra", "groups": 52, "rows": 7115, "code_attempts": 7306, "code_payload_bytes": 7024648}
{"segment": "code_javascript_extra", "groups": 54, "rows": 9759, "code_attempts": 9779, "code_payload_bytes": 9159400}
{"segment": "code_python_extra", "groups": 54, "rows": 8174, "code_attempts": 8848, "code_payload_bytes": 9767794}
{"segment": "code_java_extra", "groups": 91, "rows": 3042, "code_attempts": 3094, "code_payload_bytes": 2474054}
{"segment": "code_typescript_extra", "groups": 33, "rows": 11955, "code_attempts": 11955, "code_payload_bytes": 9402582}
{"segment": "multilingual_cmn_Hani_extra", "groups": 17, "rows": 17000, "code_attempts": 0, "code_payload_bytes": 0}
{"segment": "code_javascript_extra", "groups": 55, "rows": 9938, "code_attempts": 9959, "code_payload_bytes": 9321940}
{"segment": "code_cpp_extra", "groups": 53, "rows": 7241, "code_attempts": 7440, "code_payload_bytes": 7154497}
{"segment": "code_java_extra", "groups": 92, "rows": 3076, "code_attempts": 3128, "code_payload_bytes": 2500380}
{"segment": "code_python_extra", "groups": 55, "rows": 8321, "code_attempts": 9009, "code_payload_bytes": 9930446}
{"segment": "code_java_extra", "groups": 93, "rows": 3110, "code_attempts": 3163, "code_payload_bytes": 2528029}
{"segment": "code_javascript_extra", "groups": 56, "rows": 10130, "code_attempts": 10151, "code_payload_bytes": 9500825}
{"segment": "code_cpp_extra", "groups": 54, "rows": 7387, "code_attempts": 7589, "code_payload_bytes": 7309816}
{"segment": "finemath4_shard00", "groups": 21, "rows": 20680, "code_attempts": 0, "code_payload_bytes": 0}
{"segment": "code_java_extra", "groups": 94, "rows": 3132, "code_attempts": 3186, "code_payload_bytes": 2550215}
{"segment": "code_python_extra", "groups": 56, "rows": 8459, "code_attempts": 9161, "code_payload_bytes": 10108117}
{"segment": "code_typescript_extra", "groups": 34, "rows": 12319, "code_attempts": 12319, "code_payload_bytes": 9676093}
{"segment": "code_java_extra", "groups": 95, "rows": 3163, "code_attempts": 3217, "code_payload_bytes": 2570353}
{"segment": "code_cpp_extra", "groups": 55, "rows": 7547, "code_attempts": 7754, "code_payload_bytes": 7490908}
{"segment": "finemath4_shard53_tail", "groups": 19, "rows": 19000, "code_attempts": 0, "code_payload_bytes": 0}
{"segment": "code_javascript_extra", "groups": 57, "rows": 10312, "code_attempts": 10334, "code_payload_bytes": 9651739}
{"segment": "code_java_extra", "groups": 96, "rows": 3193, "code_attempts": 3247, "code_payload_bytes": 2595731}
{"segment": "code_python_extra", "groups": 57, "rows": 8608, "code_attempts": 9320, "code_payload_bytes": 10287666}
{"segment": "code_javascript_extra", "groups": 58, "rows": 10487, "code_attempts": 10509, "code_payload_bytes": 9821162}
{"segment": "code_java_extra", "groups": 97, "rows": 3222, "code_attempts": 3278, "code_payload_bytes": 2618844}
{"segment": "code_typescript_extra", "groups": 35, "rows": 12715, "code_attempts": 12715, "code_payload_bytes": 10006777}
{"segment": "code_cpp_extra", "groups": 56, "rows": 7693, "code_attempts": 7902, "code_payload_bytes": 7662230}
{"segment": "pdf_en_extra", "groups": 16, "rows": 16000, "code_attempts": 0, "code_payload_bytes": 0}
{"segment": "code_java_extra", "groups": 98, "rows": 3251, "code_attempts": 3307, "code_payload_bytes": 2641335}
{"segment": "code_python_extra", "groups": 58, "rows": 8752, "code_attempts": 9481, "code_payload_bytes": 10468955}
{"segment": "multilingual_cmn_Hani_extra", "groups": 18, "rows": 18000, "code_attempts": 0, "code_payload_bytes": 0}
{"segment": "code_cpp_extra", "groups": 57, "rows": 7802, "code_attempts": 8017, "code_payload_bytes": 7760367}
{"segment": "code_java_extra", "groups": 99, "rows": 3283, "code_attempts": 3341, "code_payload_bytes": 2667498}
{"segment": "code_javascript_extra", "groups": 59, "rows": 10662, "code_attempts": 10685, "code_payload_bytes": 9973392}
{"segment": "finemath4_shard00", "groups": 22, "rows": 21680, "code_attempts": 0, "code_payload_bytes": 0}
{"segment": "code_java_extra", "groups": 100, "rows": 3313, "code_attempts": 3372, "code_payload_bytes": 2696050}
{"segment": "code_python_extra", "groups": 59, "rows": 8919, "code_attempts": 9657, "code_payload_bytes": 10696934}
{"segment": "code_cpp_extra", "groups": 58, "rows": 7938, "code_attempts": 8157, "code_payload_bytes": 7930978}
{"segment": "code_typescript_extra", "groups": 36, "rows": 13095, "code_attempts": 13095, "code_payload_bytes": 10315798}
{"segment": "code_java_extra", "groups": 101, "rows": 3350, "code_attempts": 3410, "code_payload_bytes": 2728736}
{"segment": "code_javascript_extra", "groups": 60, "rows": 10875, "code_attempts": 10898, "code_payload_bytes": 10146756}
{"segment": "finemath4_shard53_tail", "groups": 20, "rows": 20000, "code_attempts": 0, "code_payload_bytes": 0}
{"segment": "code_java_extra", "groups": 102, "rows": 3379, "code_attempts": 3440, "code_payload_bytes": 2755258}
{"segment": "code_python_extra", "groups": 60, "rows": 9074, "code_attempts": 9831, "code_payload_bytes": 10906906}
{"segment": "code_cpp_extra", "groups": 59, "rows": 8089, "code_attempts": 8313, "code_payload_bytes": 8081503}
{"segment": "code_javascript_extra", "groups": 61, "rows": 11055, "code_attempts": 11079, "code_payload_bytes": 10299710}
{"segment": "code_java_extra", "groups": 103, "rows": 3412, "code_attempts": 3473, "code_payload_bytes": 2783600}
{"segment": "code_typescript_extra", "groups": 37, "rows": 13446, "code_attempts": 13446, "code_payload_bytes": 10610401}
{"segment": "code_cpp_extra", "groups": 60, "rows": 8218, "code_attempts": 8445, "code_payload_bytes": 8202796}
{"segment": "code_python_extra", "groups": 61, "rows": 9209, "code_attempts": 9979, "code_payload_bytes": 11065905}
{"segment": "multilingual_cmn_Hani_extra", "groups": 19, "rows": 19000, "code_attempts": 0, "code_payload_bytes": 0}
{"segment": "code_javascript_extra", "groups": 62, "rows": 11252, "code_attempts": 11276, "code_payload_bytes": 10487464}
{"segment": "code_java_extra", "groups": 104, "rows": 3447, "code_attempts": 3509, "code_payload_bytes": 2816222}
{"segment": "finemath4_shard00", "groups": 23, "rows": 22680, "code_attempts": 0, "code_payload_bytes": 0}
{"segment": "code_cpp_extra", "groups": 61, "rows": 8346, "code_attempts": 8576, "code_payload_bytes": 8324069}
{"segment": "code_python_extra", "groups": 62, "rows": 9372, "code_attempts": 10154, "code_payload_bytes": 11277918}
{"segment": "code_java_extra", "groups": 105, "rows": 3469, "code_attempts": 3531, "code_payload_bytes": 2833299}
{"segment": "code_typescript_extra", "groups": 38, "rows": 13814, "code_attempts": 13814, "code_payload_bytes": 10886723}
{"segment": "code_javascript_extra", "groups": 63, "rows": 11435, "code_attempts": 11459, "code_payload_bytes": 10677850}
{"segment": "code_cpp_extra", "groups": 62, "rows": 8482, "code_attempts": 8715, "code_payload_bytes": 8472175}
{"segment": "code_java_extra", "groups": 106, "rows": 3498, "code_attempts": 3560, "code_payload_bytes": 2854492}
{"segment": "code_python_extra", "groups": 63, "rows": 9521, "code_attempts": 10319, "code_payload_bytes": 11433520}
{"segment": "code_javascript_extra", "groups": 64, "rows": 11624, "code_attempts": 11649, "code_payload_bytes": 10860615}
{"segment": "code_cpp_extra", "groups": 63, "rows": 8594, "code_attempts": 8828, "code_payload_bytes": 8570927}
{"segment": "code_java_extra", "groups": 107, "rows": 3533, "code_attempts": 3595, "code_payload_bytes": 2884137}
{"segment": "code_java_extra", "groups": 108, "rows": 3562, "code_attempts": 3625, "code_payload_bytes": 2906992}
{"segment": "pdf_en_extra", "groups": 17, "rows": 17000, "code_attempts": 0, "code_payload_bytes": 0}
{"segment": "code_python_extra", "groups": 64, "rows": 9681, "code_attempts": 10491, "code_payload_bytes": 11618350}
{"segment": "code_cpp_extra", "groups": 64, "rows": 8720, "code_attempts": 8959, "code_payload_bytes": 8681999}
{"segment": "code_typescript_extra", "groups": 39, "rows": 14171, "code_attempts": 14171, "code_payload_bytes": 11173147}
{"segment": "finemath4_shard53_tail", "groups": 21, "rows": 21000, "code_attempts": 0, "code_payload_bytes": 0}
{"segment": "code_javascript_extra", "groups": 65, "rows": 11819, "code_attempts": 11844, "code_payload_bytes": 11043839}
{"segment": "code_java_extra", "groups": 109, "rows": 3602, "code_attempts": 3666, "code_payload_bytes": 2945171}
{"segment": "code_cpp_extra", "groups": 65, "rows": 8840, "code_attempts": 9084, "code_payload_bytes": 8775568}
{"segment": "code_java_extra", "groups": 110, "rows": 3638, "code_attempts": 3703, "code_payload_bytes": 2970658}
{"segment": "code_python_extra", "groups": 65, "rows": 9819, "code_attempts": 10641, "code_payload_bytes": 11760855}
{"segment": "finemath4_shard00", "groups": 24, "rows": 23680, "code_attempts": 0, "code_payload_bytes": 0}
{"segment": "code_java_extra", "groups": 111, "rows": 3663, "code_attempts": 3729, "code_payload_bytes": 2987643}
{"segment": "multilingual_cmn_Hani_extra", "groups": 20, "rows": 20000, "code_attempts": 0, "code_payload_bytes": 0}
{"segment": "code_javascript_extra", "groups": 66, "rows": 12016, "code_attempts": 12041, "code_payload_bytes": 11220723}
{"segment": "code_java_extra", "groups": 112, "rows": 3694, "code_attempts": 3760, "code_payload_bytes": 3011851}
{"segment": "code_cpp_extra", "groups": 66, "rows": 8966, "code_attempts": 9212, "code_payload_bytes": 8893657}
{"segment": "code_python_extra", "groups": 66, "rows": 9975, "code_attempts": 10811, "code_payload_bytes": 11946420}
{"segment": "code_typescript_extra", "groups": 40, "rows": 14531, "code_attempts": 14531, "code_payload_bytes": 11458452}
{"segment": "code_java_extra", "groups": 113, "rows": 3731, "code_attempts": 3797, "code_payload_bytes": 3041364}
{"segment": "code_cpp_extra", "groups": 67, "rows": 9096, "code_attempts": 9346, "code_payload_bytes": 9027311}
{"segment": "code_java_extra", "groups": 114, "rows": 3754, "code_attempts": 3821, "code_payload_bytes": 3062918}
{"segment": "code_javascript_extra", "groups": 67, "rows": 12220, "code_attempts": 12245, "code_payload_bytes": 11412811}
{"segment": "code_python_extra", "groups": 67, "rows": 10125, "code_attempts": 10970, "code_payload_bytes": 12110720}
{"segment": "code_java_extra", "groups": 115, "rows": 3782, "code_attempts": 3850, "code_payload_bytes": 3084492}
{"segment": "code_cpp_extra", "groups": 68, "rows": 9253, "code_attempts": 9511, "code_payload_bytes": 9184203}
{"segment": "code_java_extra", "groups": 116, "rows": 3826, "code_attempts": 3895, "code_payload_bytes": 3117660}
{"segment": "code_typescript_extra", "groups": 41, "rows": 14894, "code_attempts": 14894, "code_payload_bytes": 11736289}
{"segment": "finemath4_shard53_tail", "groups": 22, "rows": 22000, "code_attempts": 0, "code_payload_bytes": 0}
{"segment": "code_java_extra", "groups": 117, "rows": 3859, "code_attempts": 3928, "code_payload_bytes": 3148795}
{"segment": "finemath4_shard00", "groups": 25, "rows": 24680, "code_attempts": 0, "code_payload_bytes": 0}
{"segment": "code_python_extra", "groups": 68, "rows": 10293, "code_attempts": 11150, "code_payload_bytes": 12313540}
{"segment": "code_javascript_extra", "groups": 68, "rows": 12399, "code_attempts": 12424, "code_payload_bytes": 11583058}
{"segment": "code_java_extra", "groups": 118, "rows": 3894, "code_attempts": 3963, "code_payload_bytes": 3175637}
{"segment": "code_cpp_extra", "groups": 69, "rows": 9405, "code_attempts": 9666, "code_payload_bytes": 9327095}
{"segment": "multilingual_cmn_Hani_extra", "groups": 21, "rows": 21000, "code_attempts": 0, "code_payload_bytes": 0}
{"segment": "code_java_extra", "groups": 119, "rows": 3935, "code_attempts": 4004, "code_payload_bytes": 3203531}
{"segment": "code_python_extra", "groups": 69, "rows": 10440, "code_attempts": 11308, "code_payload_bytes": 12492996}
{"segment": "code_javascript_extra", "groups": 69, "rows": 12590, "code_attempts": 12615, "code_payload_bytes": 11755218}
{"segment": "code_typescript_extra", "groups": 42, "rows": 15254, "code_attempts": 15254, "code_payload_bytes": 12022281}
{"segment": "code_java_extra", "groups": 120, "rows": 3976, "code_attempts": 4047, "code_payload_bytes": 3247562}
{"segment": "code_cpp_extra", "groups": 70, "rows": 9528, "code_attempts": 9798, "code_payload_bytes": 9445532}
{"segment": "code_java_extra", "groups": 121, "rows": 4009, "code_attempts": 4080, "code_payload_bytes": 3272783}
{"segment": "pdf_en_extra", "groups": 18, "rows": 18000, "code_attempts": 0, "code_payload_bytes": 0}
{"segment": "code_javascript_extra", "groups": 70, "rows": 12755, "code_attempts": 12781, "code_payload_bytes": 11899243}
{"segment": "code_python_extra", "groups": 70, "rows": 10586, "code_attempts": 11465, "code_payload_bytes": 12673136}
{"segment": "finemath4_shard00", "groups": 26, "rows": 25680, "code_attempts": 0, "code_payload_bytes": 0}
{"segment": "code_cpp_extra", "groups": 71, "rows": 9645, "code_attempts": 9922, "code_payload_bytes": 9559351}
{"segment": "code_java_extra", "groups": 122, "rows": 4051, "code_attempts": 4122, "code_payload_bytes": 3313639}
{"segment": "code_javascript_extra", "groups": 71, "rows": 12927, "code_attempts": 12953, "code_payload_bytes": 12056909}
{"segment": "finemath4_shard53_tail", "groups": 23, "rows": 23000, "code_attempts": 0, "code_payload_bytes": 0}
{"segment": "code_python_extra", "groups": 71, "rows": 10735, "code_attempts": 11623, "code_payload_bytes": 12825318}
{"segment": "code_cpp_extra", "groups": 72, "rows": 9774, "code_attempts": 10052, "code_payload_bytes": 9678556}
{"segment": "code_java_extra", "groups": 123, "rows": 4085, "code_attempts": 4156, "code_payload_bytes": 3345208}
{"segment": "multilingual_cmn_Hani_extra", "groups": 22, "rows": 22000, "code_attempts": 0, "code_payload_bytes": 0}
{"segment": "code_java_extra", "groups": 124, "rows": 4114, "code_attempts": 4187, "code_payload_bytes": 3373377}
{"segment": "code_python_extra", "groups": 72, "rows": 10870, "code_attempts": 11775, "code_payload_bytes": 12984073}
{"segment": "code_cpp_extra", "groups": 73, "rows": 9900, "code_attempts": 10179, "code_payload_bytes": 9814055}
{"segment": "code_java_extra", "groups": 125, "rows": 4154, "code_attempts": 4227, "code_payload_bytes": 3409288}
{"segment": "code_typescript_extra", "groups": 43, "rows": 15617, "code_attempts": 15617, "code_payload_bytes": 12355897}
{"segment": "code_cpp_extra", "groups": 74, "rows": 10049, "code_attempts": 10332, "code_payload_bytes": 9947524}
{"segment": "code_python_extra", "groups": 73, "rows": 11026, "code_attempts": 11942, "code_payload_bytes": 13168019}
{"segment": "code_java_extra", "groups": 126, "rows": 4185, "code_attempts": 4258, "code_payload_bytes": 3434735}
{"segment": "finemath4_shard00", "groups": 27, "rows": 26680, "code_attempts": 0, "code_payload_bytes": 0}
{"segment": "code_cpp_extra", "groups": 75, "rows": 10181, "code_attempts": 10468, "code_payload_bytes": 10073347}
{"segment": "code_java_extra", "groups": 127, "rows": 4220, "code_attempts": 4293, "code_payload_bytes": 3461688}
{"segment": "code_typescript_extra", "groups": 44, "rows": 16002, "code_attempts": 16002, "code_payload_bytes": 12644964}
{"segment": "code_python_extra", "groups": 74, "rows": 11171, "code_attempts": 12100, "code_payload_bytes": 13338761}
{"segment": "finemath4_shard53_tail", "groups": 24, "rows": 24000, "code_attempts": 0, "code_payload_bytes": 0}
{"segment": "code_java_extra", "groups": 128, "rows": 4251, "code_attempts": 4324, "code_payload_bytes": 3489153}
{"segment": "code_cpp_extra", "groups": 76, "rows": 10317, "code_attempts": 10607, "code_payload_bytes": 10223021}
{"segment": "code_java_extra", "groups": 129, "rows": 4285, "code_attempts": 4358, "code_payload_bytes": 3519389}
{"segment": "pdf_en_extra", "groups": 19, "rows": 19000, "code_attempts": 0, "code_payload_bytes": 0}
{"segment": "multilingual_cmn_Hani_extra", "groups": 23, "rows": 23000, "code_attempts": 0, "code_payload_bytes": 0}
{"segment": "code_cpp_extra", "groups": 77, "rows": 10455, "code_attempts": 10751, "code_payload_bytes": 10367281}
{"segment": "code_python_extra", "groups": 75, "rows": 11323, "code_attempts": 12263, "code_payload_bytes": 13541424}
{"segment": "code_java_extra", "groups": 130, "rows": 4314, "code_attempts": 4387, "code_payload_bytes": 3542679}
{"segment": "code_java_extra", "groups": 131, "rows": 4340, "code_attempts": 4414, "code_payload_bytes": 3559556}
{"segment": "code_typescript_extra", "groups": 45, "rows": 16376, "code_attempts": 16376, "code_payload_bytes": 12936241}
{"segment": "finemath4_shard00", "groups": 28, "rows": 27680, "code_attempts": 0, "code_payload_bytes": 0}
{"segment": "code_java_extra", "groups": 132, "rows": 4369, "code_attempts": 4444, "code_payload_bytes": 3580579}
{"segment": "code_cpp_extra", "groups": 78, "rows": 10621, "code_attempts": 10924, "code_payload_bytes": 10502893}
{"segment": "code_python_extra", "groups": 76, "rows": 11468, "code_attempts": 12414, "code_payload_bytes": 13733078}
{"segment": "code_java_extra", "groups": 133, "rows": 4402, "code_attempts": 4477, "code_payload_bytes": 3608520}
{"segment": "code_cpp_extra", "groups": 79, "rows": 10768, "code_attempts": 11075, "code_payload_bytes": 10664681}
{"segment": "code_typescript_extra", "groups": 46, "rows": 16763, "code_attempts": 16763, "code_payload_bytes": 13251124}
{"segment": "code_java_extra", "groups": 134, "rows": 4430, "code_attempts": 4505, "code_payload_bytes": 3628721}
{"segment": "finemath4_shard53_tail", "groups": 25, "rows": 25000, "code_attempts": 0, "code_payload_bytes": 0}
{"segment": "code_python_extra", "groups": 77, "rows": 11606, "code_attempts": 12565, "code_payload_bytes": 13907801}
{"segment": "code_java_extra", "groups": 135, "rows": 4463, "code_attempts": 4539, "code_payload_bytes": 3651495}
{"segment": "code_cpp_extra", "groups": 80, "rows": 10897, "code_attempts": 11208, "code_payload_bytes": 10790117}
{"segment": "finemath4_shard00", "groups": 29, "rows": 28680, "code_attempts": 0, "code_payload_bytes": 0}
{"segment": "code_java_extra", "groups": 136, "rows": 4498, "code_attempts": 4574, "code_payload_bytes": 3675690}
{"segment": "multilingual_cmn_Hani_extra", "groups": 24, "rows": 24000, "code_attempts": 0, "code_payload_bytes": 0}
{"segment": "code_typescript_extra", "groups": 47, "rows": 17132, "code_attempts": 17132, "code_payload_bytes": 13548429}
{"segment": "pdf_en_extra", "groups": 20, "rows": 20000, "code_attempts": 0, "code_payload_bytes": 0}
{"segment": "code_python_extra", "groups": 78, "rows": 11760, "code_attempts": 12729, "code_payload_bytes": 14084404}
{"segment": "code_java_extra", "groups": 137, "rows": 4529, "code_attempts": 4607, "code_payload_bytes": 3700149}
{"segment": "code_cpp_extra", "groups": 81, "rows": 11021, "code_attempts": 11338, "code_payload_bytes": 10910340}
{"segment": "code_java_extra", "groups": 138, "rows": 4571, "code_attempts": 4649, "code_payload_bytes": 3730073}
{"segment": "code_java_extra", "groups": 139, "rows": 4605, "code_attempts": 4683, "code_payload_bytes": 3760830}
{"segment": "code_java_extra", "groups": 140, "rows": 4640, "code_attempts": 4719, "code_payload_bytes": 3794023}
{"segment": "finemath4_shard00", "groups": 30, "rows": 29680, "code_attempts": 0, "code_payload_bytes": 0}
{"segment": "code_typescript_extra", "groups": 48, "rows": 17495, "code_attempts": 17495, "code_payload_bytes": 13859543}
{"segment": "code_java_extra", "groups": 141, "rows": 4673, "code_attempts": 4754, "code_payload_bytes": 3823461}
{"segment": "finemath4_shard53_tail", "groups": 26, "rows": 26000, "code_attempts": 0, "code_payload_bytes": 0}
{"segment": "code_cpp_extra", "groups": 82, "rows": 11178, "code_attempts": 11498, "code_payload_bytes": 11061801}
{"segment": "multilingual_cmn_Hani_extra", "groups": 25, "rows": 25000, "code_attempts": 0, "code_payload_bytes": 0}
{"segment": "pdf_en_extra", "groups": 21, "rows": 21000, "code_attempts": 0, "code_payload_bytes": 0}
{"segment": "code_typescript_extra", "groups": 49, "rows": 17862, "code_attempts": 17862, "code_payload_bytes": 14134831}
{"segment": "code_cpp_extra", "groups": 83, "rows": 11319, "code_attempts": 11643, "code_payload_bytes": 11236264}
{"segment": "code_java_extra", "groups": 142, "rows": 4708, "code_attempts": 4789, "code_payload_bytes": 3853779}
{"segment": "finemath4_shard00", "groups": 31, "rows": 30680, "code_attempts": 0, "code_payload_bytes": 0}
{"segment": "code_java_extra", "groups": 143, "rows": 4738, "code_attempts": 4819, "code_payload_bytes": 3879821}
{"segment": "code_cpp_extra", "groups": 84, "rows": 11436, "code_attempts": 11762, "code_payload_bytes": 11335942}
{"segment": "code_javascript_extra", "groups": 72, "rows": 13093, "code_attempts": 13120, "code_payload_bytes": 12606259}
{"segment": "code_java_extra", "groups": 144, "rows": 4771, "code_attempts": 4852, "code_payload_bytes": 3905185}
{"segment": "code_typescript_extra", "groups": 50, "rows": 18223, "code_attempts": 18223, "code_payload_bytes": 14385081}
{"segment": "code_python_extra", "groups": 79, "rows": 11907, "code_attempts": 12889, "code_payload_bytes": 14319255}
{"segment": "code_cpp_extra", "groups": 85, "rows": 11568, "code_attempts": 11897, "code_payload_bytes": 11458515}
{"segment": "code_java_extra", "groups": 145, "rows": 4803, "code_attempts": 4884, "code_payload_bytes": 3932142}
{"segment": "multilingual_cmn_Hani_extra", "groups": 26, "rows": 26000, "code_attempts": 0, "code_payload_bytes": 0}
{"segment": "code_java_extra", "groups": 146, "rows": 4841, "code_attempts": 4923, "code_payload_bytes": 3963338}
{"segment": "code_javascript_extra", "groups": 73, "rows": 13285, "code_attempts": 13313, "code_payload_bytes": 12771049}
{"segment": "finemath4_shard53_tail", "groups": 27, "rows": 27000, "code_attempts": 0, "code_payload_bytes": 0}
{"segment": "finemath4_shard00", "groups": 32, "rows": 31680, "code_attempts": 0, "code_payload_bytes": 0}
{"segment": "code_typescript_extra", "groups": 51, "rows": 18594, "code_attempts": 18594, "code_payload_bytes": 14697557}
{"segment": "code_java_extra", "groups": 147, "rows": 4876, "code_attempts": 4958, "code_payload_bytes": 3989499}
{"segment": "code_cpp_extra", "groups": 86, "rows": 11715, "code_attempts": 12046, "code_payload_bytes": 11593454}
{"segment": "pdf_en_extra", "groups": 22, "rows": 22000, "code_attempts": 0, "code_payload_bytes": 0}
{"segment": "code_java_extra", "groups": 148, "rows": 4904, "code_attempts": 4989, "code_payload_bytes": 4016308}
{"segment": "code_javascript_extra", "groups": 74, "rows": 13484, "code_attempts": 13512, "code_payload_bytes": 12941381}
{"segment": "code_java_extra", "groups": 149, "rows": 4934, "code_attempts": 5021, "code_payload_bytes": 4042461}
{"segment": "code_cpp_extra", "groups": 87, "rows": 11869, "code_attempts": 12205, "code_payload_bytes": 11744698}
{"segment": "code_typescript_extra", "groups": 52, "rows": 18974, "code_attempts": 18974, "code_payload_bytes": 15049753}
{"segment": "code_python_extra", "groups": 80, "rows": 12047, "code_attempts": 13038, "code_payload_bytes": 14502653}
{"segment": "code_java_extra", "groups": 150, "rows": 4959, "code_attempts": 5046, "code_payload_bytes": 4057573}
{"segment": "code_java_extra", "groups": 151, "rows": 4997, "code_attempts": 5084, "code_payload_bytes": 4091471}
{"segment": "finemath4_shard00", "groups": 33, "rows": 32680, "code_attempts": 0, "code_payload_bytes": 0}
{"segment": "multilingual_cmn_Hani_extra", "groups": 27, "rows": 27000, "code_attempts": 0, "code_payload_bytes": 0}
{"segment": "code_cpp_extra", "groups": 88, "rows": 11999, "code_attempts": 12339, "code_payload_bytes": 11865224}
{"segment": "code_javascript_extra", "groups": 75, "rows": 13675, "code_attempts": 13703, "code_payload_bytes": 13173497}
{"segment": "code_java_extra", "groups": 152, "rows": 5036, "code_attempts": 5123, "code_payload_bytes": 4118163}
{"segment": "finemath4_shard53_tail", "groups": 28, "rows": 28000, "code_attempts": 0, "code_payload_bytes": 0}
{"segment": "pdf_en_extra", "groups": 23, "rows": 23000, "code_attempts": 0, "code_payload_bytes": 0}
{"segment": "code_typescript_extra", "groups": 53, "rows": 19361, "code_attempts": 19361, "code_payload_bytes": 15377714}
{"segment_id": "code_typescript_extra", "logical_source_id": "code_typescript", "status": "RAW_SEGMENT_READY", "rows_written": 19361, "output_bytes": 18100253, "error_type": null, "stop_reason": null}
{"segment": "code_java_extra", "groups": 153, "rows": 5071, "code_attempts": 5158, "code_payload_bytes": 4147716}
{"segment": "code_javascript_extra", "groups": 76, "rows": 13873, "code_attempts": 13901, "code_payload_bytes": 13355187}
{"segment": "code_cpp_extra", "groups": 89, "rows": 12153, "code_attempts": 12494, "code_payload_bytes": 12030804}
{"segment": "code_java_extra", "groups": 154, "rows": 5103, "code_attempts": 5190, "code_payload_bytes": 4169000}
{"segment": "finemath4_shard00", "groups": 34, "rows": 33680, "code_attempts": 0, "code_payload_bytes": 0}
{"segment": "code_javascript_extra", "groups": 77, "rows": 14055, "code_attempts": 14083, "code_payload_bytes": 13557486}
{"segment": "code_python_extra", "groups": 81, "rows": 12219, "code_attempts": 13216, "code_payload_bytes": 14664927}
{"segment": "code_java_extra", "groups": 155, "rows": 5137, "code_attempts": 5224, "code_payload_bytes": 4197757}
{"segment": "code_cpp_extra", "groups": 90, "rows": 12288, "code_attempts": 12635, "code_payload_bytes": 12176417}
{"segment": "multilingual_cmn_Hani_extra", "groups": 28, "rows": 28000, "code_attempts": 0, "code_payload_bytes": 0}
{"segment": "code_java_extra", "groups": 156, "rows": 5180, "code_attempts": 5267, "code_payload_bytes": 4239728}
{"segment": "code_javascript_extra", "groups": 78, "rows": 14231, "code_attempts": 14259, "code_payload_bytes": 13724477}
{"segment": "finemath4_shard53_tail", "groups": 29, "rows": 28679, "code_attempts": 0, "code_payload_bytes": 0}
{"segment": "code_cpp_extra", "groups": 91, "rows": 12429, "code_attempts": 12779, "code_payload_bytes": 12303654}
{"segment": "code_python_extra", "groups": 82, "rows": 12365, "code_attempts": 13375, "code_payload_bytes": 14841085}
{"segment": "code_java_extra", "groups": 157, "rows": 5215, "code_attempts": 5302, "code_payload_bytes": 4272515}
{"segment": "pdf_en_extra", "groups": 24, "rows": 24000, "code_attempts": 0, "code_payload_bytes": 0}
{"segment": "code_javascript_extra", "groups": 79, "rows": 14393, "code_attempts": 14421, "code_payload_bytes": 13865639}
{"segment": "code_java_extra", "groups": 158, "rows": 5252, "code_attempts": 5339, "code_payload_bytes": 4295406}
{"segment": "code_python_extra", "groups": 83, "rows": 12543, "code_attempts": 13570, "code_payload_bytes": 15057420}
{"segment": "code_javascript_extra", "groups": 80, "rows": 14578, "code_attempts": 14606, "code_payload_bytes": 14059734}
{"segment": "finemath4_shard00", "groups": 35, "rows": 34680, "code_attempts": 0, "code_payload_bytes": 0}
{"segment": "code_java_extra", "groups": 159, "rows": 5289, "code_attempts": 5376, "code_payload_bytes": 4320399}
{"segment": "multilingual_cmn_Hani_extra", "groups": 29, "rows": 29000, "code_attempts": 0, "code_payload_bytes": 0}
{"segment": "finemath4_shard53_tail", "groups": 30, "rows": 29679, "code_attempts": 0, "code_payload_bytes": 0}
{"segment": "code_python_extra", "groups": 84, "rows": 12677, "code_attempts": 13718, "code_payload_bytes": 15222572}
{"segment": "code_javascript_extra", "groups": 81, "rows": 14749, "code_attempts": 14777, "code_payload_bytes": 14210067}
{"segment": "pdf_en_extra", "groups": 25, "rows": 25000, "code_attempts": 0, "code_payload_bytes": 0}
{"segment": "code_cpp_extra", "groups": 92, "rows": 12572, "code_attempts": 12925, "code_payload_bytes": 12449899}
{"segment": "code_python_extra", "groups": 85, "rows": 12834, "code_attempts": 13897, "code_payload_bytes": 15442901}
{"segment": "code_java_extra", "groups": 160, "rows": 5318, "code_attempts": 5405, "code_payload_bytes": 4343106}
{"segment": "finemath4_shard00", "groups": 36, "rows": 35680, "code_attempts": 0, "code_payload_bytes": 0}
{"segment": "code_javascript_extra", "groups": 82, "rows": 14921, "code_attempts": 14950, "code_payload_bytes": 14390426}
{"segment": "code_python_extra", "groups": 86, "rows": 12980, "code_attempts": 14063, "code_payload_bytes": 15622904}
{"segment": "code_java_extra", "groups": 161, "rows": 5357, "code_attempts": 5444, "code_payload_bytes": 4373306}
{"segment": "code_cpp_extra", "groups": 93, "rows": 12692, "code_attempts": 13046, "code_payload_bytes": 12566777}
{"segment": "multilingual_cmn_Hani_extra", "groups": 30, "rows": 30000, "code_attempts": 0, "code_payload_bytes": 0}
{"segment": "finemath4_shard53_tail", "groups": 31, "rows": 30679, "code_attempts": 0, "code_payload_bytes": 0}
{"segment": "code_java_extra", "groups": 162, "rows": 5394, "code_attempts": 5483, "code_payload_bytes": 4408029}
{"segment": "pdf_en_extra", "groups": 26, "rows": 26000, "code_attempts": 0, "code_payload_bytes": 0}
{"segment": "code_javascript_extra", "groups": 83, "rows": 15110, "code_attempts": 15139, "code_payload_bytes": 14564513}
{"segment": "code_cpp_extra", "groups": 94, "rows": 12808, "code_attempts": 13169, "code_payload_bytes": 12679563}
{"segment": "code_python_extra", "groups": 87, "rows": 13139, "code_attempts": 14233, "code_payload_bytes": 15802524}
{"segment": "code_java_extra", "groups": 163, "rows": 5432, "code_attempts": 5522, "code_payload_bytes": 4436193}
{"segment": "finemath4_shard00", "groups": 37, "rows": 36680, "code_attempts": 0, "code_payload_bytes": 0}
{"segment": "code_javascript_extra", "groups": 84, "rows": 15303, "code_attempts": 15332, "code_payload_bytes": 14729947}
{"segment": "code_python_extra", "groups": 88, "rows": 13305, "code_attempts": 14414, "code_payload_bytes": 15996300}
{"segment": "code_java_extra", "groups": 164, "rows": 5463, "code_attempts": 5554, "code_payload_bytes": 4461156}
{"segment": "code_javascript_extra", "groups": 85, "rows": 15462, "code_attempts": 15491, "code_payload_bytes": 14893985}
{"segment": "code_cpp_extra", "groups": 95, "rows": 12931, "code_attempts": 13296, "code_payload_bytes": 12800314}
{"segment": "multilingual_cmn_Hani_extra", "groups": 31, "rows": 31000, "code_attempts": 0, "code_payload_bytes": 0}
{"segment": "code_java_extra", "groups": 165, "rows": 5501, "code_attempts": 5595, "code_payload_bytes": 4490650}
{"segment": "finemath4_shard53_tail", "groups": 32, "rows": 31679, "code_attempts": 0, "code_payload_bytes": 0}
{"segment": "code_python_extra", "groups": 89, "rows": 13458, "code_attempts": 14573, "code_payload_bytes": 16164705}
{"segment": "finemath4_shard00", "groups": 38, "rows": 37680, "code_attempts": 0, "code_payload_bytes": 0}
{"segment": "code_javascript_extra", "groups": 86, "rows": 15641, "code_attempts": 15671, "code_payload_bytes": 15062906}
{"segment": "code_java_extra", "groups": 166, "rows": 5530, "code_attempts": 5625, "code_payload_bytes": 4514464}
{"segment": "pdf_en_extra", "groups": 27, "rows": 27000, "code_attempts": 0, "code_payload_bytes": 0}
{"segment": "code_java_extra", "groups": 167, "rows": 5563, "code_attempts": 5658, "code_payload_bytes": 4537271}
{"segment": "code_python_extra", "groups": 90, "rows": 13628, "code_attempts": 14756, "code_payload_bytes": 16362772}
{"segment": "code_java_extra", "groups": 168, "rows": 5602, "code_attempts": 5697, "code_payload_bytes": 4563546}
{"segment": "multilingual_cmn_Hani_extra", "groups": 32, "rows": 32000, "code_attempts": 0, "code_payload_bytes": 0}
{"segment": "finemath4_shard00", "groups": 39, "rows": 38680, "code_attempts": 0, "code_payload_bytes": 0}
{"segment": "finemath4_shard53_tail", "groups": 33, "rows": 32679, "code_attempts": 0, "code_payload_bytes": 0}
{"segment": "code_javascript_extra", "groups": 87, "rows": 15845, "code_attempts": 15876, "code_payload_bytes": 15257614}
{"segment": "code_python_extra", "groups": 91, "rows": 13789, "code_attempts": 14925, "code_payload_bytes": 16582430}
{"segment": "code_java_extra", "groups": 169, "rows": 5641, "code_attempts": 5737, "code_payload_bytes": 4597480}
{"segment": "code_javascript_extra", "groups": 88, "rows": 16022, "code_attempts": 16054, "code_payload_bytes": 15432724}
{"segment": "code_java_extra", "groups": 170, "rows": 5676, "code_attempts": 5772, "code_payload_bytes": 4626345}
{"segment": "finemath4_shard00", "groups": 40, "rows": 39680, "code_attempts": 0, "code_payload_bytes": 0}
{"segment": "code_java_extra", "groups": 171, "rows": 5711, "code_attempts": 5808, "code_payload_bytes": 4655076}
{"segment": "pdf_en_extra", "groups": 28, "rows": 28000, "code_attempts": 0, "code_payload_bytes": 0}
{"segment": "multilingual_cmn_Hani_extra", "groups": 33, "rows": 33000, "code_attempts": 0, "code_payload_bytes": 0}
{"segment_id": "multilingual_cmn_Hani_extra", "logical_source_id": "multilingual_cmn_Hani", "status": "RAW_SEGMENT_READY", "rows_written": 33000, "output_bytes": 59217055, "error_type": null, "stop_reason": null}
{"segment": "code_java_extra", "groups": 172, "rows": 5736, "code_attempts": 5834, "code_payload_bytes": 4672962}
{"segment": "finemath4_shard53_tail", "groups": 34, "rows": 33679, "code_attempts": 0, "code_payload_bytes": 0}
{"segment": "code_java_extra", "groups": 173, "rows": 5760, "code_attempts": 5858, "code_payload_bytes": 4692092}
{"segment": "code_python_extra", "groups": 92, "rows": 13950, "code_attempts": 15101, "code_payload_bytes": 16815937}
{"segment": "code_java_extra", "groups": 174, "rows": 5785, "code_attempts": 5883, "code_payload_bytes": 4710723}
{"segment": "code_python_extra", "groups": 93, "rows": 14112, "code_attempts": 15276, "code_payload_bytes": 17007983}
{"segment": "finemath4_shard00", "groups": 41, "rows": 40680, "code_attempts": 0, "code_payload_bytes": 0}
{"segment": "code_java_extra", "groups": 175, "rows": 5826, "code_attempts": 5924, "code_payload_bytes": 4757154}
{"segment": "code_java_extra", "groups": 176, "rows": 5857, "code_attempts": 5957, "code_payload_bytes": 4789372}
{"segment": "code_python_extra", "groups": 94, "rows": 14245, "code_attempts": 15420, "code_payload_bytes": 17158412}
{"segment": "pdf_en_extra", "groups": 29, "rows": 29000, "code_attempts": 0, "code_payload_bytes": 0}
{"segment": "code_javascript_extra", "groups": 89, "rows": 16200, "code_attempts": 16233, "code_payload_bytes": 15847781}
{"segment": "code_java_extra", "groups": 177, "rows": 5889, "code_attempts": 5989, "code_payload_bytes": 4812102}
{"segment": "finemath4_shard53_tail", "groups": 35, "rows": 34679, "code_attempts": 0, "code_payload_bytes": 0}
{"segment": "code_python_extra", "groups": 95, "rows": 14382, "code_attempts": 15565, "code_payload_bytes": 17308159}
{"segment": "code_java_extra", "groups": 178, "rows": 5919, "code_attempts": 6020, "code_payload_bytes": 4837333}
{"segment": "code_javascript_extra", "groups": 90, "rows": 16400, "code_attempts": 16433, "code_payload_bytes": 16028804}
{"segment": "code_python_extra", "groups": 96, "rows": 14524, "code_attempts": 15723, "code_payload_bytes": 17463502}
{"segment": "finemath4_shard00", "groups": 42, "rows": 41680, "code_attempts": 0, "code_payload_bytes": 0}
{"segment": "code_java_extra", "groups": 179, "rows": 5956, "code_attempts": 6058, "code_payload_bytes": 4866154}
{"segment": "code_javascript_extra", "groups": 91, "rows": 16579, "code_attempts": 16612, "code_payload_bytes": 16221759}
{"segment": "code_java_extra", "groups": 180, "rows": 5987, "code_attempts": 6090, "code_payload_bytes": 4888259}
{"segment": "code_python_extra", "groups": 97, "rows": 14674, "code_attempts": 15893, "code_payload_bytes": 17640331}
{"segment": "pdf_en_extra", "groups": 30, "rows": 30000, "code_attempts": 0, "code_payload_bytes": 0}
{"segment": "code_javascript_extra", "groups": 92, "rows": 16766, "code_attempts": 16799, "code_payload_bytes": 16466815}
{"segment": "code_java_extra", "groups": 181, "rows": 6024, "code_attempts": 6127, "code_payload_bytes": 4919266}
{"segment": "finemath4_shard53_tail", "groups": 36, "rows": 35679, "code_attempts": 0, "code_payload_bytes": 0}
{"segment": "code_java_extra", "groups": 182, "rows": 6051, "code_attempts": 6155, "code_payload_bytes": 4939141}
{"segment": "code_python_extra", "groups": 98, "rows": 14822, "code_attempts": 16060, "code_payload_bytes": 17820775}
{"segment": "code_javascript_extra", "groups": 93, "rows": 16941, "code_attempts": 16974, "code_payload_bytes": 16603000}
{"segment": "code_java_extra", "groups": 183, "rows": 6083, "code_attempts": 6187, "code_payload_bytes": 4970660}
{"segment": "finemath4_shard00", "groups": 43, "rows": 42680, "code_attempts": 0, "code_payload_bytes": 0}
{"segment": "code_java_extra", "groups": 184, "rows": 6112, "code_attempts": 6216, "code_payload_bytes": 4992394}
{"segment": "code_python_extra", "groups": 99, "rows": 14976, "code_attempts": 16225, "code_payload_bytes": 18010010}
{"segment": "pdf_en_extra", "groups": 31, "rows": 31000, "code_attempts": 0, "code_payload_bytes": 0}
{"segment": "code_java_extra", "groups": 185, "rows": 6141, "code_attempts": 6247, "code_payload_bytes": 5017478}
{"segment": "code_javascript_extra", "groups": 94, "rows": 17106, "code_attempts": 17139, "code_payload_bytes": 16763212}
{"segment": "code_java_extra", "groups": 186, "rows": 6168, "code_attempts": 6274, "code_payload_bytes": 5035877}
{"segment": "finemath4_shard53_tail", "groups": 37, "rows": 36679, "code_attempts": 0, "code_payload_bytes": 0}
{"segment": "code_python_extra", "groups": 100, "rows": 15146, "code_attempts": 16406, "code_payload_bytes": 18223213}
{"segment": "code_java_extra", "groups": 187, "rows": 6206, "code_attempts": 6314, "code_payload_bytes": 5076442}
{"segment": "code_javascript_extra", "groups": 95, "rows": 17254, "code_attempts": 17288, "code_payload_bytes": 16889971}
{"segment": "finemath4_shard00", "groups": 44, "rows": 43680, "code_attempts": 0, "code_payload_bytes": 0}
{"segment": "code_python_extra", "groups": 101, "rows": 15301, "code_attempts": 16569, "code_payload_bytes": 18400222}
{"segment": "code_java_extra", "groups": 188, "rows": 6238, "code_attempts": 6346, "code_payload_bytes": 5104062}
{"segment": "code_javascript_extra", "groups": 96, "rows": 17432, "code_attempts": 17466, "code_payload_bytes": 17067360}
{"segment": "pdf_en_extra", "groups": 32, "rows": 32000, "code_attempts": 0, "code_payload_bytes": 0}
{"segment": "code_java_extra", "groups": 189, "rows": 6266, "code_attempts": 6374, "code_payload_bytes": 5119529}
{"segment": "code_java_extra", "groups": 190, "rows": 6283, "code_attempts": 6393, "code_payload_bytes": 5135030}
{"segment": "code_java_extra", "groups": 191, "rows": 6318, "code_attempts": 6430, "code_payload_bytes": 5171551}
{"segment": "finemath4_shard53_tail", "groups": 38, "rows": 37679, "code_attempts": 0, "code_payload_bytes": 0}
{"segment": "code_javascript_extra", "groups": 97, "rows": 17633, "code_attempts": 17668, "code_payload_bytes": 17242441}
{"segment": "code_cpp_extra", "groups": 96, "rows": 13066, "code_attempts": 13435, "code_payload_bytes": 12937479}
{"segment": "code_java_extra", "groups": 192, "rows": 6357, "code_attempts": 6469, "code_payload_bytes": 5205523}
{"segment": "code_python_extra", "groups": 102, "rows": 15461, "code_attempts": 16739, "code_payload_bytes": 18696418}
{"segment": "finemath4_shard00", "groups": 45, "rows": 44680, "code_attempts": 0, "code_payload_bytes": 0}
{"segment": "code_javascript_extra", "groups": 98, "rows": 17801, "code_attempts": 17837, "code_payload_bytes": 17403402}
{"segment": "code_java_extra", "groups": 193, "rows": 6397, "code_attempts": 6510, "code_payload_bytes": 5240414}
{"segment": "code_python_extra", "groups": 103, "rows": 15613, "code_attempts": 16895, "code_payload_bytes": 18872629}
{"segment": "code_java_extra", "groups": 194, "rows": 6429, "code_attempts": 6543, "code_payload_bytes": 5268670}
{"segment": "code_javascript_extra", "groups": 99, "rows": 17998, "code_attempts": 18034, "code_payload_bytes": 17596880}
{"segment": "code_java_extra", "groups": 195, "rows": 6461, "code_attempts": 6575, "code_payload_bytes": 5291686}
{"segment": "code_python_extra", "groups": 104, "rows": 15756, "code_attempts": 17060, "code_payload_bytes": 19074215}
{"segment": "code_javascript_extra", "groups": 100, "rows": 18168, "code_attempts": 18204, "code_payload_bytes": 17739246}
{"segment": "finemath4_shard53_tail", "groups": 39, "rows": 38679, "code_attempts": 0, "code_payload_bytes": 0}
{"segment": "finemath4_shard00", "groups": 46, "rows": 45680, "code_attempts": 0, "code_payload_bytes": 0}
{"segment": "code_java_extra", "groups": 196, "rows": 6488, "code_attempts": 6603, "code_payload_bytes": 5310045}
{"segment": "code_cpp_extra", "groups": 97, "rows": 13206, "code_attempts": 13583, "code_payload_bytes": 13081959}
{"segment": "code_javascript_extra", "groups": 101, "rows": 18336, "code_attempts": 18372, "code_payload_bytes": 17916475}
{"segment": "code_java_extra", "groups": 197, "rows": 6528, "code_attempts": 6643, "code_payload_bytes": 5348432}
{"segment": "code_python_extra", "groups": 105, "rows": 15882, "code_attempts": 17202, "code_payload_bytes": 19235864}
{"segment": "pdf_en_extra", "groups": 33, "rows": 33000, "code_attempts": 0, "code_payload_bytes": 0}
{"segment": "code_java_extra", "groups": 198, "rows": 6555, "code_attempts": 6670, "code_payload_bytes": 5364006}
{"segment": "code_javascript_extra", "groups": 102, "rows": 18512, "code_attempts": 18548, "code_payload_bytes": 18094033}
{"segment": "code_python_extra", "groups": 106, "rows": 16013, "code_attempts": 17343, "code_payload_bytes": 19390604}
{"segment": "code_cpp_extra", "groups": 98, "rows": 13326, "code_attempts": 13713, "code_payload_bytes": 13188053}
{"segment": "code_java_extra", "groups": 199, "rows": 6590, "code_attempts": 6706, "code_payload_bytes": 5387451}
{"segment": "code_java_extra", "groups": 200, "rows": 6622, "code_attempts": 6738, "code_payload_bytes": 5407778}
{"segment": "finemath4_shard00", "groups": 47, "rows": 46680, "code_attempts": 0, "code_payload_bytes": 0}
{"segment": "code_cpp_extra", "groups": 99, "rows": 13465, "code_attempts": 13855, "code_payload_bytes": 13327960}
{"segment": "code_python_extra", "groups": 107, "rows": 16176, "code_attempts": 17524, "code_payload_bytes": 19563485}
{"segment": "code_java_extra", "groups": 201, "rows": 6660, "code_attempts": 6778, "code_payload_bytes": 5440773}
{"segment": "code_javascript_extra", "groups": 103, "rows": 18692, "code_attempts": 18728, "code_payload_bytes": 18246551}
{"segment": "finemath4_shard53_tail", "groups": 40, "rows": 39679, "code_attempts": 0, "code_payload_bytes": 0}
{"segment": "code_cpp_extra", "groups": 100, "rows": 13598, "code_attempts": 13989, "code_payload_bytes": 13437269}
{"segment": "pdf_en_extra", "groups": 34, "rows": 34000, "code_attempts": 0, "code_payload_bytes": 0}
{"segment": "code_java_extra", "groups": 202, "rows": 6703, "code_attempts": 6821, "code_payload_bytes": 5483319}
{"segment": "code_python_extra", "groups": 108, "rows": 16321, "code_attempts": 17673, "code_payload_bytes": 19726200}
{"segment": "code_java_extra", "groups": 203, "rows": 6731, "code_attempts": 6851, "code_payload_bytes": 5510248}
{"segment": "code_javascript_extra", "groups": 104, "rows": 18884, "code_attempts": 18920, "code_payload_bytes": 18433408}
{"segment": "code_cpp_extra", "groups": 101, "rows": 13719, "code_attempts": 14113, "code_payload_bytes": 13575502}
{"segment_id": "code_cpp_extra", "logical_source_id": "code_cpp", "status": "RAW_SEGMENT_READY", "rows_written": 13719, "output_bytes": 15427329, "error_type": null, "stop_reason": null}
{"segment": "code_java_extra", "groups": 204, "rows": 6757, "code_attempts": 6878, "code_payload_bytes": 5531163}
{"segment": "finemath4_shard00", "groups": 48, "rows": 47680, "code_attempts": 0, "code_payload_bytes": 0}
{"segment": "code_javascript_extra", "groups": 105, "rows": 19076, "code_attempts": 19112, "code_payload_bytes": 18588250}
{"segment": "code_python_extra", "groups": 109, "rows": 16473, "code_attempts": 17837, "code_payload_bytes": 19923060}
{"segment": "code_java_extra", "groups": 205, "rows": 6782, "code_attempts": 6903, "code_payload_bytes": 5556255}
{"segment": "code_java_extra", "groups": 206, "rows": 6813, "code_attempts": 6935, "code_payload_bytes": 5580040}
{"segment": "code_javascript_extra", "groups": 106, "rows": 19247, "code_attempts": 19283, "code_payload_bytes": 18734121}
{"segment": "finemath4_shard53_tail", "groups": 41, "rows": 40679, "code_attempts": 0, "code_payload_bytes": 0}
{"segment": "code_python_extra", "groups": 110, "rows": 16619, "code_attempts": 17999, "code_payload_bytes": 20125852}
{"segment": "pdf_en_extra", "groups": 35, "rows": 35000, "code_attempts": 0, "code_payload_bytes": 0}
{"segment": "code_java_extra", "groups": 207, "rows": 6839, "code_attempts": 6961, "code_payload_bytes": 5600563}
{"segment": "code_java_extra", "groups": 208, "rows": 6868, "code_attempts": 6990, "code_payload_bytes": 5629953}
{"segment": "code_javascript_extra", "groups": 107, "rows": 19452, "code_attempts": 19489, "code_payload_bytes": 18907657}
{"segment": "code_python_extra", "groups": 111, "rows": 16760, "code_attempts": 18148, "code_payload_bytes": 20274419}
{"segment": "code_java_extra", "groups": 209, "rows": 6907, "code_attempts": 7030, "code_payload_bytes": 5652973}
{"segment": "finemath4_shard00", "groups": 49, "rows": 48680, "code_attempts": 0, "code_payload_bytes": 0}
{"segment": "code_java_extra", "groups": 210, "rows": 6941, "code_attempts": 7064, "code_payload_bytes": 5683047}
{"segment": "code_javascript_extra", "groups": 108, "rows": 19641, "code_attempts": 19679, "code_payload_bytes": 19185205}
{"segment": "code_java_extra", "groups": 211, "rows": 6974, "code_attempts": 7097, "code_payload_bytes": 5709337}
{"segment": "code_java_extra", "groups": 212, "rows": 6997, "code_attempts": 7120, "code_payload_bytes": 5730128}
{"segment": "code_python_extra", "groups": 112, "rows": 16914, "code_attempts": 18319, "code_payload_bytes": 20457455}
{"segment": "code_java_extra", "groups": 213, "rows": 7026, "code_attempts": 7149, "code_payload_bytes": 5752973}
{"segment": "code_javascript_extra", "groups": 109, "rows": 19814, "code_attempts": 19852, "code_payload_bytes": 19336873}
{"segment": "finemath4_shard53_tail", "groups": 42, "rows": 41679, "code_attempts": 0, "code_payload_bytes": 0}
{"segment": "pdf_en_extra", "groups": 36, "rows": 36000, "code_attempts": 0, "code_payload_bytes": 0}
{"segment": "code_java_extra", "groups": 214, "rows": 7056, "code_attempts": 7179, "code_payload_bytes": 5776194}
{"segment": "code_javascript_extra", "groups": 110, "rows": 20006, "code_attempts": 20044, "code_payload_bytes": 19512739}
{"segment": "code_python_extra", "groups": 113, "rows": 17096, "code_attempts": 18506, "code_payload_bytes": 20684586}
{"segment": "code_java_extra", "groups": 215, "rows": 7089, "code_attempts": 7213, "code_payload_bytes": 5803364}
{"segment": "finemath4_shard00", "groups": 50, "rows": 49680, "code_attempts": 0, "code_payload_bytes": 0}
{"segment": "code_java_extra", "groups": 216, "rows": 7129, "code_attempts": 7253, "code_payload_bytes": 5835447}
{"segment": "code_javascript_extra", "groups": 111, "rows": 20190, "code_attempts": 20228, "code_payload_bytes": 19692408}
{"segment": "code_java_extra", "groups": 217, "rows": 7156, "code_attempts": 7280, "code_payload_bytes": 5857260}
{"segment": "code_python_extra", "groups": 114, "rows": 17261, "code_attempts": 18685, "code_payload_bytes": 20894691}
{"segment": "code_java_extra", "groups": 218, "rows": 7199, "code_attempts": 7323, "code_payload_bytes": 5889414}
{"segment": "finemath4_shard53_tail", "groups": 43, "rows": 42679, "code_attempts": 0, "code_payload_bytes": 0}
{"segment": "code_javascript_extra", "groups": 112, "rows": 20385, "code_attempts": 20423, "code_payload_bytes": 19887569}
{"segment": "code_java_extra", "groups": 219, "rows": 7229, "code_attempts": 7353, "code_payload_bytes": 5912400}
{"segment": "code_python_extra", "groups": 115, "rows": 17419, "code_attempts": 18851, "code_payload_bytes": 21109597}
{"segment": "code_java_extra", "groups": 220, "rows": 7263, "code_attempts": 7388, "code_payload_bytes": 5939230}
{"segment": "code_javascript_extra", "groups": 113, "rows": 20580, "code_attempts": 20618, "code_payload_bytes": 20071569}
{"segment": "code_java_extra", "groups": 221, "rows": 7294, "code_attempts": 7420, "code_payload_bytes": 5970155}
{"segment": "finemath4_shard00", "groups": 51, "rows": 50680, "code_attempts": 0, "code_payload_bytes": 0}
{"segment": "pdf_en_extra", "groups": 37, "rows": 37000, "code_attempts": 0, "code_payload_bytes": 0}
{"segment": "code_java_extra", "groups": 222, "rows": 7327, "code_attempts": 7453, "code_payload_bytes": 6001220}
{"segment": "code_python_extra", "groups": 116, "rows": 17569, "code_attempts": 19010, "code_payload_bytes": 21303761}
{"segment": "code_javascript_extra", "groups": 114, "rows": 20764, "code_attempts": 20802, "code_payload_bytes": 20219288}
{"segment": "code_java_extra", "groups": 223, "rows": 7349, "code_attempts": 7476, "code_payload_bytes": 6019540}
{"segment": "finemath4_shard53_tail", "groups": 44, "rows": 43679, "code_attempts": 0, "code_payload_bytes": 0}
{"segment": "code_python_extra", "groups": 117, "rows": 17725, "code_attempts": 19182, "code_payload_bytes": 21495630}
{"segment": "code_java_extra", "groups": 224, "rows": 7395, "code_attempts": 7522, "code_payload_bytes": 6058273}
{"segment": "code_java_extra", "groups": 225, "rows": 7435, "code_attempts": 7562, "code_payload_bytes": 6090845}
{"segment": "finemath4_shard00", "groups": 52, "rows": 51680, "code_attempts": 0, "code_payload_bytes": 0}
{"segment": "code_python_extra", "groups": 118, "rows": 17880, "code_attempts": 19348, "code_payload_bytes": 21681692}
{"segment": "code_java_extra", "groups": 226, "rows": 7460, "code_attempts": 7588, "code_payload_bytes": 6115106}
{"segment": "code_java_extra", "groups": 227, "rows": 7487, "code_attempts": 7615, "code_payload_bytes": 6132857}
{"segment": "code_javascript_extra", "groups": 115, "rows": 20950, "code_attempts": 20989, "code_payload_bytes": 20485899}
{"segment": "pdf_en_extra", "groups": 38, "rows": 38000, "code_attempts": 0, "code_payload_bytes": 0}
{"segment": "code_python_extra", "groups": 119, "rows": 18023, "code_attempts": 19510, "code_payload_bytes": 21854897}
{"segment": "code_java_extra", "groups": 228, "rows": 7519, "code_attempts": 7648, "code_payload_bytes": 6161823}
{"segment": "finemath4_shard53_tail", "groups": 45, "rows": 44679, "code_attempts": 0, "code_payload_bytes": 0}
{"segment": "code_javascript_extra", "groups": 116, "rows": 21121, "code_attempts": 21160, "code_payload_bytes": 20639511}
{"segment": "code_java_extra", "groups": 229, "rows": 7550, "code_attempts": 7681, "code_payload_bytes": 6186041}
{"segment": "finemath4_shard00", "groups": 53, "rows": 52680, "code_attempts": 0, "code_payload_bytes": 0}
{"segment": "code_python_extra", "groups": 120, "rows": 18175, "code_attempts": 19677, "code_payload_bytes": 22054981}
{"segment": "code_java_extra", "groups": 230, "rows": 7585, "code_attempts": 7717, "code_payload_bytes": 6216604}
{"segment": "code_javascript_extra", "groups": 117, "rows": 21283, "code_attempts": 21322, "code_payload_bytes": 20793939}
{"segment": "code_python_extra", "groups": 121, "rows": 18313, "code_attempts": 19825, "code_payload_bytes": 22265994}
{"segment": "code_java_extra", "groups": 231, "rows": 7614, "code_attempts": 7746, "code_payload_bytes": 6239268}
{"segment": "pdf_en_extra", "groups": 39, "rows": 39000, "code_attempts": 0, "code_payload_bytes": 0}
{"segment": "code_javascript_extra", "groups": 118, "rows": 21483, "code_attempts": 21523, "code_payload_bytes": 20974620}
{"segment": "code_java_extra", "groups": 232, "rows": 7660, "code_attempts": 7792, "code_payload_bytes": 6282069}
{"segment": "finemath4_shard00", "groups": 54, "rows": 53680, "code_attempts": 0, "code_payload_bytes": 0}
{"segment": "code_python_extra", "groups": 122, "rows": 18486, "code_attempts": 20009, "code_payload_bytes": 22511272}
{"segment": "finemath4_shard53_tail", "groups": 46, "rows": 45679, "code_attempts": 0, "code_payload_bytes": 0}
{"segment": "code_javascript_extra", "groups": 119, "rows": 21652, "code_attempts": 21692, "code_payload_bytes": 21170839}
{"segment": "code_java_extra", "groups": 233, "rows": 7691, "code_attempts": 7823, "code_payload_bytes": 6309049}
{"segment": "code_java_extra", "groups": 234, "rows": 7731, "code_attempts": 7863, "code_payload_bytes": 6347665}
{"segment": "code_python_extra", "groups": 123, "rows": 18629, "code_attempts": 20167, "code_payload_bytes": 22674347}
{"segment": "code_java_extra", "groups": 235, "rows": 7762, "code_attempts": 7894, "code_payload_bytes": 6368027}
{"segment": "code_javascript_extra", "groups": 120, "rows": 21830, "code_attempts": 21870, "code_payload_bytes": 21324090}
{"segment": "code_java_extra", "groups": 236, "rows": 7788, "code_attempts": 7922, "code_payload_bytes": 6394959}
{"segment": "pdf_en_extra", "groups": 40, "rows": 40000, "code_attempts": 0, "code_payload_bytes": 0}
{"segment": "code_python_extra", "groups": 124, "rows": 18785, "code_attempts": 20339, "code_payload_bytes": 22858081}
{"segment": "code_java_extra", "groups": 237, "rows": 7821, "code_attempts": 7957, "code_payload_bytes": 6421073}
{"segment": "finemath4_shard00", "groups": 55, "rows": 54680, "code_attempts": 0, "code_payload_bytes": 0}
{"segment": "code_java_extra", "groups": 238, "rows": 7859, "code_attempts": 7996, "code_payload_bytes": 6447450}
{"segment": "code_javascript_extra", "groups": 121, "rows": 22005, "code_attempts": 22045, "code_payload_bytes": 21486913}
{"segment": "finemath4_shard53_tail", "groups": 47, "rows": 46679, "code_attempts": 0, "code_payload_bytes": 0}
{"segment": "code_java_extra", "groups": 239, "rows": 7892, "code_attempts": 8029, "code_payload_bytes": 6472053}
{"segment": "code_javascript_extra", "groups": 122, "rows": 22187, "code_attempts": 22227, "code_payload_bytes": 21636082}
{"segment": "code_python_extra", "groups": 125, "rows": 18935, "code_attempts": 20503, "code_payload_bytes": 23029378}
{"segment": "code_java_extra", "groups": 240, "rows": 7940, "code_attempts": 8077, "code_payload_bytes": 6508895}
{"segment": "code_javascript_extra", "groups": 123, "rows": 22384, "code_attempts": 22424, "code_payload_bytes": 21814550}
{"segment": "pdf_en_extra", "groups": 41, "rows": 41000, "code_attempts": 0, "code_payload_bytes": 0}
{"segment": "finemath4_shard00", "groups": 56, "rows": 55680, "code_attempts": 0, "code_payload_bytes": 0}
{"segment": "finemath4_shard53_tail", "groups": 48, "rows": 47679, "code_attempts": 0, "code_payload_bytes": 0}
{"segment": "code_java_extra", "groups": 241, "rows": 7972, "code_attempts": 8110, "code_payload_bytes": 6533855}
{"segment": "code_python_extra", "groups": 126, "rows": 19103, "code_attempts": 20682, "code_payload_bytes": 23223203}
{"segment": "code_java_extra", "groups": 242, "rows": 8002, "code_attempts": 8141, "code_payload_bytes": 6556295}
{"segment": "code_javascript_extra", "groups": 124, "rows": 22566, "code_attempts": 22607, "code_payload_bytes": 21993043}
{"segment": "code_java_extra", "groups": 243, "rows": 8034, "code_attempts": 8174, "code_payload_bytes": 6590991}
{"segment": "code_python_extra", "groups": 127, "rows": 19281, "code_attempts": 20874, "code_payload_bytes": 23407588}
{"segment": "code_java_extra", "groups": 244, "rows": 8065, "code_attempts": 8205, "code_payload_bytes": 6614383}
{"segment": "code_javascript_extra", "groups": 125, "rows": 22735, "code_attempts": 22776, "code_payload_bytes": 22166356}
{"segment": "code_java_extra", "groups": 245, "rows": 8088, "code_attempts": 8228, "code_payload_bytes": 6635459}
{"segment": "finemath4_shard53_tail", "groups": 49, "rows": 48679, "code_attempts": 0, "code_payload_bytes": 0}
{"segment": "finemath4_shard00", "groups": 57, "rows": 56680, "code_attempts": 0, "code_payload_bytes": 0}
{"segment": "code_python_extra", "groups": 128, "rows": 19434, "code_attempts": 21040, "code_payload_bytes": 23585161}
{"segment": "code_java_extra", "groups": 246, "rows": 8123, "code_attempts": 8264, "code_payload_bytes": 6660628}
{"segment": "code_javascript_extra", "groups": 126, "rows": 22898, "code_attempts": 22941, "code_payload_bytes": 22298679}
{"segment": "code_java_extra", "groups": 247, "rows": 8161, "code_attempts": 8303, "code_payload_bytes": 6689671}
{"segment": "code_python_extra", "groups": 129, "rows": 19577, "code_attempts": 21194, "code_payload_bytes": 23772283}
{"segment": "pdf_en_extra", "groups": 42, "rows": 42000, "code_attempts": 0, "code_payload_bytes": 0}
{"segment": "code_javascript_extra", "groups": 127, "rows": 23063, "code_attempts": 23106, "code_payload_bytes": 22473816}
{"segment": "finemath4_shard00", "groups": 58, "rows": 57680, "code_attempts": 0, "code_payload_bytes": 0}
{"segment": "code_java_extra", "groups": 248, "rows": 8188, "code_attempts": 8330, "code_payload_bytes": 6717316}
{"segment": "code_python_extra", "groups": 130, "rows": 19738, "code_attempts": 21374, "code_payload_bytes": 23963994}
{"segment": "finemath4_shard53_tail", "groups": 50, "rows": 49679, "code_attempts": 0, "code_payload_bytes": 0}
{"segment": "code_java_extra", "groups": 249, "rows": 8227, "code_attempts": 8369, "code_payload_bytes": 6751596}
{"segment": "code_javascript_extra", "groups": 128, "rows": 23245, "code_attempts": 23288, "code_payload_bytes": 22641084}
{"segment": "code_python_extra", "groups": 131, "rows": 19891, "code_attempts": 21539, "code_payload_bytes": 24122248}
{"segment": "code_java_extra", "groups": 250, "rows": 8265, "code_attempts": 8408, "code_payload_bytes": 6788639}
{"segment": "finemath4_shard00", "groups": 59, "rows": 58680, "code_attempts": 0, "code_payload_bytes": 0}
{"segment": "pdf_en_extra", "groups": 43, "rows": 43000, "code_attempts": 0, "code_payload_bytes": 0}
{"segment": "code_javascript_extra", "groups": 129, "rows": 23397, "code_attempts": 23440, "code_payload_bytes": 22769126}
{"segment": "code_java_extra", "groups": 251, "rows": 8306, "code_attempts": 8449, "code_payload_bytes": 6817740}
{"segment": "code_python_extra", "groups": 132, "rows": 20056, "code_attempts": 21722, "code_payload_bytes": 24334166}
{"segment": "code_java_extra", "groups": 252, "rows": 8331, "code_attempts": 8475, "code_payload_bytes": 6839892}
{"segment": "finemath4_shard53_tail", "groups": 51, "rows": 50679, "code_attempts": 0, "code_payload_bytes": 0}
{"segment": "code_javascript_extra", "groups": 130, "rows": 23578, "code_attempts": 23621, "code_payload_bytes": 22915621}
{"segment": "code_java_extra", "groups": 253, "rows": 8361, "code_attempts": 8505, "code_payload_bytes": 6857976}
{"segment": "code_python_extra", "groups": 133, "rows": 20217, "code_attempts": 21898, "code_payload_bytes": 24499992}
{"segment": "code_java_extra", "groups": 254, "rows": 8396, "code_attempts": 8540, "code_payload_bytes": 6888827}
{"segment": "finemath4_shard00", "groups": 60, "rows": 59680, "code_attempts": 0, "code_payload_bytes": 0}
{"segment": "code_javascript_extra", "groups": 131, "rows": 23757, "code_attempts": 23801, "code_payload_bytes": 23060779}
{"segment": "pdf_en_extra", "groups": 44, "rows": 44000, "code_attempts": 0, "code_payload_bytes": 0}
{"segment": "code_java_extra", "groups": 255, "rows": 8432, "code_attempts": 8576, "code_payload_bytes": 6917447}
{"segment": "code_python_extra", "groups": 134, "rows": 20375, "code_attempts": 22066, "code_payload_bytes": 24684117}
{"segment": "code_java_extra", "groups": 256, "rows": 8462, "code_attempts": 8608, "code_payload_bytes": 6938462}
{"segment": "code_javascript_extra", "groups": 132, "rows": 23927, "code_attempts": 23971, "code_payload_bytes": 23207713}
{"segment": "finemath4_shard53_tail", "groups": 52, "rows": 51679, "code_attempts": 0, "code_payload_bytes": 0}
{"segment": "code_java_extra", "groups": 257, "rows": 8508, "code_attempts": 8655, "code_payload_bytes": 6981364}
{"segment": "finemath4_shard00", "groups": 61, "rows": 60680, "code_attempts": 0, "code_payload_bytes": 0}
{"segment": "code_java_extra", "groups": 258, "rows": 8533, "code_attempts": 8680, "code_payload_bytes": 7001165}
{"segment": "pdf_en_extra", "groups": 45, "rows": 45000, "code_attempts": 0, "code_payload_bytes": 0}
{"segment": "code_javascript_extra", "groups": 133, "rows": 24098, "code_attempts": 24143, "code_payload_bytes": 23378378}
{"segment": "code_java_extra", "groups": 259, "rows": 8563, "code_attempts": 8710, "code_payload_bytes": 7026842}
{"segment": "code_python_extra", "groups": 135, "rows": 20525, "code_attempts": 22225, "code_payload_bytes": 24909320}
{"segment": "code_java_extra", "groups": 260, "rows": 8595, "code_attempts": 8742, "code_payload_bytes": 7050092}
{"segment": "finemath4_shard53_tail", "groups": 53, "rows": 52679, "code_attempts": 0, "code_payload_bytes": 0}
{"segment": "code_java_extra", "groups": 261, "rows": 8627, "code_attempts": 8774, "code_payload_bytes": 7071797}
{"segment": "finemath4_shard00", "groups": 62, "rows": 61680, "code_attempts": 0, "code_payload_bytes": 0}
{"segment": "code_python_extra", "groups": 136, "rows": 20665, "code_attempts": 22378, "code_payload_bytes": 25069842}
{"segment": "code_javascript_extra", "groups": 134, "rows": 24291, "code_attempts": 24336, "code_payload_bytes": 23547213}
{"segment": "code_java_extra", "groups": 262, "rows": 8659, "code_attempts": 8807, "code_payload_bytes": 7094474}
{"segment": "pdf_en_extra", "groups": 46, "rows": 46000, "code_attempts": 0, "code_payload_bytes": 0}
{"segment": "code_python_extra", "groups": 137, "rows": 20824, "code_attempts": 22545, "code_payload_bytes": 25235235}
{"segment": "code_java_extra", "groups": 263, "rows": 8689, "code_attempts": 8838, "code_payload_bytes": 7116884}
{"segment": "code_javascript_extra", "groups": 135, "rows": 24475, "code_attempts": 24521, "code_payload_bytes": 23719831}
{"segment": "code_java_extra", "groups": 264, "rows": 8721, "code_attempts": 8870, "code_payload_bytes": 7140817}
{"segment": "finemath4_shard00", "groups": 63, "rows": 62680, "code_attempts": 0, "code_payload_bytes": 0}
{"segment": "code_javascript_extra", "groups": 136, "rows": 24646, "code_attempts": 24693, "code_payload_bytes": 23893926}
{"segment": "code_java_extra", "groups": 265, "rows": 8757, "code_attempts": 8906, "code_payload_bytes": 7169219}
{"segment": "finemath4_shard53_tail", "groups": 54, "rows": 53679, "code_attempts": 0, "code_payload_bytes": 0}
{"segment": "code_java_extra", "groups": 266, "rows": 8790, "code_attempts": 8941, "code_payload_bytes": 7198715}
{"segment": "code_python_extra", "groups": 138, "rows": 20972, "code_attempts": 22704, "code_payload_bytes": 25436557}
{"segment": "code_java_extra", "groups": 267, "rows": 8831, "code_attempts": 8982, "code_payload_bytes": 7238672}
{"segment": "code_javascript_extra", "groups": 137, "rows": 24827, "code_attempts": 24874, "code_payload_bytes": 24057362}
{"segment": "code_java_extra", "groups": 268, "rows": 8863, "code_attempts": 9014, "code_payload_bytes": 7264019}
{"segment": "finemath4_shard00", "groups": 64, "rows": 63680, "code_attempts": 0, "code_payload_bytes": 0}
{"segment": "code_python_extra", "groups": 139, "rows": 21126, "code_attempts": 22867, "code_payload_bytes": 25595800}
{"segment": "code_java_extra", "groups": 269, "rows": 8901, "code_attempts": 9052, "code_payload_bytes": 7290234}
{"segment": "code_java_extra", "groups": 270, "rows": 8933, "code_attempts": 9084, "code_payload_bytes": 7313888}
{"segment": "finemath4_shard53_tail", "groups": 55, "rows": 54679, "code_attempts": 0, "code_payload_bytes": 0}
{"segment": "pdf_en_extra", "groups": 47, "rows": 47000, "code_attempts": 0, "code_payload_bytes": 0}
{"segment": "code_javascript_extra", "groups": 138, "rows": 24988, "code_attempts": 25035, "code_payload_bytes": 24221818}
{"segment": "code_java_extra", "groups": 271, "rows": 8967, "code_attempts": 9118, "code_payload_bytes": 7346288}
{"segment": "code_python_extra", "groups": 140, "rows": 21292, "code_attempts": 23042, "code_payload_bytes": 25798319}
{"segment": "code_java_extra", "groups": 272, "rows": 9000, "code_attempts": 9151, "code_payload_bytes": 7368313}
{"segment": "finemath4_shard00", "groups": 65, "rows": 64680, "code_attempts": 0, "code_payload_bytes": 0}
{"segment": "code_javascript_extra", "groups": 139, "rows": 25192, "code_attempts": 25240, "code_payload_bytes": 24422094}
{"segment": "code_python_extra", "groups": 141, "rows": 21452, "code_attempts": 23208, "code_payload_bytes": 25992219}
{"segment": "code_java_extra", "groups": 273, "rows": 9037, "code_attempts": 9189, "code_payload_bytes": 7405161}
{"segment": "finemath4_shard53_tail", "groups": 56, "rows": 55679, "code_attempts": 0, "code_payload_bytes": 0}
{"segment": "code_javascript_extra", "groups": 140, "rows": 25396, "code_attempts": 25444, "code_payload_bytes": 24620542}
{"segment": "code_java_extra", "groups": 274, "rows": 9067, "code_attempts": 9219, "code_payload_bytes": 7427292}
{"segment": "code_python_extra", "groups": 142, "rows": 21600, "code_attempts": 23366, "code_payload_bytes": 26169391}
{"segment": "code_java_extra", "groups": 275, "rows": 9102, "code_attempts": 9254, "code_payload_bytes": 7461270}
{"segment": "finemath4_shard00", "groups": 66, "rows": 65680, "code_attempts": 0, "code_payload_bytes": 0}
{"segment": "code_python_extra", "groups": 143, "rows": 21739, "code_attempts": 23518, "code_payload_bytes": 26331905}
{"segment": "code_java_extra", "groups": 276, "rows": 9146, "code_attempts": 9299, "code_payload_bytes": 7491402}
{"segment": "code_java_extra", "groups": 277, "rows": 9168, "code_attempts": 9321, "code_payload_bytes": 7505803}
{"segment": "finemath4_shard53_tail", "groups": 57, "rows": 56679, "code_attempts": 0, "code_payload_bytes": 0}
{"segment": "code_python_extra", "groups": 144, "rows": 21891, "code_attempts": 23681, "code_payload_bytes": 26513283}
{"segment": "pdf_en_extra", "groups": 48, "rows": 48000, "code_attempts": 0, "code_payload_bytes": 0}
{"segment": "code_java_extra", "groups": 278, "rows": 9208, "code_attempts": 9362, "code_payload_bytes": 7542993}
{"segment": "code_javascript_extra", "groups": 141, "rows": 25576, "code_attempts": 25625, "code_payload_bytes": 24890903}
{"segment_id": "pdf_en_extra", "logical_source_id": "pdf_en", "status": "RAW_SEGMENT_READY", "rows_written": 48000, "output_bytes": 432787702, "error_type": null, "stop_reason": null}
{"segment": "finemath4_shard00", "groups": 67, "rows": 66680, "code_attempts": 0, "code_payload_bytes": 0}
{"segment": "code_java_extra", "groups": 279, "rows": 9244, "code_attempts": 9399, "code_payload_bytes": 7579788}
{"segment": "code_python_extra", "groups": 145, "rows": 22019, "code_attempts": 23820, "code_payload_bytes": 26658311}
{"segment": "code_java_extra", "groups": 280, "rows": 9271, "code_attempts": 9427, "code_payload_bytes": 7601402}
{"segment": "code_javascript_extra", "groups": 142, "rows": 25778, "code_attempts": 25827, "code_payload_bytes": 25072267}
{"segment": "code_java_extra", "groups": 281, "rows": 9298, "code_attempts": 9455, "code_payload_bytes": 7625968}
{"segment": "finemath4_shard53_tail", "groups": 58, "rows": 57679, "code_attempts": 0, "code_payload_bytes": 0}
{"segment": "code_java_extra", "groups": 282, "rows": 9336, "code_attempts": 9495, "code_payload_bytes": 7658384}
{"segment": "code_python_extra", "groups": 146, "rows": 22164, "code_attempts": 23984, "code_payload_bytes": 26858598}
{"segment": "code_javascript_extra", "groups": 143, "rows": 25960, "code_attempts": 26009, "code_payload_bytes": 25220027}
{"segment": "code_java_extra", "groups": 283, "rows": 9374, "code_attempts": 9535, "code_payload_bytes": 7688854}
{"segment": "finemath4_shard00", "groups": 68, "rows": 67680, "code_attempts": 0, "code_payload_bytes": 0}
{"segment": "code_java_extra", "groups": 284, "rows": 9401, "code_attempts": 9563, "code_payload_bytes": 7709173}
{"segment": "code_javascript_extra", "groups": 144, "rows": 26136, "code_attempts": 26185, "code_payload_bytes": 25384622}
{"segment": "code_python_extra", "groups": 147, "rows": 22309, "code_attempts": 24138, "code_payload_bytes": 27016138}
{"segment": "finemath4_shard53_tail", "groups": 59, "rows": 58679, "code_attempts": 0, "code_payload_bytes": 0}
{"segment": "code_java_extra", "groups": 285, "rows": 9438, "code_attempts": 9602, "code_payload_bytes": 7742189}
{"segment": "code_javascript_extra", "groups": 145, "rows": 26308, "code_attempts": 26357, "code_payload_bytes": 25542952}
{"segment": "code_python_extra", "groups": 148, "rows": 22458, "code_attempts": 24301, "code_payload_bytes": 27197141}
{"segment": "code_java_extra", "groups": 286, "rows": 9468, "code_attempts": 9632, "code_payload_bytes": 7763932}
{"segment": "finemath4_shard00", "groups": 69, "rows": 68680, "code_attempts": 0, "code_payload_bytes": 0}
{"segment": "code_java_extra", "groups": 287, "rows": 9502, "code_attempts": 9666, "code_payload_bytes": 7816642}
{"segment": "code_python_extra", "groups": 149, "rows": 22624, "code_attempts": 24479, "code_payload_bytes": 27397715}
{"segment": "code_java_extra", "groups": 288, "rows": 9535, "code_attempts": 9699, "code_payload_bytes": 7852606}
{"segment": "finemath4_shard53_tail", "groups": 60, "rows": 59679, "code_attempts": 0, "code_payload_bytes": 0}
{"segment": "code_javascript_extra", "groups": 146, "rows": 26507, "code_attempts": 26556, "code_payload_bytes": 25723991}
{"segment": "code_java_extra", "groups": 289, "rows": 9573, "code_attempts": 9737, "code_payload_bytes": 7881507}
{"segment": "code_java_extra", "groups": 290, "rows": 9609, "code_attempts": 9773, "code_payload_bytes": 7916253}
{"segment": "finemath4_shard00", "groups": 70, "rows": 69680, "code_attempts": 0, "code_payload_bytes": 0}
{"segment": "code_javascript_extra", "groups": 147, "rows": 26667, "code_attempts": 26716, "code_payload_bytes": 25877685}
{"segment": "code_java_extra", "groups": 291, "rows": 9633, "code_attempts": 9797, "code_payload_bytes": 7932794}
{"segment": "code_java_extra", "groups": 292, "rows": 9673, "code_attempts": 9837, "code_payload_bytes": 7964290}
{"segment": "code_javascript_extra", "groups": 148, "rows": 26832, "code_attempts": 26881, "code_payload_bytes": 26009640}
{"segment": "code_java_extra", "groups": 293, "rows": 9707, "code_attempts": 9873, "code_payload_bytes": 7989288}
{"segment": "finemath4_shard53_tail", "groups": 61, "rows": 60679, "code_attempts": 0, "code_payload_bytes": 0}
{"segment": "finemath4_shard00", "groups": 71, "rows": 70680, "code_attempts": 0, "code_payload_bytes": 0}
{"segment_id": "finemath4_shard00", "logical_source_id": "finemath4", "status": "RAW_SEGMENT_READY", "rows_written": 70680, "output_bytes": 140401079, "error_type": null, "stop_reason": null}
{"segment": "code_python_extra", "groups": 150, "rows": 22768, "code_attempts": 24636, "code_payload_bytes": 27558199}
{"segment": "code_java_extra", "groups": 294, "rows": 9738, "code_attempts": 9905, "code_payload_bytes": 8009197}
{"segment": "code_javascript_extra", "groups": 149, "rows": 27012, "code_attempts": 27061, "code_payload_bytes": 26203441}
{"segment": "code_java_extra", "groups": 295, "rows": 9771, "code_attempts": 9938, "code_payload_bytes": 8033044}
{"segment": "code_java_extra", "groups": 296, "rows": 9805, "code_attempts": 9973, "code_payload_bytes": 8058989}
{"segment": "code_javascript_extra", "groups": 150, "rows": 27195, "code_attempts": 27244, "code_payload_bytes": 26360267}
{"segment": "code_python_extra", "groups": 151, "rows": 22922, "code_attempts": 24801, "code_payload_bytes": 27704621}
{"segment": "code_java_extra", "groups": 297, "rows": 9835, "code_attempts": 10003, "code_payload_bytes": 8083338}
{"segment": "finemath4_shard53_tail", "groups": 62, "rows": 61679, "code_attempts": 0, "code_payload_bytes": 0}
{"segment": "code_java_extra", "groups": 298, "rows": 9860, "code_attempts": 10030, "code_payload_bytes": 8105278}
{"segment": "code_javascript_extra", "groups": 151, "rows": 27367, "code_attempts": 27416, "code_payload_bytes": 26508670}
{"segment": "code_python_extra", "groups": 152, "rows": 23086, "code_attempts": 24975, "code_payload_bytes": 27887496}
{"segment": "code_java_extra", "groups": 299, "rows": 9900, "code_attempts": 10070, "code_payload_bytes": 8134018}
{"segment": "code_java_extra", "groups": 300, "rows": 9931, "code_attempts": 10102, "code_payload_bytes": 8156722}
{"segment": "code_java_extra", "groups": 301, "rows": 9963, "code_attempts": 10134, "code_payload_bytes": 8184751}
{"segment": "code_javascript_extra", "groups": 152, "rows": 27550, "code_attempts": 27600, "code_payload_bytes": 26697054}
{"segment": "code_java_extra", "groups": 302, "rows": 9996, "code_attempts": 10167, "code_payload_bytes": 8209528}
{"segment": "code_python_extra", "groups": 153, "rows": 23223, "code_attempts": 25126, "code_payload_bytes": 28044347}
{"segment": "code_java_extra", "groups": 303, "rows": 10023, "code_attempts": 10194, "code_payload_bytes": 8228739}
{"segment": "code_java_extra", "groups": 304, "rows": 10041, "code_attempts": 10212, "code_payload_bytes": 8241576}
{"segment": "code_javascript_extra", "groups": 153, "rows": 27711, "code_attempts": 27761, "code_payload_bytes": 26826767}
{"segment": "code_python_extra", "groups": 154, "rows": 23389, "code_attempts": 25306, "code_payload_bytes": 28250939}
{"segment": "code_java_extra", "groups": 305, "rows": 10084, "code_attempts": 10256, "code_payload_bytes": 8281723}
{"segment": "finemath4_shard53_tail", "groups": 63, "rows": 62679, "code_attempts": 0, "code_payload_bytes": 0}
{"segment": "code_java_extra", "groups": 306, "rows": 10121, "code_attempts": 10294, "code_payload_bytes": 8312468}
{"segment": "code_javascript_extra", "groups": 154, "rows": 27887, "code_attempts": 27938, "code_payload_bytes": 26971584}
{"segment": "code_python_extra", "groups": 155, "rows": 23528, "code_attempts": 25457, "code_payload_bytes": 28418815}
{"segment": "code_java_extra", "groups": 307, "rows": 10160, "code_attempts": 10333, "code_payload_bytes": 8349887}
{"segment": "code_javascript_extra", "groups": 155, "rows": 28052, "code_attempts": 28103, "code_payload_bytes": 27126711}
{"segment": "code_python_extra", "groups": 156, "rows": 23683, "code_attempts": 25630, "code_payload_bytes": 28636569}
{"segment": "code_java_extra", "groups": 308, "rows": 10191, "code_attempts": 10365, "code_payload_bytes": 8382445}
{"segment": "code_java_extra", "groups": 309, "rows": 10220, "code_attempts": 10395, "code_payload_bytes": 8400416}
{"segment": "finemath4_shard53_tail", "groups": 64, "rows": 63679, "code_attempts": 0, "code_payload_bytes": 0}
{"segment": "code_python_extra", "groups": 157, "rows": 23838, "code_attempts": 25794, "code_payload_bytes": 28810220}
{"segment": "code_javascript_extra", "groups": 156, "rows": 28234, "code_attempts": 28286, "code_payload_bytes": 27288420}
{"segment": "code_java_extra", "groups": 310, "rows": 10255, "code_attempts": 10431, "code_payload_bytes": 8425433}
{"segment": "code_java_extra", "groups": 311, "rows": 10281, "code_attempts": 10457, "code_payload_bytes": 8450633}
{"segment": "code_python_extra", "groups": 158, "rows": 23974, "code_attempts": 25942, "code_payload_bytes": 28966936}
{"segment": "code_javascript_extra", "groups": 157, "rows": 28428, "code_attempts": 28480, "code_payload_bytes": 27461043}
{"segment": "code_java_extra", "groups": 312, "rows": 10316, "code_attempts": 10492, "code_payload_bytes": 8484354}
{"segment": "code_python_extra", "groups": 159, "rows": 24136, "code_attempts": 26118, "code_payload_bytes": 29206813}
{"segment": "code_java_extra", "groups": 313, "rows": 10339, "code_attempts": 10515, "code_payload_bytes": 8503802}
{"segment": "code_java_extra", "groups": 314, "rows": 10375, "code_attempts": 10554, "code_payload_bytes": 8527875}
{"segment": "finemath4_shard53_tail", "groups": 65, "rows": 64679, "code_attempts": 0, "code_payload_bytes": 0}
{"segment": "code_javascript_extra", "groups": 158, "rows": 28607, "code_attempts": 28659, "code_payload_bytes": 27623795}
{"segment": "code_python_extra", "groups": 160, "rows": 24291, "code_attempts": 26286, "code_payload_bytes": 29389661}
{"segment": "code_java_extra", "groups": 315, "rows": 10408, "code_attempts": 10588, "code_payload_bytes": 8556391}
{"segment": "code_javascript_extra", "groups": 159, "rows": 28765, "code_attempts": 28817, "code_payload_bytes": 27851383}
{"segment": "code_java_extra", "groups": 316, "rows": 10451, "code_attempts": 10631, "code_payload_bytes": 8592170}
{"segment": "code_python_extra", "groups": 161, "rows": 24463, "code_attempts": 26465, "code_payload_bytes": 29602757}
{"segment": "finemath4_shard53_tail", "groups": 66, "rows": 65679, "code_attempts": 0, "code_payload_bytes": 0}
{"segment": "code_python_extra", "groups": 162, "rows": 24619, "code_attempts": 26636, "code_payload_bytes": 29783812}
{"segment": "code_java_extra", "groups": 317, "rows": 10479, "code_attempts": 10660, "code_payload_bytes": 8615405}
{"segment": "code_java_extra", "groups": 318, "rows": 10514, "code_attempts": 10695, "code_payload_bytes": 8643185}
{"segment": "code_javascript_extra", "groups": 160, "rows": 28960, "code_attempts": 29012, "code_payload_bytes": 28022764}
{"segment": "code_java_extra", "groups": 319, "rows": 10546, "code_attempts": 10727, "code_payload_bytes": 8665435}
{"segment": "code_python_extra", "groups": 163, "rows": 24773, "code_attempts": 26805, "code_payload_bytes": 29968553}
{"segment": "code_java_extra", "groups": 320, "rows": 10575, "code_attempts": 10757, "code_payload_bytes": 8684028}
{"segment": "code_javascript_extra", "groups": 161, "rows": 29131, "code_attempts": 29183, "code_payload_bytes": 28154465}
{"segment": "code_python_extra", "groups": 164, "rows": 24914, "code_attempts": 26961, "code_payload_bytes": 30116180}
{"segment": "code_java_extra", "groups": 321, "rows": 10610, "code_attempts": 10792, "code_payload_bytes": 8710990}
{"segment": "finemath4_shard53_tail", "groups": 67, "rows": 66679, "code_attempts": 0, "code_payload_bytes": 0}
{"segment_id": "finemath4_shard53_tail", "logical_source_id": "finemath4", "status": "RAW_SEGMENT_READY", "rows_written": 66679, "output_bytes": 133486854, "error_type": null, "stop_reason": null}
{"segment": "code_java_extra", "groups": 322, "rows": 10649, "code_attempts": 10832, "code_payload_bytes": 8740463}
{"segment": "code_javascript_extra", "groups": 162, "rows": 29315, "code_attempts": 29368, "code_payload_bytes": 28331753}
{"segment": "code_java_extra", "groups": 323, "rows": 10686, "code_attempts": 10870, "code_payload_bytes": 8770301}
{"segment": "code_python_extra", "groups": 165, "rows": 25090, "code_attempts": 27143, "code_payload_bytes": 30315060}
{"segment": "code_java_extra", "groups": 324, "rows": 10717, "code_attempts": 10904, "code_payload_bytes": 8796343}
{"segment": "code_python_extra", "groups": 166, "rows": 25253, "code_attempts": 27320, "code_payload_bytes": 30484776}
{"segment": "code_java_extra", "groups": 325, "rows": 10745, "code_attempts": 10932, "code_payload_bytes": 8818153}
{"segment": "code_javascript_extra", "groups": 163, "rows": 29483, "code_attempts": 29537, "code_payload_bytes": 28545831}
{"segment": "code_java_extra", "groups": 326, "rows": 10771, "code_attempts": 10959, "code_payload_bytes": 8838072}
{"segment": "code_python_extra", "groups": 167, "rows": 25411, "code_attempts": 27488, "code_payload_bytes": 30705286}
{"segment": "code_java_extra", "groups": 327, "rows": 10800, "code_attempts": 10988, "code_payload_bytes": 8862361}
{"segment": "code_javascript_extra", "groups": 164, "rows": 29651, "code_attempts": 29705, "code_payload_bytes": 28693584}
{"segment": "code_java_extra", "groups": 328, "rows": 10827, "code_attempts": 11015, "code_payload_bytes": 8886679}
{"segment": "code_java_extra", "groups": 329, "rows": 10855, "code_attempts": 11044, "code_payload_bytes": 8907058}
{"segment": "code_python_extra", "groups": 168, "rows": 25571, "code_attempts": 27661, "code_payload_bytes": 30928520}
{"segment": "code_java_extra", "groups": 330, "rows": 10882, "code_attempts": 11071, "code_payload_bytes": 8927493}
{"segment": "code_javascript_extra", "groups": 165, "rows": 29830, "code_attempts": 29884, "code_payload_bytes": 28865654}
{"segment": "code_java_extra", "groups": 331, "rows": 10917, "code_attempts": 11106, "code_payload_bytes": 8957564}
{"segment": "code_python_extra", "groups": 169, "rows": 25743, "code_attempts": 27846, "code_payload_bytes": 31098918}
{"segment": "code_java_extra", "groups": 332, "rows": 10950, "code_attempts": 11139, "code_payload_bytes": 8984578}
{"segment": "code_javascript_extra", "groups": 166, "rows": 30031, "code_attempts": 30085, "code_payload_bytes": 29082729}
{"segment": "code_java_extra", "groups": 333, "rows": 10978, "code_attempts": 11167, "code_payload_bytes": 9004056}
{"segment": "code_python_extra", "groups": 170, "rows": 25885, "code_attempts": 27997, "code_payload_bytes": 31255933}
{"segment": "code_java_extra", "groups": 334, "rows": 11007, "code_attempts": 11196, "code_payload_bytes": 9029322}
{"segment": "code_javascript_extra", "groups": 167, "rows": 30209, "code_attempts": 30264, "code_payload_bytes": 29309955}
{"segment": "code_java_extra", "groups": 335, "rows": 11050, "code_attempts": 11240, "code_payload_bytes": 9060255}
{"segment": "code_java_extra", "groups": 336, "rows": 11083, "code_attempts": 11274, "code_payload_bytes": 9089029}
{"segment": "code_python_extra", "groups": 171, "rows": 26028, "code_attempts": 28147, "code_payload_bytes": 31406266}
{"segment": "code_javascript_extra", "groups": 168, "rows": 30385, "code_attempts": 30440, "code_payload_bytes": 29486884}
{"segment": "code_java_extra", "groups": 337, "rows": 11109, "code_attempts": 11301, "code_payload_bytes": 9107115}
{"segment": "code_java_extra", "groups": 338, "rows": 11134, "code_attempts": 11327, "code_payload_bytes": 9125695}
{"segment": "code_python_extra", "groups": 172, "rows": 26171, "code_attempts": 28303, "code_payload_bytes": 31592779}
{"segment": "code_java_extra", "groups": 339, "rows": 11165, "code_attempts": 11358, "code_payload_bytes": 9154621}
{"segment": "code_javascript_extra", "groups": 169, "rows": 30557, "code_attempts": 30612, "code_payload_bytes": 29634794}
{"segment": "code_java_extra", "groups": 340, "rows": 11196, "code_attempts": 11389, "code_payload_bytes": 9180310}
{"segment": "code_python_extra", "groups": 173, "rows": 26323, "code_attempts": 28464, "code_payload_bytes": 31816371}
{"segment": "code_java_extra", "groups": 341, "rows": 11225, "code_attempts": 11418, "code_payload_bytes": 9212611}
{"segment": "code_javascript_extra", "groups": 170, "rows": 30727, "code_attempts": 30782, "code_payload_bytes": 29795634}
{"segment": "code_java_extra", "groups": 342, "rows": 11268, "code_attempts": 11462, "code_payload_bytes": 9251418}
{"segment": "code_python_extra", "groups": 174, "rows": 26469, "code_attempts": 28627, "code_payload_bytes": 32022549}
{"segment": "code_javascript_extra", "groups": 171, "rows": 30891, "code_attempts": 30946, "code_payload_bytes": 29926511}
{"segment": "code_java_extra", "groups": 343, "rows": 11294, "code_attempts": 11491, "code_payload_bytes": 9280057}
{"segment": "code_python_extra", "groups": 175, "rows": 26630, "code_attempts": 28800, "code_payload_bytes": 32189118}
{"segment": "code_java_extra", "groups": 344, "rows": 11329, "code_attempts": 11526, "code_payload_bytes": 9308518}
{"segment": "code_javascript_extra", "groups": 172, "rows": 31068, "code_attempts": 31123, "code_payload_bytes": 30148473}
{"segment": "code_python_extra", "groups": 176, "rows": 26786, "code_attempts": 28970, "code_payload_bytes": 32372178}
{"segment": "code_java_extra", "groups": 345, "rows": 11371, "code_attempts": 11568, "code_payload_bytes": 9345955}
{"segment": "code_javascript_extra", "groups": 173, "rows": 31256, "code_attempts": 31311, "code_payload_bytes": 30346651}
{"segment": "code_java_extra", "groups": 346, "rows": 11412, "code_attempts": 11609, "code_payload_bytes": 9378182}
{"segment": "code_python_extra", "groups": 177, "rows": 26962, "code_attempts": 29160, "code_payload_bytes": 32577459}
{"segment": "code_java_extra", "groups": 347, "rows": 11455, "code_attempts": 11652, "code_payload_bytes": 9412451}
{"segment": "code_javascript_extra", "groups": 174, "rows": 31439, "code_attempts": 31494, "code_payload_bytes": 30496019}
{"segment": "code_java_extra", "groups": 348, "rows": 11494, "code_attempts": 11691, "code_payload_bytes": 9446488}
{"segment": "code_python_extra", "groups": 178, "rows": 27132, "code_attempts": 29340, "code_payload_bytes": 32791987}
{"segment": "code_java_extra", "groups": 349, "rows": 11527, "code_attempts": 11724, "code_payload_bytes": 9474088}
{"segment": "code_javascript_extra", "groups": 175, "rows": 31621, "code_attempts": 31676, "code_payload_bytes": 30665683}
{"segment": "code_java_extra", "groups": 350, "rows": 11558, "code_attempts": 11756, "code_payload_bytes": 9504016}
{"segment": "code_java_extra", "groups": 351, "rows": 11585, "code_attempts": 11784, "code_payload_bytes": 9530442}
{"segment": "code_python_extra", "groups": 179, "rows": 27303, "code_attempts": 29531, "code_payload_bytes": 33016558}
{"segment": "code_javascript_extra", "groups": 176, "rows": 31796, "code_attempts": 31851, "code_payload_bytes": 30825016}
{"segment": "code_java_extra", "groups": 352, "rows": 11616, "code_attempts": 11816, "code_payload_bytes": 9551995}
{"segment": "code_python_extra", "groups": 180, "rows": 27444, "code_attempts": 29692, "code_payload_bytes": 33197443}
{"segment": "code_java_extra", "groups": 353, "rows": 11643, "code_attempts": 11844, "code_payload_bytes": 9575132}
{"segment": "code_javascript_extra", "groups": 177, "rows": 31970, "code_attempts": 32025, "code_payload_bytes": 30999897}
{"segment": "code_java_extra", "groups": 354, "rows": 11678, "code_attempts": 11879, "code_payload_bytes": 9606072}
{"segment": "code_python_extra", "groups": 181, "rows": 27574, "code_attempts": 29840, "code_payload_bytes": 33405746}
{"segment": "code_java_extra", "groups": 355, "rows": 11711, "code_attempts": 11912, "code_payload_bytes": 9629949}
{"segment": "code_javascript_extra", "groups": 178, "rows": 32156, "code_attempts": 32212, "code_payload_bytes": 31156266}
{"segment": "code_java_extra", "groups": 356, "rows": 11740, "code_attempts": 11942, "code_payload_bytes": 9652970}
{"segment": "code_python_extra", "groups": 182, "rows": 27702, "code_attempts": 29979, "code_payload_bytes": 33566209}
{"segment": "code_javascript_extra", "groups": 179, "rows": 32327, "code_attempts": 32383, "code_payload_bytes": 31293764}
{"segment_id": "code_javascript_extra", "logical_source_id": "code_javascript", "status": "RAW_SEGMENT_READY", "rows_written": 32327, "output_bytes": 36054395, "error_type": null, "stop_reason": null}
{"segment": "code_java_extra", "groups": 357, "rows": 11768, "code_attempts": 11970, "code_payload_bytes": 9671722}
{"segment": "code_java_extra", "groups": 358, "rows": 11805, "code_attempts": 12007, "code_payload_bytes": 9697611}
{"segment": "code_python_extra", "groups": 183, "rows": 27866, "code_attempts": 30151, "code_payload_bytes": 33743763}
{"segment": "code_java_extra", "groups": 359, "rows": 11845, "code_attempts": 12048, "code_payload_bytes": 9726197}
{"segment": "code_java_extra", "groups": 360, "rows": 11877, "code_attempts": 12081, "code_payload_bytes": 9754150}
{"segment": "code_python_extra", "groups": 184, "rows": 28027, "code_attempts": 30319, "code_payload_bytes": 33934869}
{"segment": "code_java_extra", "groups": 361, "rows": 11908, "code_attempts": 12112, "code_payload_bytes": 9787468}
{"segment": "code_java_extra", "groups": 362, "rows": 11935, "code_attempts": 12140, "code_payload_bytes": 9809461}
{"segment": "code_python_extra", "groups": 185, "rows": 28164, "code_attempts": 30470, "code_payload_bytes": 34076429}
{"segment": "code_java_extra", "groups": 363, "rows": 11963, "code_attempts": 12170, "code_payload_bytes": 9838501}
{"segment": "code_java_extra", "groups": 364, "rows": 11995, "code_attempts": 12202, "code_payload_bytes": 9862072}
{"segment": "code_python_extra", "groups": 186, "rows": 28316, "code_attempts": 30632, "code_payload_bytes": 34241201}
{"segment": "code_java_extra", "groups": 365, "rows": 12030, "code_attempts": 12238, "code_payload_bytes": 9902803}
{"segment": "code_java_extra", "groups": 366, "rows": 12057, "code_attempts": 12265, "code_payload_bytes": 9929264}
{"segment": "code_python_extra", "groups": 187, "rows": 28464, "code_attempts": 30795, "code_payload_bytes": 34414659}
{"segment": "code_java_extra", "groups": 367, "rows": 12085, "code_attempts": 12295, "code_payload_bytes": 9959042}
{"segment": "code_java_extra", "groups": 368, "rows": 12111, "code_attempts": 12321, "code_payload_bytes": 9973976}
{"segment": "code_python_extra", "groups": 188, "rows": 28635, "code_attempts": 30976, "code_payload_bytes": 34590682}
{"segment": "code_java_extra", "groups": 369, "rows": 12150, "code_attempts": 12362, "code_payload_bytes": 10004103}
{"segment": "code_java_extra", "groups": 370, "rows": 12180, "code_attempts": 12393, "code_payload_bytes": 10026245}
{"segment": "code_python_extra", "groups": 189, "rows": 28778, "code_attempts": 31131, "code_payload_bytes": 34765743}
{"segment": "code_java_extra", "groups": 371, "rows": 12220, "code_attempts": 12434, "code_payload_bytes": 10059453}
{"segment": "code_java_extra", "groups": 372, "rows": 12254, "code_attempts": 12468, "code_payload_bytes": 10088714}
{"segment": "code_python_extra", "groups": 190, "rows": 28925, "code_attempts": 31297, "code_payload_bytes": 34935085}
{"segment": "code_java_extra", "groups": 373, "rows": 12295, "code_attempts": 12509, "code_payload_bytes": 10117494}
{"segment": "code_java_extra", "groups": 374, "rows": 12330, "code_attempts": 12544, "code_payload_bytes": 10154950}
{"segment": "code_python_extra", "groups": 191, "rows": 29072, "code_attempts": 31456, "code_payload_bytes": 35122752}
{"segment": "code_java_extra", "groups": 375, "rows": 12360, "code_attempts": 12574, "code_payload_bytes": 10188227}
{"segment": "code_java_extra", "groups": 376, "rows": 12382, "code_attempts": 12596, "code_payload_bytes": 10204025}
{"segment": "code_python_extra", "groups": 192, "rows": 29226, "code_attempts": 31622, "code_payload_bytes": 35313817}
{"segment": "code_java_extra", "groups": 377, "rows": 12421, "code_attempts": 12636, "code_payload_bytes": 10231422}
{"segment": "code_java_extra", "groups": 378, "rows": 12461, "code_attempts": 12676, "code_payload_bytes": 10260094}
{"segment": "code_java_extra", "groups": 379, "rows": 12493, "code_attempts": 12708, "code_payload_bytes": 10289917}
{"segment": "code_python_extra", "groups": 193, "rows": 29381, "code_attempts": 31786, "code_payload_bytes": 35492036}
{"segment": "code_java_extra", "groups": 380, "rows": 12526, "code_attempts": 12741, "code_payload_bytes": 10312389}
{"segment": "code_java_extra", "groups": 381, "rows": 12571, "code_attempts": 12786, "code_payload_bytes": 10344165}
{"segment": "code_python_extra", "groups": 194, "rows": 29536, "code_attempts": 31951, "code_payload_bytes": 35674291}
{"segment": "code_java_extra", "groups": 382, "rows": 12600, "code_attempts": 12816, "code_payload_bytes": 10368875}
{"segment": "code_java_extra", "groups": 383, "rows": 12638, "code_attempts": 12855, "code_payload_bytes": 10393787}
{"segment": "code_python_extra", "groups": 195, "rows": 29672, "code_attempts": 32102, "code_payload_bytes": 35856227}
{"segment": "code_java_extra", "groups": 384, "rows": 12668, "code_attempts": 12887, "code_payload_bytes": 10416538}
{"segment": "code_python_extra", "groups": 196, "rows": 29797, "code_attempts": 32240, "code_payload_bytes": 36005775}
{"segment": "code_java_extra", "groups": 385, "rows": 12704, "code_attempts": 12923, "code_payload_bytes": 10444462}
{"segment": "code_java_extra", "groups": 386, "rows": 12733, "code_attempts": 12953, "code_payload_bytes": 10461386}
{"segment": "code_python_extra", "groups": 197, "rows": 29962, "code_attempts": 32415, "code_payload_bytes": 36207580}
{"segment": "code_java_extra", "groups": 387, "rows": 12763, "code_attempts": 12984, "code_payload_bytes": 10484127}
{"segment": "code_java_extra", "groups": 388, "rows": 12793, "code_attempts": 13018, "code_payload_bytes": 10507531}
{"segment": "code_python_extra", "groups": 198, "rows": 30120, "code_attempts": 32588, "code_payload_bytes": 36387025}
{"segment": "code_java_extra", "groups": 389, "rows": 12813, "code_attempts": 13039, "code_payload_bytes": 10527475}
{"segment": "code_python_extra", "groups": 199, "rows": 30277, "code_attempts": 32756, "code_payload_bytes": 36567816}
{"segment": "code_java_extra", "groups": 390, "rows": 12851, "code_attempts": 13078, "code_payload_bytes": 10558804}
{"segment": "code_java_extra", "groups": 391, "rows": 12882, "code_attempts": 13109, "code_payload_bytes": 10578971}
{"segment": "code_java_extra", "groups": 392, "rows": 12904, "code_attempts": 13131, "code_payload_bytes": 10593315}
{"segment": "code_python_extra", "groups": 200, "rows": 30442, "code_attempts": 32935, "code_payload_bytes": 36757602}
{"segment": "code_java_extra", "groups": 393, "rows": 12923, "code_attempts": 13150, "code_payload_bytes": 10604858}
{"segment": "code_java_extra", "groups": 394, "rows": 12962, "code_attempts": 13189, "code_payload_bytes": 10632597}
{"segment": "code_python_extra", "groups": 201, "rows": 30596, "code_attempts": 33103, "code_payload_bytes": 36942467}
{"segment": "code_java_extra", "groups": 395, "rows": 12994, "code_attempts": 13221, "code_payload_bytes": 10663583}
{"segment": "code_java_extra", "groups": 396, "rows": 13026, "code_attempts": 13253, "code_payload_bytes": 10689647}
{"segment": "code_python_extra", "groups": 202, "rows": 30756, "code_attempts": 33277, "code_payload_bytes": 37126659}
{"segment": "code_java_extra", "groups": 397, "rows": 13057, "code_attempts": 13286, "code_payload_bytes": 10716671}
{"segment": "code_java_extra", "groups": 398, "rows": 13086, "code_attempts": 13316, "code_payload_bytes": 10742668}
{"segment": "code_python_extra", "groups": 203, "rows": 30896, "code_attempts": 33435, "code_payload_bytes": 37285760}
{"segment": "code_java_extra", "groups": 399, "rows": 13117, "code_attempts": 13348, "code_payload_bytes": 10768527}
{"segment": "code_java_extra", "groups": 400, "rows": 13155, "code_attempts": 13387, "code_payload_bytes": 10794897}
{"segment": "code_python_extra", "groups": 204, "rows": 31067, "code_attempts": 33612, "code_payload_bytes": 37488583}
{"segment": "code_java_extra", "groups": 401, "rows": 13179, "code_attempts": 13411, "code_payload_bytes": 10810733}
{"segment": "code_python_extra", "groups": 205, "rows": 31206, "code_attempts": 33766, "code_payload_bytes": 37641701}
{"segment": "code_java_extra", "groups": 402, "rows": 13211, "code_attempts": 13444, "code_payload_bytes": 10832823}
{"segment": "code_python_extra", "groups": 206, "rows": 31346, "code_attempts": 33918, "code_payload_bytes": 37783533}
{"segment": "code_java_extra", "groups": 403, "rows": 13239, "code_attempts": 13472, "code_payload_bytes": 10852682}
{"segment": "code_python_extra", "groups": 207, "rows": 31514, "code_attempts": 34094, "code_payload_bytes": 37979280}
{"segment": "code_java_extra", "groups": 404, "rows": 13266, "code_attempts": 13500, "code_payload_bytes": 10873981}
{"segment": "code_java_extra", "groups": 405, "rows": 13296, "code_attempts": 13530, "code_payload_bytes": 10905492}
{"segment": "code_python_extra", "groups": 208, "rows": 31657, "code_attempts": 34249, "code_payload_bytes": 38155651}
{"segment": "code_java_extra", "groups": 406, "rows": 13327, "code_attempts": 13561, "code_payload_bytes": 10924863}
{"segment": "code_python_extra", "groups": 209, "rows": 31814, "code_attempts": 34419, "code_payload_bytes": 38353985}
{"segment": "code_java_extra", "groups": 407, "rows": 13355, "code_attempts": 13589, "code_payload_bytes": 10945684}
{"segment": "code_python_extra", "groups": 210, "rows": 31967, "code_attempts": 34589, "code_payload_bytes": 38589639}
{"segment": "code_java_extra", "groups": 408, "rows": 13390, "code_attempts": 13624, "code_payload_bytes": 10977149}
{"segment": "code_java_extra", "groups": 409, "rows": 13430, "code_attempts": 13665, "code_payload_bytes": 11004753}
{"segment": "code_python_extra", "groups": 211, "rows": 32106, "code_attempts": 34742, "code_payload_bytes": 38769112}
{"segment": "code_java_extra", "groups": 410, "rows": 13466, "code_attempts": 13701, "code_payload_bytes": 11033410}
{"segment": "code_java_extra", "groups": 411, "rows": 13492, "code_attempts": 13727, "code_payload_bytes": 11057993}
{"segment": "code_python_extra", "groups": 212, "rows": 32258, "code_attempts": 34910, "code_payload_bytes": 38955361}
{"segment": "code_java_extra", "groups": 412, "rows": 13535, "code_attempts": 13771, "code_payload_bytes": 11092257}
{"segment": "code_java_extra", "groups": 413, "rows": 13566, "code_attempts": 13802, "code_payload_bytes": 11121560}
{"segment": "code_python_extra", "groups": 213, "rows": 32410, "code_attempts": 35081, "code_payload_bytes": 39161045}
{"segment": "code_java_extra", "groups": 414, "rows": 13602, "code_attempts": 13838, "code_payload_bytes": 11143318}
{"segment": "code_python_extra", "groups": 214, "rows": 32545, "code_attempts": 35233, "code_payload_bytes": 39346548}
{"segment": "code_java_extra", "groups": 415, "rows": 13629, "code_attempts": 13867, "code_payload_bytes": 11167435}
{"segment": "code_java_extra", "groups": 416, "rows": 13661, "code_attempts": 13899, "code_payload_bytes": 11190454}
{"segment": "code_java_extra", "groups": 417, "rows": 13698, "code_attempts": 13937, "code_payload_bytes": 11216015}
{"segment": "code_python_extra", "groups": 215, "rows": 32679, "code_attempts": 35382, "code_payload_bytes": 39519511}
{"segment": "code_java_extra", "groups": 418, "rows": 13727, "code_attempts": 13966, "code_payload_bytes": 11234736}
{"segment": "code_java_extra", "groups": 419, "rows": 13760, "code_attempts": 14000, "code_payload_bytes": 11263762}
{"segment": "code_python_extra", "groups": 216, "rows": 32832, "code_attempts": 35550, "code_payload_bytes": 39680844}
{"segment": "code_java_extra", "groups": 420, "rows": 13796, "code_attempts": 14036, "code_payload_bytes": 11290657}
{"segment": "code_java_extra", "groups": 421, "rows": 13828, "code_attempts": 14069, "code_payload_bytes": 11310694}
{"segment": "code_java_extra", "groups": 422, "rows": 13866, "code_attempts": 14108, "code_payload_bytes": 11338647}
{"segment": "code_python_extra", "groups": 217, "rows": 32994, "code_attempts": 35721, "code_payload_bytes": 39860616}
{"segment": "code_java_extra", "groups": 423, "rows": 13897, "code_attempts": 14139, "code_payload_bytes": 11362583}
{"segment": "code_python_extra", "groups": 218, "rows": 33134, "code_attempts": 35869, "code_payload_bytes": 40010836}
{"segment": "code_java_extra", "groups": 424, "rows": 13943, "code_attempts": 14186, "code_payload_bytes": 11391962}
{"segment": "code_python_extra", "groups": 219, "rows": 33288, "code_attempts": 36035, "code_payload_bytes": 40186037}
{"segment": "code_java_extra", "groups": 425, "rows": 13980, "code_attempts": 14223, "code_payload_bytes": 11418839}
{"segment": "code_python_extra", "groups": 220, "rows": 33464, "code_attempts": 36221, "code_payload_bytes": 40392913}
{"segment": "code_java_extra", "groups": 426, "rows": 14021, "code_attempts": 14264, "code_payload_bytes": 11450905}
{"segment": "code_java_extra", "groups": 427, "rows": 14057, "code_attempts": 14300, "code_payload_bytes": 11479651}
{"segment": "code_python_extra", "groups": 221, "rows": 33622, "code_attempts": 36397, "code_payload_bytes": 40592176}
{"segment": "code_java_extra", "groups": 428, "rows": 14092, "code_attempts": 14336, "code_payload_bytes": 11508500}
{"segment": "code_python_extra", "groups": 222, "rows": 33797, "code_attempts": 36586, "code_payload_bytes": 40777134}
{"segment": "code_java_extra", "groups": 429, "rows": 14123, "code_attempts": 14367, "code_payload_bytes": 11529865}
{"segment": "code_java_extra", "groups": 430, "rows": 14160, "code_attempts": 14404, "code_payload_bytes": 11554543}
{"segment": "code_python_extra", "groups": 223, "rows": 33952, "code_attempts": 36751, "code_payload_bytes": 40954406}
{"segment": "code_java_extra", "groups": 431, "rows": 14195, "code_attempts": 14439, "code_payload_bytes": 11578616}
{"segment": "code_python_extra", "groups": 224, "rows": 34106, "code_attempts": 36922, "code_payload_bytes": 41141696}
{"segment": "code_java_extra", "groups": 432, "rows": 14231, "code_attempts": 14475, "code_payload_bytes": 11606290}
{"segment": "code_python_extra", "groups": 225, "rows": 34256, "code_attempts": 37085, "code_payload_bytes": 41298761}
{"segment": "code_java_extra", "groups": 433, "rows": 14260, "code_attempts": 14504, "code_payload_bytes": 11633526}
{"segment": "code_java_extra", "groups": 434, "rows": 14286, "code_attempts": 14530, "code_payload_bytes": 11650953}
{"segment": "code_python_extra", "groups": 226, "rows": 34406, "code_attempts": 37245, "code_payload_bytes": 41477954}
{"segment": "code_java_extra", "groups": 435, "rows": 14322, "code_attempts": 14567, "code_payload_bytes": 11683635}
{"segment": "code_java_extra", "groups": 436, "rows": 14360, "code_attempts": 14606, "code_payload_bytes": 11710738}
{"segment": "code_java_extra", "groups": 437, "rows": 14395, "code_attempts": 14641, "code_payload_bytes": 11736933}
{"segment": "code_python_extra", "groups": 227, "rows": 34568, "code_attempts": 37419, "code_payload_bytes": 41669920}
{"segment": "code_java_extra", "groups": 438, "rows": 14423, "code_attempts": 14669, "code_payload_bytes": 11758329}
{"segment": "code_java_extra", "groups": 439, "rows": 14458, "code_attempts": 14704, "code_payload_bytes": 11783574}
{"segment": "code_java_extra", "groups": 440, "rows": 14500, "code_attempts": 14747, "code_payload_bytes": 11811992}
{"segment": "code_python_extra", "groups": 228, "rows": 34730, "code_attempts": 37596, "code_payload_bytes": 41853968}
{"segment": "code_java_extra", "groups": 441, "rows": 14540, "code_attempts": 14787, "code_payload_bytes": 11842751}
{"segment": "code_java_extra", "groups": 442, "rows": 14562, "code_attempts": 14810, "code_payload_bytes": 11858120}
{"segment": "code_python_extra", "groups": 229, "rows": 34890, "code_attempts": 37767, "code_payload_bytes": 42038504}
{"segment": "code_java_extra", "groups": 443, "rows": 14590, "code_attempts": 14839, "code_payload_bytes": 11877084}
{"segment": "code_java_extra", "groups": 444, "rows": 14615, "code_attempts": 14864, "code_payload_bytes": 11901543}
{"segment": "code_python_extra", "groups": 230, "rows": 35034, "code_attempts": 37928, "code_payload_bytes": 42198312}
{"segment": "code_java_extra", "groups": 445, "rows": 14652, "code_attempts": 14901, "code_payload_bytes": 11936781}
{"segment": "code_python_extra", "groups": 231, "rows": 35185, "code_attempts": 38093, "code_payload_bytes": 42378915}
{"segment": "code_java_extra", "groups": 446, "rows": 14686, "code_attempts": 14936, "code_payload_bytes": 11964467}
{"segment": "code_java_extra", "groups": 447, "rows": 14723, "code_attempts": 14975, "code_payload_bytes": 11992173}
{"segment": "code_python_extra", "groups": 232, "rows": 35346, "code_attempts": 38269, "code_payload_bytes": 42608434}
{"segment": "code_java_extra", "groups": 448, "rows": 14745, "code_attempts": 14998, "code_payload_bytes": 12011393}
{"segment": "code_java_extra", "groups": 449, "rows": 14771, "code_attempts": 15025, "code_payload_bytes": 12029253}
{"segment": "code_java_extra", "groups": 450, "rows": 14794, "code_attempts": 15049, "code_payload_bytes": 12044958}
{"segment": "code_java_extra", "groups": 451, "rows": 14825, "code_attempts": 15080, "code_payload_bytes": 12076810}
{"segment": "code_python_extra", "groups": 233, "rows": 35487, "code_attempts": 38420, "code_payload_bytes": 42749048}
{"segment": "code_java_extra", "groups": 452, "rows": 14851, "code_attempts": 15106, "code_payload_bytes": 12098853}
{"segment": "code_java_extra", "groups": 453, "rows": 14902, "code_attempts": 15157, "code_payload_bytes": 12137832}
{"segment": "code_java_extra", "groups": 454, "rows": 14920, "code_attempts": 15175, "code_payload_bytes": 12153225}
{"segment": "code_java_extra", "groups": 455, "rows": 14962, "code_attempts": 15218, "code_payload_bytes": 12190863}
{"segment": "code_java_extra", "groups": 456, "rows": 15002, "code_attempts": 15259, "code_payload_bytes": 12218024}
{"segment": "code_java_extra", "groups": 457, "rows": 15034, "code_attempts": 15292, "code_payload_bytes": 12250093}
{"segment": "code_java_extra", "groups": 458, "rows": 15064, "code_attempts": 15323, "code_payload_bytes": 12276117}
{"segment": "code_java_extra", "groups": 459, "rows": 15095, "code_attempts": 15355, "code_payload_bytes": 12304510}
{"segment": "code_java_extra", "groups": 460, "rows": 15130, "code_attempts": 15392, "code_payload_bytes": 12332860}
{"segment": "code_java_extra", "groups": 461, "rows": 15169, "code_attempts": 15431, "code_payload_bytes": 12361248}
{"segment": "code_java_extra", "groups": 462, "rows": 15202, "code_attempts": 15464, "code_payload_bytes": 12394729}
{"segment": "code_java_extra", "groups": 463, "rows": 15234, "code_attempts": 15497, "code_payload_bytes": 12422189}
{"segment": "code_java_extra", "groups": 464, "rows": 15261, "code_attempts": 15526, "code_payload_bytes": 12447024}
{"segment": "code_java_extra", "groups": 465, "rows": 15294, "code_attempts": 15560, "code_payload_bytes": 12484416}
{"segment": "code_java_extra", "groups": 466, "rows": 15324, "code_attempts": 15590, "code_payload_bytes": 12520056}
{"segment": "code_java_extra", "groups": 467, "rows": 15349, "code_attempts": 15615, "code_payload_bytes": 12539984}
{"segment": "code_java_extra", "groups": 468, "rows": 15376, "code_attempts": 15643, "code_payload_bytes": 12563105}
{"segment": "code_java_extra", "groups": 469, "rows": 15404, "code_attempts": 15672, "code_payload_bytes": 12590552}
{"segment": "code_java_extra", "groups": 470, "rows": 15442, "code_attempts": 15711, "code_payload_bytes": 12617382}
{"segment": "code_java_extra", "groups": 471, "rows": 15471, "code_attempts": 15740, "code_payload_bytes": 12641255}
{"segment": "code_java_extra", "groups": 472, "rows": 15494, "code_attempts": 15763, "code_payload_bytes": 12659583}
{"segment": "code_java_extra", "groups": 473, "rows": 15527, "code_attempts": 15797, "code_payload_bytes": 12684722}
{"segment": "code_java_extra", "groups": 474, "rows": 15566, "code_attempts": 15837, "code_payload_bytes": 12715678}
{"segment": "code_java_extra", "groups": 475, "rows": 15607, "code_attempts": 15878, "code_payload_bytes": 12746289}
{"segment": "code_java_extra", "groups": 476, "rows": 15639, "code_attempts": 15910, "code_payload_bytes": 12765507}
{"segment": "code_java_extra", "groups": 477, "rows": 15671, "code_attempts": 15943, "code_payload_bytes": 12791446}
{"segment": "code_java_extra", "groups": 478, "rows": 15706, "code_attempts": 15978, "code_payload_bytes": 12822006}
{"segment": "code_java_extra", "groups": 479, "rows": 15732, "code_attempts": 16006, "code_payload_bytes": 12843328}
{"segment": "code_java_extra", "groups": 480, "rows": 15758, "code_attempts": 16032, "code_payload_bytes": 12863935}
{"segment": "code_java_extra", "groups": 481, "rows": 15792, "code_attempts": 16066, "code_payload_bytes": 12889033}
{"segment": "code_java_extra", "groups": 482, "rows": 15823, "code_attempts": 16098, "code_payload_bytes": 12916607}
{"segment": "code_java_extra", "groups": 483, "rows": 15871, "code_attempts": 16147, "code_payload_bytes": 12954970}
{"segment": "code_java_extra", "groups": 484, "rows": 15901, "code_attempts": 16178, "code_payload_bytes": 12976957}
{"segment": "code_java_extra", "groups": 485, "rows": 15936, "code_attempts": 16214, "code_payload_bytes": 13011660}
{"segment": "code_java_extra", "groups": 486, "rows": 15972, "code_attempts": 16250, "code_payload_bytes": 13036796}
{"segment": "code_java_extra", "groups": 487, "rows": 16010, "code_attempts": 16288, "code_payload_bytes": 13066768}
{"segment": "code_python_extra", "groups": 234, "rows": 35633, "code_attempts": 38571, "code_payload_bytes": 42918593}
{"segment": "code_java_extra", "groups": 488, "rows": 16040, "code_attempts": 16318, "code_payload_bytes": 13091865}
{"segment": "code_java_extra", "groups": 489, "rows": 16074, "code_attempts": 16352, "code_payload_bytes": 13121210}
{"segment": "code_java_extra", "groups": 490, "rows": 16102, "code_attempts": 16380, "code_payload_bytes": 13139706}
{"segment": "code_python_extra", "groups": 235, "rows": 35774, "code_attempts": 38722, "code_payload_bytes": 43084408}
{"segment": "code_java_extra", "groups": 491, "rows": 16131, "code_attempts": 16409, "code_payload_bytes": 13163206}
{"segment": "code_java_extra", "groups": 492, "rows": 16166, "code_attempts": 16444, "code_payload_bytes": 13193546}
{"segment": "code_python_extra", "groups": 236, "rows": 35926, "code_attempts": 38893, "code_payload_bytes": 43291633}
{"segment": "code_java_extra", "groups": 493, "rows": 16201, "code_attempts": 16480, "code_payload_bytes": 13219586}
{"segment": "code_python_extra", "groups": 237, "rows": 36077, "code_attempts": 39055, "code_payload_bytes": 43469861}
{"segment": "code_java_extra", "groups": 494, "rows": 16237, "code_attempts": 16516, "code_payload_bytes": 13249950}
{"segment": "code_java_extra", "groups": 495, "rows": 16267, "code_attempts": 16547, "code_payload_bytes": 13273733}
{"segment": "code_java_extra", "groups": 496, "rows": 16288, "code_attempts": 16570, "code_payload_bytes": 13296156}
{"segment": "code_python_extra", "groups": 238, "rows": 36213, "code_attempts": 39201, "code_payload_bytes": 43615859}
{"segment": "code_java_extra", "groups": 497, "rows": 16323, "code_attempts": 16605, "code_payload_bytes": 13322867}
{"segment": "code_python_extra", "groups": 239, "rows": 36379, "code_attempts": 39386, "code_payload_bytes": 43795951}
{"segment": "code_java_extra", "groups": 498, "rows": 16353, "code_attempts": 16635, "code_payload_bytes": 13342006}
{"segment": "code_java_extra", "groups": 499, "rows": 16393, "code_attempts": 16676, "code_payload_bytes": 13374967}
{"segment": "code_python_extra", "groups": 240, "rows": 36544, "code_attempts": 39565, "code_payload_bytes": 43960399}
{"segment": "code_java_extra", "groups": 500, "rows": 16430, "code_attempts": 16715, "code_payload_bytes": 13405827}
{"segment": "code_java_extra", "groups": 501, "rows": 16466, "code_attempts": 16751, "code_payload_bytes": 13431476}
{"segment": "code_python_extra", "groups": 241, "rows": 36694, "code_attempts": 39729, "code_payload_bytes": 44147046}
{"segment": "code_java_extra", "groups": 502, "rows": 16506, "code_attempts": 16791, "code_payload_bytes": 13469993}
{"segment": "code_java_extra", "groups": 503, "rows": 16546, "code_attempts": 16831, "code_payload_bytes": 13504054}
{"segment": "code_python_extra", "groups": 242, "rows": 36841, "code_attempts": 39890, "code_payload_bytes": 44337649}
{"segment": "code_java_extra", "groups": 504, "rows": 16576, "code_attempts": 16862, "code_payload_bytes": 13523856}
{"segment": "code_java_extra", "groups": 505, "rows": 16613, "code_attempts": 16899, "code_payload_bytes": 13551460}
{"segment": "code_python_extra", "groups": 243, "rows": 36992, "code_attempts": 40054, "code_payload_bytes": 44505967}
{"segment": "code_java_extra", "groups": 506, "rows": 16644, "code_attempts": 16930, "code_payload_bytes": 13577824}
{"segment": "code_java_extra", "groups": 507, "rows": 16673, "code_attempts": 16961, "code_payload_bytes": 13608368}
{"segment": "code_python_extra", "groups": 244, "rows": 37148, "code_attempts": 40221, "code_payload_bytes": 44699860}
{"segment": "code_java_extra", "groups": 508, "rows": 16699, "code_attempts": 16987, "code_payload_bytes": 13627823}
{"segment": "code_java_extra", "groups": 509, "rows": 16725, "code_attempts": 17014, "code_payload_bytes": 13644363}
{"segment": "code_java_extra", "groups": 510, "rows": 16759, "code_attempts": 17048, "code_payload_bytes": 13664649}
{"segment": "code_python_extra", "groups": 245, "rows": 37312, "code_attempts": 40392, "code_payload_bytes": 44909224}
{"segment": "code_java_extra", "groups": 511, "rows": 16788, "code_attempts": 17077, "code_payload_bytes": 13694641}
{"segment": "code_java_extra", "groups": 512, "rows": 16818, "code_attempts": 17108, "code_payload_bytes": 13719506}
{"segment": "code_python_extra", "groups": 246, "rows": 37461, "code_attempts": 40558, "code_payload_bytes": 45079368}
{"segment": "code_java_extra", "groups": 513, "rows": 16855, "code_attempts": 17145, "code_payload_bytes": 13751202}
{"segment": "code_java_extra", "groups": 514, "rows": 16895, "code_attempts": 17186, "code_payload_bytes": 13790007}
{"segment": "code_python_extra", "groups": 247, "rows": 37619, "code_attempts": 40729, "code_payload_bytes": 45273249}
{"segment": "code_java_extra", "groups": 515, "rows": 16920, "code_attempts": 17212, "code_payload_bytes": 13818126}
{"segment": "code_java_extra", "groups": 516, "rows": 16956, "code_attempts": 17248, "code_payload_bytes": 13846276}
{"segment": "code_python_extra", "groups": 248, "rows": 37792, "code_attempts": 40912, "code_payload_bytes": 45475810}
{"segment": "code_java_extra", "groups": 517, "rows": 16988, "code_attempts": 17280, "code_payload_bytes": 13870280}
{"segment": "code_java_extra", "groups": 518, "rows": 17021, "code_attempts": 17314, "code_payload_bytes": 13909678}
{"segment": "code_java_extra", "groups": 519, "rows": 17054, "code_attempts": 17347, "code_payload_bytes": 13932860}
{"segment": "code_java_extra", "groups": 520, "rows": 17089, "code_attempts": 17382, "code_payload_bytes": 13958978}
{"segment": "code_python_extra", "groups": 249, "rows": 37928, "code_attempts": 41060, "code_payload_bytes": 45625842}
{"segment": "code_java_extra", "groups": 521, "rows": 17120, "code_attempts": 17413, "code_payload_bytes": 13980344}
{"segment": "code_python_extra", "groups": 250, "rows": 38069, "code_attempts": 41214, "code_payload_bytes": 45798926}
{"segment": "code_java_extra", "groups": 522, "rows": 17150, "code_attempts": 17443, "code_payload_bytes": 14002553}
{"segment": "code_java_extra", "groups": 523, "rows": 17181, "code_attempts": 17475, "code_payload_bytes": 14030292}
{"segment": "code_java_extra", "groups": 524, "rows": 17213, "code_attempts": 17508, "code_payload_bytes": 14055433}
{"segment": "code_java_extra", "groups": 525, "rows": 17252, "code_attempts": 17548, "code_payload_bytes": 14087493}
{"segment": "code_python_extra", "groups": 251, "rows": 38219, "code_attempts": 41377, "code_payload_bytes": 45986441}
{"segment": "code_python_extra", "groups": 252, "rows": 38350, "code_attempts": 41530, "code_payload_bytes": 46126624}
{"segment": "code_java_extra", "groups": 526, "rows": 17280, "code_attempts": 17577, "code_payload_bytes": 14108534}
{"segment": "code_java_extra", "groups": 527, "rows": 17308, "code_attempts": 17606, "code_payload_bytes": 14133347}
{"segment": "code_java_extra", "groups": 528, "rows": 17337, "code_attempts": 17636, "code_payload_bytes": 14159188}
{"segment": "code_python_extra", "groups": 253, "rows": 38524, "code_attempts": 41712, "code_payload_bytes": 46300346}
{"segment": "code_java_extra", "groups": 529, "rows": 17374, "code_attempts": 17675, "code_payload_bytes": 14186108}
{"segment": "code_java_extra", "groups": 530, "rows": 17409, "code_attempts": 17710, "code_payload_bytes": 14214453}
{"segment": "code_python_extra", "groups": 254, "rows": 38672, "code_attempts": 41875, "code_payload_bytes": 46484641}
{"segment": "code_java_extra", "groups": 531, "rows": 17443, "code_attempts": 17744, "code_payload_bytes": 14253049}
{"segment": "code_python_extra", "groups": 255, "rows": 38844, "code_attempts": 42065, "code_payload_bytes": 46680295}
{"segment": "code_java_extra", "groups": 532, "rows": 17473, "code_attempts": 17776, "code_payload_bytes": 14281904}
{"segment": "code_java_extra", "groups": 533, "rows": 17509, "code_attempts": 17813, "code_payload_bytes": 14308736}
{"segment": "code_python_extra", "groups": 256, "rows": 38978, "code_attempts": 42211, "code_payload_bytes": 46858117}
{"segment": "code_java_extra", "groups": 534, "rows": 17545, "code_attempts": 17849, "code_payload_bytes": 14339064}
{"segment": "code_python_extra", "groups": 257, "rows": 39115, "code_attempts": 42359, "code_payload_bytes": 47004699}
{"segment": "code_java_extra", "groups": 535, "rows": 17578, "code_attempts": 17882, "code_payload_bytes": 14363946}
{"segment": "code_java_extra", "groups": 536, "rows": 17621, "code_attempts": 17925, "code_payload_bytes": 14404326}
{"segment": "code_python_extra", "groups": 258, "rows": 39264, "code_attempts": 42527, "code_payload_bytes": 47191838}
{"segment": "code_java_extra", "groups": 537, "rows": 17658, "code_attempts": 17965, "code_payload_bytes": 14431183}
{"segment": "code_java_extra", "groups": 538, "rows": 17691, "code_attempts": 17998, "code_payload_bytes": 14457733}
{"segment": "code_python_extra", "groups": 259, "rows": 39425, "code_attempts": 42701, "code_payload_bytes": 47398437}
{"segment": "code_java_extra", "groups": 539, "rows": 17726, "code_attempts": 18033, "code_payload_bytes": 14484026}
{"segment": "code_java_extra", "groups": 540, "rows": 17758, "code_attempts": 18065, "code_payload_bytes": 14507330}
{"segment": "code_java_extra", "groups": 541, "rows": 17794, "code_attempts": 18101, "code_payload_bytes": 14542515}
{"segment": "code_python_extra", "groups": 260, "rows": 39588, "code_attempts": 42884, "code_payload_bytes": 47608934}
{"segment": "code_java_extra", "groups": 542, "rows": 17826, "code_attempts": 18134, "code_payload_bytes": 14567322}
{"segment": "code_python_extra", "groups": 261, "rows": 39741, "code_attempts": 43050, "code_payload_bytes": 47781563}
{"segment": "code_java_extra", "groups": 543, "rows": 17853, "code_attempts": 18162, "code_payload_bytes": 14586425}
{"segment": "code_python_extra", "groups": 262, "rows": 39886, "code_attempts": 43207, "code_payload_bytes": 47947735}
{"segment": "code_java_extra", "groups": 544, "rows": 17888, "code_attempts": 18197, "code_payload_bytes": 14616009}
{"segment": "code_java_extra", "groups": 545, "rows": 17924, "code_attempts": 18235, "code_payload_bytes": 14652613}
{"segment": "code_python_extra", "groups": 263, "rows": 40033, "code_attempts": 43365, "code_payload_bytes": 48141908}
{"segment": "code_java_extra", "groups": 546, "rows": 17948, "code_attempts": 18259, "code_payload_bytes": 14671422}
{"segment": "code_python_extra", "groups": 264, "rows": 40189, "code_attempts": 43527, "code_payload_bytes": 48344958}
{"segment": "code_java_extra", "groups": 547, "rows": 17985, "code_attempts": 18296, "code_payload_bytes": 14699087}
{"segment": "code_java_extra", "groups": 548, "rows": 18005, "code_attempts": 18316, "code_payload_bytes": 14716058}
{"segment": "code_java_extra", "groups": 549, "rows": 18038, "code_attempts": 18350, "code_payload_bytes": 14738292}
{"segment": "code_python_extra", "groups": 265, "rows": 40363, "code_attempts": 43715, "code_payload_bytes": 48534655}
{"segment": "code_java_extra", "groups": 550, "rows": 18076, "code_attempts": 18389, "code_payload_bytes": 14763251}
{"segment": "code_python_extra", "groups": 266, "rows": 40498, "code_attempts": 43866, "code_payload_bytes": 48730406}
{"segment": "code_java_extra", "groups": 551, "rows": 18120, "code_attempts": 18433, "code_payload_bytes": 14795229}
{"segment": "code_java_extra", "groups": 552, "rows": 18162, "code_attempts": 18475, "code_payload_bytes": 14838064}
{"segment": "code_python_extra", "groups": 267, "rows": 40656, "code_attempts": 44036, "code_payload_bytes": 48924686}
{"segment": "code_java_extra", "groups": 553, "rows": 18204, "code_attempts": 18517, "code_payload_bytes": 14870536}
{"segment": "code_python_extra", "groups": 268, "rows": 40810, "code_attempts": 44201, "code_payload_bytes": 49116314}
{"segment": "code_java_extra", "groups": 554, "rows": 18239, "code_attempts": 18553, "code_payload_bytes": 14900436}
{"segment": "code_java_extra", "groups": 555, "rows": 18268, "code_attempts": 18583, "code_payload_bytes": 14925878}
{"segment": "code_python_extra", "groups": 269, "rows": 40962, "code_attempts": 44373, "code_payload_bytes": 49316799}
{"segment": "code_java_extra", "groups": 556, "rows": 18294, "code_attempts": 18610, "code_payload_bytes": 14946405}
{"segment": "code_java_extra", "groups": 557, "rows": 18326, "code_attempts": 18643, "code_payload_bytes": 14971624}
{"segment": "code_java_extra", "groups": 558, "rows": 18358, "code_attempts": 18677, "code_payload_bytes": 14996873}
{"segment": "code_python_extra", "groups": 270, "rows": 41107, "code_attempts": 44530, "code_payload_bytes": 49491264}
{"segment": "code_java_extra", "groups": 559, "rows": 18385, "code_attempts": 18707, "code_payload_bytes": 15019785}
{"segment": "code_python_extra", "groups": 271, "rows": 41253, "code_attempts": 44690, "code_payload_bytes": 49657880}
{"segment": "code_java_extra", "groups": 560, "rows": 18424, "code_attempts": 18746, "code_payload_bytes": 15048056}
{"segment": "code_python_extra", "groups": 272, "rows": 41399, "code_attempts": 44848, "code_payload_bytes": 49821366}
{"segment": "code_java_extra", "groups": 561, "rows": 18461, "code_attempts": 18783, "code_payload_bytes": 15076923}
{"segment": "code_java_extra", "groups": 562, "rows": 18499, "code_attempts": 18825, "code_payload_bytes": 15112840}
{"segment": "code_python_extra", "groups": 273, "rows": 41540, "code_attempts": 45005, "code_payload_bytes": 50010172}
{"segment": "code_java_extra", "groups": 563, "rows": 18534, "code_attempts": 18860, "code_payload_bytes": 15140090}
{"segment": "code_java_extra", "groups": 564, "rows": 18572, "code_attempts": 18898, "code_payload_bytes": 15172125}
{"segment": "code_python_extra", "groups": 274, "rows": 41698, "code_attempts": 45180, "code_payload_bytes": 50204509}
{"segment": "code_java_extra", "groups": 565, "rows": 18619, "code_attempts": 18945, "code_payload_bytes": 15213325}
{"segment": "code_java_extra", "groups": 566, "rows": 18653, "code_attempts": 18979, "code_payload_bytes": 15242930}
{"segment": "code_python_extra", "groups": 275, "rows": 41841, "code_attempts": 45337, "code_payload_bytes": 50404068}
{"segment": "code_java_extra", "groups": 567, "rows": 18695, "code_attempts": 19021, "code_payload_bytes": 15274909}
{"segment": "code_java_extra", "groups": 568, "rows": 18725, "code_attempts": 19052, "code_payload_bytes": 15311357}
{"segment": "code_java_extra", "groups": 569, "rows": 18769, "code_attempts": 19096, "code_payload_bytes": 15343815}
{"segment": "code_python_extra", "groups": 276, "rows": 42002, "code_attempts": 45505, "code_payload_bytes": 50562885}
{"segment": "code_java_extra", "groups": 570, "rows": 18799, "code_attempts": 19126, "code_payload_bytes": 15365510}
{"segment": "code_java_extra", "groups": 571, "rows": 18830, "code_attempts": 19158, "code_payload_bytes": 15386062}
{"segment": "code_java_extra", "groups": 572, "rows": 18864, "code_attempts": 19193, "code_payload_bytes": 15410858}
{"segment": "code_python_extra", "groups": 277, "rows": 42146, "code_attempts": 45662, "code_payload_bytes": 50745708}
{"segment": "code_java_extra", "groups": 573, "rows": 18888, "code_attempts": 19217, "code_payload_bytes": 15429508}
{"segment": "code_java_extra", "groups": 574, "rows": 18915, "code_attempts": 19244, "code_payload_bytes": 15452305}
{"segment": "code_python_extra", "groups": 278, "rows": 42298, "code_attempts": 45825, "code_payload_bytes": 50919120}
{"segment": "code_java_extra", "groups": 575, "rows": 18941, "code_attempts": 19270, "code_payload_bytes": 15475771}
{"segment": "code_java_extra", "groups": 576, "rows": 18977, "code_attempts": 19306, "code_payload_bytes": 15506318}
{"segment": "code_java_extra", "groups": 577, "rows": 19006, "code_attempts": 19336, "code_payload_bytes": 15528345}
{"segment": "code_java_extra", "groups": 578, "rows": 19041, "code_attempts": 19372, "code_payload_bytes": 15556078}
{"segment": "code_python_extra", "groups": 279, "rows": 42453, "code_attempts": 45992, "code_payload_bytes": 51080802}
{"segment": "code_java_extra", "groups": 579, "rows": 19081, "code_attempts": 19413, "code_payload_bytes": 15581170}
{"segment": "code_python_extra", "groups": 280, "rows": 42593, "code_attempts": 46145, "code_payload_bytes": 51257655}
{"segment": "code_java_extra", "groups": 580, "rows": 19123, "code_attempts": 19456, "code_payload_bytes": 15618580}
{"segment_id": "code_java_extra", "logical_source_id": "code_java", "status": "RAW_SEGMENT_READY", "rows_written": 19123, "output_bytes": 17658912, "error_type": null, "stop_reason": null}
{"segment": "code_python_extra", "groups": 281, "rows": 42724, "code_attempts": 46287, "code_payload_bytes": 51424422}
{"segment": "code_python_extra", "groups": 282, "rows": 42870, "code_attempts": 46444, "code_payload_bytes": 51575190}
{"segment": "code_python_extra", "groups": 283, "rows": 43016, "code_attempts": 46598, "code_payload_bytes": 51735328}
{"segment": "code_python_extra", "groups": 284, "rows": 43156, "code_attempts": 46754, "code_payload_bytes": 51911592}
{"segment": "code_python_extra", "groups": 285, "rows": 43298, "code_attempts": 46905, "code_payload_bytes": 52076724}
{"segment": "code_python_extra", "groups": 286, "rows": 43442, "code_attempts": 47062, "code_payload_bytes": 52253231}
{"segment": "code_python_extra", "groups": 287, "rows": 43597, "code_attempts": 47225, "code_payload_bytes": 52432760}
{"segment": "code_python_extra", "groups": 288, "rows": 43743, "code_attempts": 47383, "code_payload_bytes": 52669697}
{"segment": "code_python_extra", "groups": 289, "rows": 43887, "code_attempts": 47540, "code_payload_bytes": 52855716}
{"segment": "code_python_extra", "groups": 290, "rows": 44035, "code_attempts": 47697, "code_payload_bytes": 53057544}
{"segment": "code_python_extra", "groups": 291, "rows": 44176, "code_attempts": 47850, "code_payload_bytes": 53260885}
{"segment": "code_python_extra", "groups": 292, "rows": 44293, "code_attempts": 47974, "code_payload_bytes": 53416561}
{"segment": "code_python_extra", "groups": 293, "rows": 44448, "code_attempts": 48150, "code_payload_bytes": 53615594}
{"segment": "code_python_extra", "groups": 294, "rows": 44595, "code_attempts": 48304, "code_payload_bytes": 53781412}
{"segment": "code_python_extra", "groups": 295, "rows": 44743, "code_attempts": 48463, "code_payload_bytes": 53946924}
{"segment": "code_python_extra", "groups": 296, "rows": 44879, "code_attempts": 48616, "code_payload_bytes": 54101371}
{"segment": "code_python_extra", "groups": 297, "rows": 45030, "code_attempts": 48776, "code_payload_bytes": 54259516}
{"segment": "code_python_extra", "groups": 298, "rows": 45175, "code_attempts": 48936, "code_payload_bytes": 54443441}
{"segment": "code_python_extra", "groups": 299, "rows": 45330, "code_attempts": 49102, "code_payload_bytes": 54614557}
{"segment": "code_python_extra", "groups": 300, "rows": 45516, "code_attempts": 49296, "code_payload_bytes": 54852134}
{"segment": "code_python_extra", "groups": 301, "rows": 45681, "code_attempts": 49473, "code_payload_bytes": 55072335}
{"segment": "code_python_extra", "groups": 302, "rows": 45844, "code_attempts": 49644, "code_payload_bytes": 55259271}
{"segment": "code_python_extra", "groups": 303, "rows": 45990, "code_attempts": 49809, "code_payload_bytes": 55433371}
{"segment": "code_python_extra", "groups": 304, "rows": 46138, "code_attempts": 49970, "code_payload_bytes": 55625553}
{"segment": "code_python_extra", "groups": 305, "rows": 46287, "code_attempts": 50127, "code_payload_bytes": 55814083}
{"segment": "code_python_extra", "groups": 306, "rows": 46438, "code_attempts": 50297, "code_payload_bytes": 55998291}
{"segment": "code_python_extra", "groups": 307, "rows": 46580, "code_attempts": 50452, "code_payload_bytes": 56148796}
{"segment": "code_python_extra", "groups": 308, "rows": 46734, "code_attempts": 50614, "code_payload_bytes": 56298456}
{"segment": "code_python_extra", "groups": 309, "rows": 46876, "code_attempts": 50769, "code_payload_bytes": 56458897}
{"segment": "code_python_extra", "groups": 310, "rows": 47040, "code_attempts": 50946, "code_payload_bytes": 56672183}
{"segment": "code_python_extra", "groups": 311, "rows": 47203, "code_attempts": 51122, "code_payload_bytes": 56854321}
{"segment": "code_python_extra", "groups": 312, "rows": 47336, "code_attempts": 51266, "code_payload_bytes": 57014593}
{"segment": "code_python_extra", "groups": 313, "rows": 47493, "code_attempts": 51441, "code_payload_bytes": 57267302}
{"segment": "code_python_extra", "groups": 314, "rows": 47648, "code_attempts": 51612, "code_payload_bytes": 57460531}
{"segment": "code_python_extra", "groups": 315, "rows": 47806, "code_attempts": 51776, "code_payload_bytes": 57651107}
{"segment": "code_python_extra", "groups": 316, "rows": 47962, "code_attempts": 51944, "code_payload_bytes": 57863294}
{"segment": "code_python_extra", "groups": 317, "rows": 48123, "code_attempts": 52126, "code_payload_bytes": 58062940}
{"segment": "code_python_extra", "groups": 318, "rows": 48276, "code_attempts": 52294, "code_payload_bytes": 58267271}
{"segment": "code_python_extra", "groups": 319, "rows": 48409, "code_attempts": 52444, "code_payload_bytes": 58411927}
{"segment": "code_python_extra", "groups": 320, "rows": 48555, "code_attempts": 52608, "code_payload_bytes": 58622567}
{"segment": "code_python_extra", "groups": 321, "rows": 48703, "code_attempts": 52768, "code_payload_bytes": 58819043}
{"segment": "code_python_extra", "groups": 322, "rows": 48870, "code_attempts": 52953, "code_payload_bytes": 59043846}
{"segment": "code_python_extra", "groups": 323, "rows": 49007, "code_attempts": 53100, "code_payload_bytes": 59193572}
{"segment": "code_python_extra", "groups": 324, "rows": 49159, "code_attempts": 53267, "code_payload_bytes": 59370790}
{"segment": "code_python_extra", "groups": 325, "rows": 49320, "code_attempts": 53439, "code_payload_bytes": 59585264}
{"segment": "code_python_extra", "groups": 326, "rows": 49483, "code_attempts": 53613, "code_payload_bytes": 59773329}
{"segment": "code_python_extra", "groups": 327, "rows": 49615, "code_attempts": 53761, "code_payload_bytes": 59944407}
{"segment": "code_python_extra", "groups": 328, "rows": 49774, "code_attempts": 53930, "code_payload_bytes": 60135401}
{"segment": "code_python_extra", "groups": 329, "rows": 49924, "code_attempts": 54090, "code_payload_bytes": 60313141}
{"segment": "code_python_extra", "groups": 330, "rows": 50069, "code_attempts": 54251, "code_payload_bytes": 60473597}
{"segment": "code_python_extra", "groups": 331, "rows": 50210, "code_attempts": 54408, "code_payload_bytes": 60642899}
{"segment": "code_python_extra", "groups": 332, "rows": 50359, "code_attempts": 54566, "code_payload_bytes": 60891668}
{"segment": "code_python_extra", "groups": 333, "rows": 50509, "code_attempts": 54725, "code_payload_bytes": 61042904}
{"segment": "code_python_extra", "groups": 334, "rows": 50668, "code_attempts": 54895, "code_payload_bytes": 61257013}
{"segment": "code_python_extra", "groups": 335, "rows": 50824, "code_attempts": 55066, "code_payload_bytes": 61426620}
{"segment": "code_python_extra", "groups": 336, "rows": 50960, "code_attempts": 55219, "code_payload_bytes": 61575989}
{"segment": "code_python_extra", "groups": 337, "rows": 51127, "code_attempts": 55402, "code_payload_bytes": 61777570}
{"segment": "code_python_extra", "groups": 338, "rows": 51279, "code_attempts": 55566, "code_payload_bytes": 61926201}
{"segment": "code_python_extra", "groups": 339, "rows": 51426, "code_attempts": 55726, "code_payload_bytes": 62090471}
{"segment": "code_python_extra", "groups": 340, "rows": 51574, "code_attempts": 55889, "code_payload_bytes": 62258270}
{"segment": "code_python_extra", "groups": 341, "rows": 51734, "code_attempts": 56058, "code_payload_bytes": 62454103}
{"segment": "code_python_extra", "groups": 342, "rows": 51881, "code_attempts": 56218, "code_payload_bytes": 62652014}
{"segment": "code_python_extra", "groups": 343, "rows": 52031, "code_attempts": 56375, "code_payload_bytes": 62825443}
{"segment": "code_python_extra", "groups": 344, "rows": 52200, "code_attempts": 56556, "code_payload_bytes": 63007344}
{"segment": "code_python_extra", "groups": 345, "rows": 52381, "code_attempts": 56756, "code_payload_bytes": 63258554}
{"segment": "code_python_extra", "groups": 346, "rows": 52561, "code_attempts": 56946, "code_payload_bytes": 63449360}
{"segment": "code_python_extra", "groups": 347, "rows": 52711, "code_attempts": 57116, "code_payload_bytes": 63624472}
{"segment": "code_python_extra", "groups": 348, "rows": 52845, "code_attempts": 57261, "code_payload_bytes": 63777168}
{"segment": "code_python_extra", "groups": 349, "rows": 53012, "code_attempts": 57435, "code_payload_bytes": 63955112}
{"segment": "code_python_extra", "groups": 350, "rows": 53162, "code_attempts": 57590, "code_payload_bytes": 64103777}
{"segment": "code_python_extra", "groups": 351, "rows": 53301, "code_attempts": 57743, "code_payload_bytes": 64261611}
{"segment": "code_python_extra", "groups": 352, "rows": 53439, "code_attempts": 57898, "code_payload_bytes": 64418169}
{"segment": "code_python_extra", "groups": 353, "rows": 53578, "code_attempts": 58051, "code_payload_bytes": 64606526}
{"segment": "code_python_extra", "groups": 354, "rows": 53710, "code_attempts": 58197, "code_payload_bytes": 64755529}
{"segment": "code_python_extra", "groups": 355, "rows": 53855, "code_attempts": 58352, "code_payload_bytes": 64936758}
{"segment": "code_python_extra", "groups": 356, "rows": 54018, "code_attempts": 58527, "code_payload_bytes": 65100931}
{"segment": "code_python_extra", "groups": 357, "rows": 54159, "code_attempts": 58680, "code_payload_bytes": 65261891}
{"segment": "code_python_extra", "groups": 358, "rows": 54328, "code_attempts": 58862, "code_payload_bytes": 65452789}
{"segment": "code_python_extra", "groups": 359, "rows": 54469, "code_attempts": 59012, "code_payload_bytes": 65624230}
{"segment": "code_python_extra", "groups": 360, "rows": 54611, "code_attempts": 59165, "code_payload_bytes": 65776021}
{"segment": "code_python_extra", "groups": 361, "rows": 54764, "code_attempts": 59324, "code_payload_bytes": 65954299}
{"segment": "code_python_extra", "groups": 362, "rows": 54911, "code_attempts": 59479, "code_payload_bytes": 66131789}
{"segment": "code_python_extra", "groups": 363, "rows": 55063, "code_attempts": 59642, "code_payload_bytes": 66317469}
{"segment": "code_python_extra", "groups": 364, "rows": 55208, "code_attempts": 59798, "code_payload_bytes": 66485465}
{"segment": "code_python_extra", "groups": 365, "rows": 55360, "code_attempts": 59959, "code_payload_bytes": 66664947}
{"segment": "code_python_extra", "groups": 366, "rows": 55495, "code_attempts": 60102, "code_payload_bytes": 66820312}
{"segment": "code_python_extra", "groups": 367, "rows": 55643, "code_attempts": 60262, "code_payload_bytes": 66990816}
{"segment": "code_python_extra", "groups": 368, "rows": 55798, "code_attempts": 60430, "code_payload_bytes": 67175406}
{"segment": "code_python_extra", "groups": 369, "rows": 55973, "code_attempts": 60617, "code_payload_bytes": 67396957}
{"segment": "code_python_extra", "groups": 370, "rows": 56137, "code_attempts": 60792, "code_payload_bytes": 67571499}
{"segment": "code_python_extra", "groups": 371, "rows": 56301, "code_attempts": 60972, "code_payload_bytes": 67766331}
{"segment": "code_python_extra", "groups": 372, "rows": 56446, "code_attempts": 61131, "code_payload_bytes": 67927891}
{"segment": "code_python_extra", "groups": 373, "rows": 56581, "code_attempts": 61277, "code_payload_bytes": 68073220}
{"segment": "code_python_extra", "groups": 374, "rows": 56733, "code_attempts": 61441, "code_payload_bytes": 68265151}
{"segment": "code_python_extra", "groups": 375, "rows": 56881, "code_attempts": 61602, "code_payload_bytes": 68440557}
{"segment": "code_python_extra", "groups": 376, "rows": 57054, "code_attempts": 61793, "code_payload_bytes": 68680538}
{"segment": "code_python_extra", "groups": 377, "rows": 57197, "code_attempts": 61944, "code_payload_bytes": 68825068}
{"segment": "code_python_extra", "groups": 378, "rows": 57341, "code_attempts": 62100, "code_payload_bytes": 68993070}
{"segment": "code_python_extra", "groups": 379, "rows": 57491, "code_attempts": 62262, "code_payload_bytes": 69165792}
{"segment": "code_python_extra", "groups": 380, "rows": 57643, "code_attempts": 62431, "code_payload_bytes": 69349558}
{"segment": "code_python_extra", "groups": 381, "rows": 57771, "code_attempts": 62576, "code_payload_bytes": 69503968}
{"segment": "code_python_extra", "groups": 382, "rows": 57914, "code_attempts": 62730, "code_payload_bytes": 69637564}
{"segment": "code_python_extra", "groups": 383, "rows": 58073, "code_attempts": 62907, "code_payload_bytes": 69832433}
{"segment": "code_python_extra", "groups": 384, "rows": 58213, "code_attempts": 63056, "code_payload_bytes": 70008562}
{"segment": "code_python_extra", "groups": 385, "rows": 58373, "code_attempts": 63238, "code_payload_bytes": 70196048}
{"segment": "code_python_extra", "groups": 386, "rows": 58536, "code_attempts": 63416, "code_payload_bytes": 70383255}
{"segment": "code_python_extra", "groups": 387, "rows": 58674, "code_attempts": 63568, "code_payload_bytes": 70546040}
{"segment": "code_python_extra", "groups": 388, "rows": 58850, "code_attempts": 63754, "code_payload_bytes": 70732062}
{"segment": "code_python_extra", "groups": 389, "rows": 58993, "code_attempts": 63912, "code_payload_bytes": 70921008}
{"segment": "code_python_extra", "groups": 390, "rows": 59127, "code_attempts": 64062, "code_payload_bytes": 71073441}
{"segment": "code_python_extra", "groups": 391, "rows": 59315, "code_attempts": 64264, "code_payload_bytes": 71272091}
{"segment": "code_python_extra", "groups": 392, "rows": 59477, "code_attempts": 64440, "code_payload_bytes": 71458651}
{"segment": "code_python_extra", "groups": 393, "rows": 59640, "code_attempts": 64622, "code_payload_bytes": 71702374}
{"segment": "code_python_extra", "groups": 394, "rows": 59792, "code_attempts": 64781, "code_payload_bytes": 71882364}
{"segment": "code_python_extra", "groups": 395, "rows": 59951, "code_attempts": 64944, "code_payload_bytes": 72105828}
{"segment": "code_python_extra", "groups": 396, "rows": 60087, "code_attempts": 65090, "code_payload_bytes": 72254794}
{"segment": "code_python_extra", "groups": 397, "rows": 60237, "code_attempts": 65254, "code_payload_bytes": 72457386}
{"segment": "code_python_extra", "groups": 398, "rows": 60395, "code_attempts": 65424, "code_payload_bytes": 72622565}
{"segment": "code_python_extra", "groups": 399, "rows": 60543, "code_attempts": 65581, "code_payload_bytes": 72847924}
{"segment": "code_python_extra", "groups": 400, "rows": 60678, "code_attempts": 65735, "code_payload_bytes": 73031103}
{"segment": "code_python_extra", "groups": 401, "rows": 60847, "code_attempts": 65916, "code_payload_bytes": 73221566}
{"segment": "code_python_extra", "groups": 402, "rows": 60994, "code_attempts": 66074, "code_payload_bytes": 73401095}
{"segment": "code_python_extra", "groups": 403, "rows": 61137, "code_attempts": 66237, "code_payload_bytes": 73557114}
{"segment": "code_python_extra", "groups": 404, "rows": 61288, "code_attempts": 66403, "code_payload_bytes": 73786140}
{"segment": "code_python_extra", "groups": 405, "rows": 61442, "code_attempts": 66566, "code_payload_bytes": 73958942}
{"segment": "code_python_extra", "groups": 406, "rows": 61583, "code_attempts": 66719, "code_payload_bytes": 74139720}
{"segment": "code_python_extra", "groups": 407, "rows": 61758, "code_attempts": 66901, "code_payload_bytes": 74330922}
{"segment": "code_python_extra", "groups": 408, "rows": 61915, "code_attempts": 67070, "code_payload_bytes": 74517180}
{"segment": "code_python_extra", "groups": 409, "rows": 62059, "code_attempts": 67229, "code_payload_bytes": 74675155}
{"segment": "code_python_extra", "groups": 410, "rows": 62212, "code_attempts": 67396, "code_payload_bytes": 74917853}
{"segment": "code_python_extra", "groups": 411, "rows": 62365, "code_attempts": 67556, "code_payload_bytes": 75077512}
{"segment": "code_python_extra", "groups": 412, "rows": 62517, "code_attempts": 67717, "code_payload_bytes": 75251067}
{"segment": "code_python_extra", "groups": 413, "rows": 62662, "code_attempts": 67873, "code_payload_bytes": 75416254}
{"segment": "code_python_extra", "groups": 414, "rows": 62810, "code_attempts": 68035, "code_payload_bytes": 75623341}
{"segment": "code_python_extra", "groups": 415, "rows": 62972, "code_attempts": 68209, "code_payload_bytes": 75798548}
{"segment": "code_python_extra", "groups": 416, "rows": 63100, "code_attempts": 68349, "code_payload_bytes": 75949200}
{"segment": "code_python_extra", "groups": 417, "rows": 63245, "code_attempts": 68502, "code_payload_bytes": 76128090}
{"segment": "code_python_extra", "groups": 418, "rows": 63396, "code_attempts": 68664, "code_payload_bytes": 76352073}
{"segment": "code_python_extra", "groups": 419, "rows": 63539, "code_attempts": 68818, "code_payload_bytes": 76532068}
{"segment": "code_python_extra", "groups": 420, "rows": 63699, "code_attempts": 68990, "code_payload_bytes": 76727243}
{"segment": "code_python_extra", "groups": 421, "rows": 63854, "code_attempts": 69166, "code_payload_bytes": 76899572}
{"segment": "code_python_extra", "groups": 422, "rows": 64000, "code_attempts": 69329, "code_payload_bytes": 77103002}
{"segment": "code_python_extra", "groups": 423, "rows": 64181, "code_attempts": 69525, "code_payload_bytes": 77305827}
{"segment": "code_python_extra", "groups": 424, "rows": 64329, "code_attempts": 69686, "code_payload_bytes": 77486764}
{"segment": "code_python_extra", "groups": 425, "rows": 64461, "code_attempts": 69827, "code_payload_bytes": 77607395}
{"segment": "code_python_extra", "groups": 426, "rows": 64622, "code_attempts": 69998, "code_payload_bytes": 77766383}
{"segment": "code_python_extra", "groups": 427, "rows": 64770, "code_attempts": 70154, "code_payload_bytes": 77934711}
{"segment": "code_python_extra", "groups": 428, "rows": 64917, "code_attempts": 70315, "code_payload_bytes": 78126001}
{"segment": "code_python_extra", "groups": 429, "rows": 65051, "code_attempts": 70463, "code_payload_bytes": 78275978}
{"segment": "code_python_extra", "groups": 430, "rows": 65207, "code_attempts": 70640, "code_payload_bytes": 78469942}
{"segment": "code_python_extra", "groups": 431, "rows": 65369, "code_attempts": 70815, "code_payload_bytes": 78699506}
{"segment": "code_python_extra", "groups": 432, "rows": 65519, "code_attempts": 70979, "code_payload_bytes": 78913476}
{"segment": "code_python_extra", "groups": 433, "rows": 65679, "code_attempts": 71143, "code_payload_bytes": 79090901}
{"segment": "code_python_extra", "groups": 434, "rows": 65831, "code_attempts": 71306, "code_payload_bytes": 79268331}
{"segment": "code_python_extra", "groups": 435, "rows": 65987, "code_attempts": 71475, "code_payload_bytes": 79463287}
{"segment": "code_python_extra", "groups": 436, "rows": 66133, "code_attempts": 71632, "code_payload_bytes": 79607882}
{"segment": "code_python_extra", "groups": 437, "rows": 66299, "code_attempts": 71808, "code_payload_bytes": 79801716}
{"segment": "code_python_extra", "groups": 438, "rows": 66458, "code_attempts": 71985, "code_payload_bytes": 79997360}
{"segment": "code_python_extra", "groups": 439, "rows": 66618, "code_attempts": 72154, "code_payload_bytes": 80201263}
{"segment": "code_python_extra", "groups": 440, "rows": 66775, "code_attempts": 72326, "code_payload_bytes": 80392418}
{"segment": "code_python_extra", "groups": 441, "rows": 66925, "code_attempts": 72484, "code_payload_bytes": 80573015}
{"segment": "code_python_extra", "groups": 442, "rows": 67068, "code_attempts": 72636, "code_payload_bytes": 80773036}
{"segment": "code_python_extra", "groups": 443, "rows": 67224, "code_attempts": 72803, "code_payload_bytes": 80957011}
{"segment": "code_python_extra", "groups": 444, "rows": 67370, "code_attempts": 72960, "code_payload_bytes": 81149871}
{"segment": "code_python_extra", "groups": 445, "rows": 67528, "code_attempts": 73128, "code_payload_bytes": 81316108}
{"segment": "code_python_extra", "groups": 446, "rows": 67689, "code_attempts": 73305, "code_payload_bytes": 81515712}
{"segment": "code_python_extra", "groups": 447, "rows": 67852, "code_attempts": 73482, "code_payload_bytes": 81758317}
{"segment": "code_python_extra", "groups": 448, "rows": 68001, "code_attempts": 73644, "code_payload_bytes": 81947996}
{"segment": "code_python_extra", "groups": 449, "rows": 68159, "code_attempts": 73824, "code_payload_bytes": 82136158}
{"segment": "code_python_extra", "groups": 450, "rows": 68311, "code_attempts": 73991, "code_payload_bytes": 82309718}
{"segment": "code_python_extra", "groups": 451, "rows": 68499, "code_attempts": 74192, "code_payload_bytes": 82532425}
{"segment": "code_python_extra", "groups": 452, "rows": 68666, "code_attempts": 74377, "code_payload_bytes": 82716695}
{"segment": "code_python_extra", "groups": 453, "rows": 68814, "code_attempts": 74536, "code_payload_bytes": 82896291}
{"segment": "code_python_extra", "groups": 454, "rows": 68972, "code_attempts": 74705, "code_payload_bytes": 83085385}
{"segment": "code_python_extra", "groups": 455, "rows": 69128, "code_attempts": 74877, "code_payload_bytes": 83290871}
{"segment": "code_python_extra", "groups": 456, "rows": 69281, "code_attempts": 75041, "code_payload_bytes": 83487665}
{"segment": "code_python_extra", "groups": 457, "rows": 69439, "code_attempts": 75212, "code_payload_bytes": 83683782}
{"segment": "code_python_extra", "groups": 458, "rows": 69607, "code_attempts": 75389, "code_payload_bytes": 83856689}
{"segment": "code_python_extra", "groups": 459, "rows": 69750, "code_attempts": 75544, "code_payload_bytes": 84011170}
{"segment": "code_python_extra", "groups": 460, "rows": 69900, "code_attempts": 75709, "code_payload_bytes": 84178623}
{"segment": "code_python_extra", "groups": 461, "rows": 70047, "code_attempts": 75864, "code_payload_bytes": 84348012}
{"segment": "code_python_extra", "groups": 462, "rows": 70192, "code_attempts": 76019, "code_payload_bytes": 84537197}
{"segment": "code_python_extra", "groups": 463, "rows": 70345, "code_attempts": 76186, "code_payload_bytes": 84705013}
{"segment": "code_python_extra", "groups": 464, "rows": 70487, "code_attempts": 76336, "code_payload_bytes": 84856966}
{"segment": "code_python_extra", "groups": 465, "rows": 70632, "code_attempts": 76497, "code_payload_bytes": 85044548}
{"segment": "code_python_extra", "groups": 466, "rows": 70772, "code_attempts": 76650, "code_payload_bytes": 85214714}
{"segment_id": "code_python_extra", "logical_source_id": "code_python", "status": "RAW_SEGMENT_READY", "rows_written": 70772, "output_bytes": 91038040, "error_type": null, "stop_reason": null}
