README.md: OK
build_inputs.py: OK
run.sbatch: OK
submit.py: OK
test_build_inputs.py: OK
test_submit.py: OK
README.md: OK
mixture.py: OK
resume.py: OK
test_v2.py: OK
train_cpt.py: OK
{"step": 1, "prediction_tokens": 2097152, "loss": 3.0396056175231934, "lr": 1.875e-06, "grad_norm": 0.5667547583580017, "step_seconds": 70.94716682471335, "tokens_per_second": 29559.34808758973, "mfu": 0.14074112299302477, "elapsed_seconds": 110.12020980007946, "unix": 1789443425.6870317, "ddp_buckets_rebuilt": false}
{"step": 2, "prediction_tokens": 4194304, "loss": 2.982516050338745, "lr": 3.75e-06, "grad_norm": 0.4555360674858093, "step_seconds": 12.764734532684088, "tokens_per_second": 164292.645070702, "mfu": 0.7822476767156087, "elapsed_seconds": 122.91109746322036, "unix": 1789443438.4779048, "ddp_buckets_rebuilt": false}
{"step": 3, "prediction_tokens": 6291456, "loss": 3.008967876434326, "lr": 5.625e-06, "grad_norm": 0.4821318984031677, "step_seconds": 12.87191778048873, "tokens_per_second": 162924.59567904216, "mfu": 0.7757339739397018, "elapsed_seconds": 135.80222844704986, "unix": 1789443451.3690393, "ddp_buckets_rebuilt": false}
{"step": 4, "prediction_tokens": 8388608, "loss": 3.027343273162842, "lr": 7.5e-06, "grad_norm": 0.42501652240753174, "step_seconds": 12.763468779623508, "tokens_per_second": 164308.9379705335, "mfu": 0.7823252522092325, "elapsed_seconds": 148.5869550537318, "unix": 1789443464.1537633, "ddp_buckets_rebuilt": false}
{"step": 5, "prediction_tokens": 10485760, "loss": 3.055002212524414, "lr": 9.375000000000001e-06, "grad_norm": 0.4085673391819, "step_seconds": 13.001045014709234, "tokens_per_second": 161306.41787850947, "mfu": 0.7680293330871868, "elapsed_seconds": 161.6087635755539, "unix": 1789443477.1755738, "ddp_buckets_rebuilt": false}
{"step": 6, "prediction_tokens": 12582912, "loss": 2.977673053741455, "lr": 1.125e-05, "grad_norm": 0.4349483251571655, "step_seconds": 12.76719356328249, "tokens_per_second": 164261.0014178257, "mfu": 0.782097011578197, "elapsed_seconds": 174.39261562749743, "unix": 1789443489.9594324, "ddp_buckets_rebuilt": false}
{"step": 7, "prediction_tokens": 14680064, "loss": 2.986726760864258, "lr": 1.3125e-05, "grad_norm": 0.3706144690513611, "step_seconds": 12.770516518503428, "tokens_per_second": 164218.25984574697, "mfu": 0.7818935058433946, "elapsed_seconds": 187.18021215312183, "unix": 1789443502.7470303, "ddp_buckets_rebuilt": false}
{"step": 8, "prediction_tokens": 16777216, "loss": 2.971723794937134, "lr": 1.5e-05, "grad_norm": 0.36666491627693176, "step_seconds": 12.773742958903313, "tokens_per_second": 164176.7809754057, "mfu": 0.7816960122188731, "elapsed_seconds": 199.97191967628896, "unix": 1789443515.5387342, "ddp_buckets_rebuilt": false}
{"step": 9, "prediction_tokens": 18874368, "loss": 2.98306941986084, "lr": 1.6875e-05, "grad_norm": 0.36039263010025024, "step_seconds": 12.781804809346795, "tokens_per_second": 164073.22997660245, "mfu": 0.7812029741513409, "elapsed_seconds": 212.76971594430506, "unix": 1789443528.3365266, "ddp_buckets_rebuilt": false}
{"step": 10, "prediction_tokens": 20971520, "loss": 2.9620778560638428, "lr": 1.8750000000000002e-05, "grad_norm": 0.3341687023639679, "step_seconds": 12.80731307156384, "tokens_per_second": 163746.44613446048, "mfu": 0.7796470560443935, "elapsed_seconds": 225.59747044742107, "unix": 1789443541.164283, "ddp_buckets_rebuilt": false}
{"step": 11, "prediction_tokens": 23068672, "loss": 2.9471545219421387, "lr": 2.0625e-05, "grad_norm": 0.3527994453907013, "step_seconds": 12.814009619876742, "tokens_per_second": 163660.87292044444, "mfu": 0.7792396157245647, "elapsed_seconds": 238.43769083544612, "unix": 1789443554.0044994, "ddp_buckets_rebuilt": false}
{"step": 12, "prediction_tokens": 25165824, "loss": 2.9137144088745117, "lr": 2.25e-05, "grad_norm": 0.3205745816230774, "step_seconds": 12.81516526825726, "tokens_per_second": 163646.11427950725, "mfu": 0.7791693453081402, "elapsed_seconds": 251.2711126152426, "unix": 1789443566.8379173, "ddp_buckets_rebuilt": false}
{"step": 13, "prediction_tokens": 27262976, "loss": 2.8615336418151855, "lr": 2.4375e-05, "grad_norm": 0.2714880108833313, "step_seconds": 12.815029751509428, "tokens_per_second": 163647.84480917692, "mfu": 0.7791775848907034, "elapsed_seconds": 264.1045108437538, "unix": 1789443579.671324, "ddp_buckets_rebuilt": false}
{"step": 14, "prediction_tokens": 29360128, "loss": 2.8419265747070312, "lr": 2.625e-05, "grad_norm": 0.18992064893245697, "step_seconds": 12.814927326515317, "tokens_per_second": 163649.15278612552, "mfu": 0.7791838125701519, "elapsed_seconds": 276.93781467340887, "unix": 1789443592.5046265, "ddp_buckets_rebuilt": false}
{"step": 15, "prediction_tokens": 31457280, "loss": 2.889988660812378, "lr": 2.8125e-05, "grad_norm": 0.27294373512268066, "step_seconds": 12.815947785973549, "tokens_per_second": 163636.12235493297, "mfu": 0.779121770690416, "elapsed_seconds": 289.77120450139046, "unix": 1789443605.3380277, "ddp_buckets_rebuilt": false}
{"step": 16, "prediction_tokens": 33554432, "loss": 2.9233875274658203, "lr": 3e-05, "grad_norm": 0.24465034902095795, "step_seconds": 12.815568700432777, "tokens_per_second": 163640.96272443843, "mfu": 0.7791448171743195, "elapsed_seconds": 302.6446470040828, "unix": 1789443618.2114553, "ddp_buckets_rebuilt": false}
{"step": 17, "prediction_tokens": 35651584, "loss": 2.86857271194458, "lr": 3.1875e-05, "grad_norm": 0.2064298540353775, "step_seconds": 12.816974142566323, "tokens_per_second": 163623.01871509358, "mfu": 0.7790593802418571, "elapsed_seconds": 315.56449696421623, "unix": 1789443631.1313102, "ddp_buckets_rebuilt": false}
{"step": 18, "prediction_tokens": 37748736, "loss": 2.9406635761260986, "lr": 3.375e-05, "grad_norm": 0.17507638037204742, "step_seconds": 12.817503958940506, "tokens_per_second": 163616.2552957269, "mfu": 0.7790271775277066, "elapsed_seconds": 328.44563549757004, "unix": 1789443644.0124457, "ddp_buckets_rebuilt": false}
{"step": 19, "prediction_tokens": 39845888, "loss": 2.888411521911621, "lr": 3.5625e-05, "grad_norm": 0.15761609375476837, "step_seconds": 12.818729320541024, "tokens_per_second": 163600.6149719907, "mfu": 0.7789527091490371, "elapsed_seconds": 341.2858282625675, "unix": 1789443656.852635, "ddp_buckets_rebuilt": false}
{"step": 20, "prediction_tokens": 41943040, "loss": 2.857774019241333, "lr": 3.7500000000000003e-05, "grad_norm": 0.15296292304992676, "step_seconds": 12.817755738273263, "tokens_per_second": 163613.04137962274, "mfu": 0.7790118750873292, "elapsed_seconds": 354.12451073527336, "unix": 1789443669.6913178, "ddp_buckets_rebuilt": false}
{"step": 21, "prediction_tokens": 44040192, "loss": 2.8494625091552734, "lr": 3.9375e-05, "grad_norm": 0.15166126191616058, "step_seconds": 12.8181312084198, "tokens_per_second": 163608.24880794255, "mfu": 0.7789890561835329, "elapsed_seconds": 366.9630405679345, "unix": 1789443682.5298493, "ddp_buckets_rebuilt": false}
{"step": 22, "prediction_tokens": 46137344, "loss": 2.899197578430176, "lr": 4.125e-05, "grad_norm": 0.14276742935180664, "step_seconds": 12.820455025881529, "tokens_per_second": 163578.59340923047, "mfu": 0.7788478577340551, "elapsed_seconds": 379.80286693386734, "unix": 1789443695.3696787, "ddp_buckets_rebuilt": false}
{"step": 23, "prediction_tokens": 48234496, "loss": 2.8001174926757812, "lr": 4.3125e-05, "grad_norm": 0.14205621182918549, "step_seconds": 12.820396644994617, "tokens_per_second": 163579.3383053228, "mfu": 0.7788514044128327, "elapsed_seconds": 392.6407715678215, "unix": 1789443708.2075799, "ddp_buckets_rebuilt": false}
{"step": 24, "prediction_tokens": 50331648, "loss": 2.827268123626709, "lr": 4.5e-05, "grad_norm": 0.11929023265838623, "step_seconds": 12.819450987502933, "tokens_per_second": 163591.40512681962, "mfu": 0.7789088582512391, "elapsed_seconds": 405.4772614669055, "unix": 1789443721.0440676, "ddp_buckets_rebuilt": false}
{"step": 25, "prediction_tokens": 52428800, "loss": 2.857435464859009, "lr": 4.6875e-05, "grad_norm": 0.13710302114486694, "step_seconds": 12.818969376385212, "tokens_per_second": 163597.55128702635, "mfu": 0.7789381220051969, "elapsed_seconds": 418.3136833310127, "unix": 1789443733.88049, "ddp_buckets_rebuilt": false}
{"step": 26, "prediction_tokens": 54525952, "loss": 2.798588752746582, "lr": 4.875e-05, "grad_norm": 0.12234052270650864, "step_seconds": 12.820746993646026, "tokens_per_second": 163574.8682225264, "mfu": 0.7788301209775292, "elapsed_seconds": 431.1526411809027, "unix": 1789443746.7194514, "ddp_buckets_rebuilt": false}
{"step": 27, "prediction_tokens": 56623104, "loss": 2.8037712574005127, "lr": 5.0625000000000004e-05, "grad_norm": 0.11508551239967346, "step_seconds": 12.826211884617805, "tokens_per_second": 163505.17353569283, "mfu": 0.7784982831960416, "elapsed_seconds": 444.0002826154232, "unix": 1789443759.5670986, "ddp_buckets_rebuilt": false}
{"step": 28, "prediction_tokens": 58720256, "loss": 2.814405918121338, "lr": 5.25e-05, "grad_norm": 0.12085040658712387, "step_seconds": 12.82039594464004, "tokens_per_second": 163579.34724136026, "mfu": 0.778851446960048, "elapsed_seconds": 456.84164482727647, "unix": 1789443772.4084518, "ddp_buckets_rebuilt": false}
{"step": 29, "prediction_tokens": 60817408, "loss": 2.850344181060791, "lr": 5.4375e-05, "grad_norm": 0.10456056147813797, "step_seconds": 12.821232916787267, "tokens_per_second": 163568.66875525904, "mfu": 0.7788006034123048, "elapsed_seconds": 469.6820340119302, "unix": 1789443785.2488418, "ddp_buckets_rebuilt": false}
{"step": 30, "prediction_tokens": 62914560, "loss": 2.7376222610473633, "lr": 5.625e-05, "grad_norm": 0.1046062782406807, "step_seconds": 12.820605054497719, "tokens_per_second": 163576.67918834128, "mfu": 0.7788387435412519, "elapsed_seconds": 482.52402980811894, "unix": 1789443798.0908372, "ddp_buckets_rebuilt": false}
{"step": 31, "prediction_tokens": 65011712, "loss": 2.7813572883605957, "lr": 5.8125e-05, "grad_norm": 0.12013954669237137, "step_seconds": 12.821387611329556, "tokens_per_second": 163566.69524185214, "mfu": 0.7787912069096381, "elapsed_seconds": 495.3662516474724, "unix": 1789443810.9330616, "ddp_buckets_rebuilt": false}
{"step": 32, "prediction_tokens": 67108864, "loss": 2.7861695289611816, "lr": 6e-05, "grad_norm": 0.10580264031887054, "step_seconds": 12.820402750745416, "tokens_per_second": 163579.26040022928, "mfu": 0.7788510334827867, "elapsed_seconds": 508.2053366545588, "unix": 1789443823.7721496, "ddp_buckets_rebuilt": false}
{"step": 33, "prediction_tokens": 69206016, "loss": 2.799368381500244, "lr": 6e-05, "grad_norm": 0.10893993079662323, "step_seconds": 12.81993949227035, "tokens_per_second": 163585.17146391026, "mfu": 0.7788791778700743, "elapsed_seconds": 521.0439111273736, "unix": 1789443836.6107178, "ddp_buckets_rebuilt": false}
{"step": 34, "prediction_tokens": 71303168, "loss": 2.830697774887085, "lr": 6e-05, "grad_norm": 0.11207415163516998, "step_seconds": 12.820359149947762, "tokens_per_second": 163579.81671742364, "mfu": 0.7788536822795884, "elapsed_seconds": 533.8847528398037, "unix": 1789443849.45156, "ddp_buckets_rebuilt": false}
{"step": 35, "prediction_tokens": 73400320, "loss": 2.8168954849243164, "lr": 6e-05, "grad_norm": 0.09372158348560333, "step_seconds": 13.016170337796211, "tokens_per_second": 161118.97321367354, "mfu": 0.7671368515429428, "elapsed_seconds": 546.918253403157, "unix": 1789443862.485061, "ddp_buckets_rebuilt": false}
{"step": 36, "prediction_tokens": 75497472, "loss": 2.8021798133850098, "lr": 6e-05, "grad_norm": 0.08757258951663971, "step_seconds": 12.820109633728862, "tokens_per_second": 163583.00045130125, "mfu": 0.7788688410131274, "elapsed_seconds": 559.755102539435, "unix": 1789443875.3219128, "ddp_buckets_rebuilt": false}
{"step": 37, "prediction_tokens": 77594624, "loss": 2.8237199783325195, "lr": 6e-05, "grad_norm": 0.08301214873790741, "step_seconds": 12.820733329281211, "tokens_per_second": 163575.04256096837, "mfu": 0.7788309510563264, "elapsed_seconds": 572.5949545968324, "unix": 1789443888.1617644, "ddp_buckets_rebuilt": false}
{"step": 38, "prediction_tokens": 79691776, "loss": 2.786062717437744, "lr": 6e-05, "grad_norm": 0.09716121852397919, "step_seconds": 12.820350177586079, "tokens_per_second": 163579.93119926378, "mfu": 0.7788542273627443, "elapsed_seconds": 585.433784969151, "unix": 1789443901.0005932, "ddp_buckets_rebuilt": false}
{"step": 39, "prediction_tokens": 81788928, "loss": 2.813784599304199, "lr": 6e-05, "grad_norm": 0.08289065212011337, "step_seconds": 12.820953456684947, "tokens_per_second": 163572.23408423873, "mfu": 0.7788175790371715, "elapsed_seconds": 598.2714053913951, "unix": 1789443913.8382118, "ddp_buckets_rebuilt": false}
{"step": 40, "prediction_tokens": 83886080, "loss": 2.7591586112976074, "lr": 6e-05, "grad_norm": 0.10623582452535629, "step_seconds": 12.82198179513216, "tokens_per_second": 163559.1153932366, "mfu": 0.7787551169254103, "elapsed_seconds": 611.1115987990052, "unix": 1789443926.6784139, "ddp_buckets_rebuilt": false}
{"step": 41, "prediction_tokens": 85983232, "loss": 2.839474678039551, "lr": 6e-05, "grad_norm": 0.08165835589170456, "step_seconds": 12.821788139641285, "tokens_per_second": 163561.58572892097, "mfu": 0.7787668789513305, "elapsed_seconds": 623.9516095947474, "unix": 1789443939.5184166, "ddp_buckets_rebuilt": false}
{"step": 42, "prediction_tokens": 88080384, "loss": 2.7944743633270264, "lr": 6e-05, "grad_norm": 0.08644475042819977, "step_seconds": 12.819647764787078, "tokens_per_second": 163588.8940537386, "mfu": 0.778896902262078, "elapsed_seconds": 636.789035808295, "unix": 1789443952.355847, "ddp_buckets_rebuilt": false}
{"step": 43, "prediction_tokens": 90177536, "loss": 2.7688817977905273, "lr": 6e-05, "grad_norm": 0.10026174038648605, "step_seconds": 12.822174366563559, "tokens_per_second": 163556.65896018015, "mfu": 0.778743421094166, "elapsed_seconds": 649.6326727066189, "unix": 1789443965.1994803, "ddp_buckets_rebuilt": false}
{"step": 44, "prediction_tokens": 92274688, "loss": 2.7557897567749023, "lr": 6e-05, "grad_norm": 0.07922787964344025, "step_seconds": 12.819494338706136, "tokens_per_second": 163590.85191590048, "mfu": 0.7789062242443665, "elapsed_seconds": 662.4704213235527, "unix": 1789443978.0372288, "ddp_buckets_rebuilt": false}
{"step": 45, "prediction_tokens": 94371840, "loss": 2.7070772647857666, "lr": 6e-05, "grad_norm": 0.09399069100618362, "step_seconds": 12.820996990427375, "tokens_per_second": 163571.6786741164, "mfu": 0.7788149345592181, "elapsed_seconds": 675.3095738403499, "unix": 1789443990.876389, "ddp_buckets_rebuilt": false}
{"step": 46, "prediction_tokens": 96468992, "loss": 2.7747910022735596, "lr": 6e-05, "grad_norm": 0.0966716781258583, "step_seconds": 12.82234425097704, "tokens_per_second": 163554.49198302414, "mfu": 0.7787331034512487, "elapsed_seconds": 688.1522046551108, "unix": 1789444003.7190142, "ddp_buckets_rebuilt": false}
{"step": 47, "prediction_tokens": 98566144, "loss": 2.7653815746307373, "lr": 6e-05, "grad_norm": 0.08210588991641998, "step_seconds": 12.820691334083676, "tokens_per_second": 163575.5783640733, "mfu": 0.778833502179256, "elapsed_seconds": 700.9938521217555, "unix": 1789444016.5606663, "ddp_buckets_rebuilt": false}
{"step": 48, "prediction_tokens": 100663296, "loss": 2.8893423080444336, "lr": 6e-05, "grad_norm": 0.11367585510015488, "step_seconds": 12.820562487468123, "tokens_per_second": 163577.2222981581, "mfu": 0.7788413294536781, "elapsed_seconds": 713.8344733472914, "unix": 1789444029.4012783, "ddp_buckets_rebuilt": false}
{"step": 49, "prediction_tokens": 102760448, "loss": 2.775522232055664, "lr": 6e-05, "grad_norm": 0.0862174779176712, "step_seconds": 12.819756647571921, "tokens_per_second": 163587.50463466896, "mfu": 0.7788902868117106, "elapsed_seconds": 726.6729062031955, "unix": 1789444042.2397141, "ddp_buckets_rebuilt": false}
{"step": 50, "prediction_tokens": 104857600, "loss": 2.7261948585510254, "lr": 6e-05, "grad_norm": 0.08217592537403107, "step_seconds": 12.82079434581101, "tokens_per_second": 163574.2640771093, "mfu": 0.7788272444558887, "elapsed_seconds": 739.5117637738585, "unix": 1789444055.07857, "ddp_buckets_rebuilt": false}
{"step": 51, "prediction_tokens": 106954752, "loss": 2.739635467529297, "lr": 6e-05, "grad_norm": 0.08189067244529724, "step_seconds": 12.820937018841505, "tokens_per_second": 163572.4438017322, "mfu": 0.7788185775664848, "elapsed_seconds": 752.3537996523082, "unix": 1789444067.9206076, "ddp_buckets_rebuilt": false}
{"step": 52, "prediction_tokens": 109051904, "loss": 2.7631306648254395, "lr": 6e-05, "grad_norm": 0.0853673592209816, "step_seconds": 12.819789230823517, "tokens_per_second": 163587.08885460228, "mfu": 0.7788883071552807, "elapsed_seconds": 765.1929092369974, "unix": 1789444080.7597234, "ddp_buckets_rebuilt": false}
{"step": 53, "prediction_tokens": 111149056, "loss": 2.7477803230285645, "lr": 6e-05, "grad_norm": 0.07184627652168274, "step_seconds": 12.820597352460027, "tokens_per_second": 163576.77745784575, "mfu": 0.7788392114325049, "elapsed_seconds": 778.0475113447756, "unix": 1789444093.6143186, "ddp_buckets_rebuilt": false}
{"step": 54, "prediction_tokens": 113246208, "loss": 2.7441489696502686, "lr": 6e-05, "grad_norm": 0.0797640010714531, "step_seconds": 12.82013245485723, "tokens_per_second": 163582.7092570671, "mfu": 0.7788674545480604, "elapsed_seconds": 790.8876790516078, "unix": 1789444106.454487, "ddp_buckets_rebuilt": false}
{"step": 55, "prediction_tokens": 115343360, "loss": 2.775740623474121, "lr": 6e-05, "grad_norm": 0.08044479042291641, "step_seconds": 12.820316107943654, "tokens_per_second": 163580.36590849535, "mfu": 0.7788562971467343, "elapsed_seconds": 803.7256839871407, "unix": 1789444119.2924943, "ddp_buckets_rebuilt": false}
{"step": 56, "prediction_tokens": 117440512, "loss": 2.7709479331970215, "lr": 6e-05, "grad_norm": 0.07916080951690674, "step_seconds": 12.822334988042712, "tokens_per_second": 163554.6101358036, "mfu": 0.7787336660128727, "elapsed_seconds": 816.5669010747224, "unix": 1789444132.1337082, "ddp_buckets_rebuilt": false}
{"step": 57, "prediction_tokens": 119537664, "loss": 2.7120628356933594, "lr": 6e-05, "grad_norm": 0.08334662020206451, "step_seconds": 12.820788679644465, "tokens_per_second": 163574.33636899758, "mfu": 0.778827588659743, "elapsed_seconds": 829.4078150428832, "unix": 1789444144.9746265, "ddp_buckets_rebuilt": false}
{"step": 58, "prediction_tokens": 121634816, "loss": 2.7504866123199463, "lr": 6e-05, "grad_norm": 0.07356879115104675, "step_seconds": 12.821734834462404, "tokens_per_second": 163562.26572111374, "mfu": 0.7787701166027343, "elapsed_seconds": 842.2481212969869, "unix": 1789444157.8149273, "ddp_buckets_rebuilt": false}
{"step": 59, "prediction_tokens": 123731968, "loss": 2.7244744300842285, "lr": 6e-05, "grad_norm": 0.0822339877486229, "step_seconds": 12.820018062368035, "tokens_per_second": 163584.1688987938, "mfu": 0.7788744043500377, "elapsed_seconds": 855.0854973811656, "unix": 1789444170.6523054, "ddp_buckets_rebuilt": false}
{"step": 60, "prediction_tokens": 125829120, "loss": 2.759183645248413, "lr": 6e-05, "grad_norm": 0.07739206403493881, "step_seconds": 12.821317153051496, "tokens_per_second": 163567.59410641942, "mfu": 0.778795486679552, "elapsed_seconds": 867.9295217841864, "unix": 1789444183.4963298, "ddp_buckets_rebuilt": false}
{"step": 61, "prediction_tokens": 127926272, "loss": 2.7330801486968994, "lr": 6e-05, "grad_norm": 0.07960361242294312, "step_seconds": 12.82054060138762, "tokens_per_second": 163577.50154256495, "mfu": 0.7788426590219518, "elapsed_seconds": 880.7669253312051, "unix": 1789444196.3337374, "ddp_buckets_rebuilt": false}
{"step": 62, "prediction_tokens": 130023424, "loss": 2.719595432281494, "lr": 6e-05, "grad_norm": 0.07451536506414413, "step_seconds": 12.821015791967511, "tokens_per_second": 163571.43880236743, "mfu": 0.7788137924562453, "elapsed_seconds": 893.6093367356807, "unix": 1789444209.1761475, "ddp_buckets_rebuilt": false}
{"step": 63, "prediction_tokens": 132120576, "loss": 2.699018955230713, "lr": 6e-05, "grad_norm": 0.07418553531169891, "step_seconds": 12.821462919935584, "tokens_per_second": 163565.7345106245, "mfu": 0.778786632573578, "elapsed_seconds": 906.4499413501471, "unix": 1789444222.0167477, "ddp_buckets_rebuilt": false}
{"step": 64, "prediction_tokens": 134217728, "loss": 2.730562686920166, "lr": 6e-05, "grad_norm": 0.07669904083013535, "step_seconds": 12.833664694800973, "tokens_per_second": 163410.22224537111, "mfu": 0.7780461909783812, "elapsed_seconds": 919.2995743900537, "unix": 1789444234.8663821, "ddp_buckets_rebuilt": false}
{"step": 65, "prediction_tokens": 136314880, "loss": 2.7685229778289795, "lr": 6e-05, "grad_norm": 0.07450427860021591, "step_seconds": 12.82048318348825, "tokens_per_second": 163578.23414182727, "mfu": 0.7788461471517502, "elapsed_seconds": 932.1461696065962, "unix": 1789444247.7129767, "ddp_buckets_rebuilt": false}
{"step": 66, "prediction_tokens": 138412032, "loss": 2.6858606338500977, "lr": 6e-05, "grad_norm": 0.0904378741979599, "step_seconds": 12.978353314101696, "tokens_per_second": 161588.45034071687, "mfu": 0.7693721761476608, "elapsed_seconds": 945.1427743751556, "unix": 1789444260.7095826, "ddp_buckets_rebuilt": false}
{"step": 67, "prediction_tokens": 140509184, "loss": 2.7065744400024414, "lr": 6e-05, "grad_norm": 0.0873296856880188, "step_seconds": 12.821604758501053, "tokens_per_second": 163563.92507026347, "mfu": 0.778778017273009, "elapsed_seconds": 957.9815954547375, "unix": 1789444273.548409, "ddp_buckets_rebuilt": false}
{"step": 68, "prediction_tokens": 142606336, "loss": 2.699586868286133, "lr": 6e-05, "grad_norm": 0.07963673770427704, "step_seconds": 12.822537563741207, "tokens_per_second": 163552.02623310685, "mfu": 0.7787213632595722, "elapsed_seconds": 970.8224777188152, "unix": 1789444286.3892848, "ddp_buckets_rebuilt": false}
{"step": 69, "prediction_tokens": 144703488, "loss": 2.6538705825805664, "lr": 6e-05, "grad_norm": 0.08225409686565399, "step_seconds": 12.821591844782233, "tokens_per_second": 163564.08980944433, "mfu": 0.7787788016467795, "elapsed_seconds": 983.6622203029692, "unix": 1789444299.2290287, "ddp_buckets_rebuilt": false}
{"step": 70, "prediction_tokens": 146800640, "loss": 2.71574068069458, "lr": 6e-05, "grad_norm": 0.0811123326420784, "step_seconds": 12.822099244222045, "tokens_per_second": 163557.61720882237, "mfu": 0.7787479836098756, "elapsed_seconds": 996.5044297352433, "unix": 1789444312.0712438, "ddp_buckets_rebuilt": false}
{"step": 71, "prediction_tokens": 148897792, "loss": 2.7058653831481934, "lr": 6e-05, "grad_norm": 0.07041206955909729, "step_seconds": 12.821848165243864, "tokens_per_second": 163560.82001382156, "mfu": 0.7787632331468741, "elapsed_seconds": 1009.3457804881036, "unix": 1789444324.9125903, "ddp_buckets_rebuilt": false}
{"step": 72, "prediction_tokens": 150994944, "loss": 2.732957124710083, "lr": 6e-05, "grad_norm": 0.0733613669872284, "step_seconds": 12.822546433657408, "tokens_per_second": 163551.91309701686, "mfu": 0.7787208245839455, "elapsed_seconds": 1022.190390303731, "unix": 1789444337.7572026, "ddp_buckets_rebuilt": false}
{"step": 73, "prediction_tokens": 153092096, "loss": 2.719712257385254, "lr": 6e-05, "grad_norm": 0.0796307921409607, "step_seconds": 12.82190739735961, "tokens_per_second": 163560.06442784498, "mfu": 0.7787596355702785, "elapsed_seconds": 1035.028911324218, "unix": 1789444350.595718, "ddp_buckets_rebuilt": false}
{"step": 74, "prediction_tokens": 155189248, "loss": 2.751147508621216, "lr": 6e-05, "grad_norm": 0.07514817267656326, "step_seconds": 12.82261160761118, "tokens_per_second": 163551.08180576752, "mfu": 0.7787168665513252, "elapsed_seconds": 1047.8730135951191, "unix": 1789444363.4398212, "ddp_buckets_rebuilt": false}
{"step": 75, "prediction_tokens": 157286400, "loss": 2.700547218322754, "lr": 6e-05, "grad_norm": 0.08374319225549698, "step_seconds": 12.821969263255596, "tokens_per_second": 163559.27525188256, "mfu": 0.7787558780614572, "elapsed_seconds": 1060.7128320634365, "unix": 1789444376.2796392, "ddp_buckets_rebuilt": false}
{"step": 76, "prediction_tokens": 159383552, "loss": 2.6740097999572754, "lr": 6e-05, "grad_norm": 0.0865294560790062, "step_seconds": 12.821887020021677, "tokens_per_second": 163560.32436764168, "mfu": 0.778760873223382, "elapsed_seconds": 1073.5567205566913, "unix": 1789444389.123528, "ddp_buckets_rebuilt": false}
{"step": 77, "prediction_tokens": 161480704, "loss": 2.6403281688690186, "lr": 6e-05, "grad_norm": 0.07616908103227615, "step_seconds": 12.821133766323328, "tokens_per_second": 163569.93369092606, "mfu": 0.7788066261590095, "elapsed_seconds": 1086.395499708131, "unix": 1789444401.9623122, "ddp_buckets_rebuilt": false}
{"step": 78, "prediction_tokens": 163577856, "loss": 2.7067904472351074, "lr": 6e-05, "grad_norm": 0.07267548143863678, "step_seconds": 12.82164371944964, "tokens_per_second": 163563.42805086295, "mfu": 0.7787756508111922, "elapsed_seconds": 1099.2342665139586, "unix": 1789444414.8010757, "ddp_buckets_rebuilt": false}
{"step": 79, "prediction_tokens": 165675008, "loss": 2.730062484741211, "lr": 6e-05, "grad_norm": 0.08379771560430527, "step_seconds": 12.822384232655168, "tokens_per_second": 163553.982001188, "mfu": 0.7787306752713, "elapsed_seconds": 1112.0745602678508, "unix": 1789444427.6413672, "ddp_buckets_rebuilt": false}
{"step": 80, "prediction_tokens": 167772160, "loss": 2.6372342109680176, "lr": 6e-05, "grad_norm": 0.11017446219921112, "step_seconds": 12.821958553045988, "tokens_per_second": 163559.41187329762, "mfu": 0.7787565285579202, "elapsed_seconds": 1124.9165125116706, "unix": 1789444440.48332, "ddp_buckets_rebuilt": false}
{"step": 81, "prediction_tokens": 169869312, "loss": 2.701418399810791, "lr": 6e-05, "grad_norm": 0.08577299118041992, "step_seconds": 12.822001559659839, "tokens_per_second": 163558.86327435734, "mfu": 0.7787539165100936, "elapsed_seconds": 1137.7588946316391, "unix": 1789444453.325705, "ddp_buckets_rebuilt": false}
{"step": 82, "prediction_tokens": 171966464, "loss": 2.694676160812378, "lr": 6e-05, "grad_norm": 0.06964904814958572, "step_seconds": 12.820847371593118, "tokens_per_second": 163573.587549807, "mfu": 0.7788240233018912, "elapsed_seconds": 1150.601051935926, "unix": 1789444466.1678624, "ddp_buckets_rebuilt": false}
{"step": 83, "prediction_tokens": 174063616, "loss": 2.7178423404693604, "lr": 6e-05, "grad_norm": 0.06850685179233551, "step_seconds": 12.821293553337455, "tokens_per_second": 163567.89517966378, "mfu": 0.7787969201816168, "elapsed_seconds": 1163.442522779107, "unix": 1789444479.0093296, "ddp_buckets_rebuilt": false}
{"step": 84, "prediction_tokens": 176160768, "loss": 2.686638593673706, "lr": 6e-05, "grad_norm": 0.08334306627511978, "step_seconds": 12.819512125104666, "tokens_per_second": 163590.62494220136, "mfu": 0.7789051435529653, "elapsed_seconds": 1176.278846334666, "unix": 1789444491.8456545, "ddp_buckets_rebuilt": false}
{"step": 85, "prediction_tokens": 178257920, "loss": 2.675093412399292, "lr": 6e-05, "grad_norm": 0.07426343113183975, "step_seconds": 12.821002697572112, "tokens_per_second": 163571.60586177348, "mfu": 0.7788145878773196, "elapsed_seconds": 1189.1184773687273, "unix": 1789444504.6852849, "ddp_buckets_rebuilt": false}
{"step": 86, "prediction_tokens": 180355072, "loss": 2.704451084136963, "lr": 6e-05, "grad_norm": 0.06337787210941315, "step_seconds": 12.820267489179969, "tokens_per_second": 163580.9862602283, "mfu": 0.7788592508316156, "elapsed_seconds": 1201.9570245947689, "unix": 1789444517.5238323, "ddp_buckets_rebuilt": false}
{"step": 87, "prediction_tokens": 182452224, "loss": 2.722228527069092, "lr": 6e-05, "grad_norm": 0.07492634654045105, "step_seconds": 12.820827301591635, "tokens_per_second": 163573.84361145322, "mfu": 0.7788252424899307, "elapsed_seconds": 1214.795531840995, "unix": 1789444530.3623443, "ddp_buckets_rebuilt": false}
{"step": 88, "prediction_tokens": 184549376, "loss": 2.6541805267333984, "lr": 6e-05, "grad_norm": 0.07673805207014084, "step_seconds": 12.820797948166728, "tokens_per_second": 163574.218116422, "mfu": 0.778827025622959, "elapsed_seconds": 1227.636491574347, "unix": 1789444543.203298, "ddp_buckets_rebuilt": false}
{"step": 89, "prediction_tokens": 186646528, "loss": 2.577098846435547, "lr": 6e-05, "grad_norm": 0.10050562024116516, "step_seconds": 12.8233334235847, "tokens_per_second": 163541.8756360896, "mfu": 0.7786730331536773, "elapsed_seconds": 1240.4775712154806, "unix": 1789444556.0443792, "ddp_buckets_rebuilt": false}
{"step": 90, "prediction_tokens": 188743680, "loss": 2.6998744010925293, "lr": 6e-05, "grad_norm": 0.0771888718008995, "step_seconds": 12.819812478497624, "tokens_per_second": 163586.79220288945, "mfu": 0.7788868947054839, "elapsed_seconds": 1253.325527170673, "unix": 1789444568.8923357, "ddp_buckets_rebuilt": false}
{"step": 91, "prediction_tokens": 190840832, "loss": 2.673511505126953, "lr": 6e-05, "grad_norm": 0.08132186532020569, "step_seconds": 12.819350766018033, "tokens_per_second": 163592.68408188043, "mfu": 0.7789149477485778, "elapsed_seconds": 1266.1634561326355, "unix": 1789444581.7302685, "ddp_buckets_rebuilt": false}
{"step": 92, "prediction_tokens": 192937984, "loss": 2.626842498779297, "lr": 6e-05, "grad_norm": 0.07655102759599686, "step_seconds": 12.819913113489747, "tokens_per_second": 163585.50806348858, "mfu": 0.7788807805239119, "elapsed_seconds": 1279.0015499778092, "unix": 1789444594.5683568, "ddp_buckets_rebuilt": false}
{"step": 93, "prediction_tokens": 195035136, "loss": 2.632708787918091, "lr": 6e-05, "grad_norm": 0.07694340497255325, "step_seconds": 12.81988906674087, "tokens_per_second": 163585.8149069887, "mfu": 0.7788822414999342, "elapsed_seconds": 1291.8391204066575, "unix": 1789444607.4059258, "ddp_buckets_rebuilt": false}
{"step": 94, "prediction_tokens": 197132288, "loss": 2.652949094772339, "lr": 6e-05, "grad_norm": 0.07777471840381622, "step_seconds": 12.819466106593609, "tokens_per_second": 163591.21218951105, "mfu": 0.7789079396175332, "elapsed_seconds": 1304.6759405173361, "unix": 1789444620.2427468, "ddp_buckets_rebuilt": false}
{"step": 95, "prediction_tokens": 199229440, "loss": 2.6358988285064697, "lr": 6e-05, "grad_norm": 0.06588072329759598, "step_seconds": 12.861348347738385, "tokens_per_second": 163058.48681633567, "mfu": 0.7763714707128262, "elapsed_seconds": 1317.5548525229096, "unix": 1789444633.1216643, "ddp_buckets_rebuilt": false}
{"step": 96, "prediction_tokens": 201326592, "loss": 2.666184902191162, "lr": 6e-05, "grad_norm": 0.07529975473880768, "step_seconds": 12.970044760033488, "tokens_per_second": 161691.96319678586, "mfu": 0.7698650326059358, "elapsed_seconds": 1330.5429635196924, "unix": 1789444646.1097715, "ddp_buckets_rebuilt": false}
{"step": 97, "prediction_tokens": 203423744, "loss": 2.655057191848755, "lr": 6e-05, "grad_norm": 0.07440124452114105, "step_seconds": 12.818446530029178, "tokens_per_second": 163604.22420042084, "mfu": 0.7789698937926529, "elapsed_seconds": 1343.3808258138597, "unix": 1789444658.9476323, "ddp_buckets_rebuilt": false}
{"step": 98, "prediction_tokens": 205520896, "loss": 2.7078661918640137, "lr": 6e-05, "grad_norm": 0.0672137588262558, "step_seconds": 12.818975277245045, "tokens_per_second": 163597.47597942976, "mfu": 0.7789377634426303, "elapsed_seconds": 1356.2176343761384, "unix": 1789444671.7844412, "ddp_buckets_rebuilt": false}
{"step": 99, "prediction_tokens": 207618048, "loss": 2.7227883338928223, "lr": 6e-05, "grad_norm": 0.07980828732252121, "step_seconds": 12.819698061794043, "tokens_per_second": 163588.2522264737, "mfu": 0.778893846325602, "elapsed_seconds": 1369.0569930952042, "unix": 1789444684.6238012, "ddp_buckets_rebuilt": false}
{"step": 100, "prediction_tokens": 209715200, "loss": 2.6734981536865234, "lr": 6e-05, "grad_norm": 0.07721468061208725, "step_seconds": 12.81969434209168, "tokens_per_second": 163588.29969247346, "mfu": 0.7788940723257861, "elapsed_seconds": 1381.8945755455643, "unix": 1789444697.461388, "ddp_buckets_rebuilt": false}
{"step": 101, "prediction_tokens": 211812352, "loss": 2.646488904953003, "lr": 6e-05, "grad_norm": 0.06200794130563736, "step_seconds": 12.82142074406147, "tokens_per_second": 163566.27255769164, "mfu": 0.7787891943807, "elapsed_seconds": 1394.7365124914795, "unix": 1789444710.3033206, "ddp_buckets_rebuilt": false}
{"step": 102, "prediction_tokens": 213909504, "loss": 2.6603846549987793, "lr": 6e-05, "grad_norm": 0.06455022096633911, "step_seconds": 12.82038033567369, "tokens_per_second": 163579.54640117142, "mfu": 0.7788523952209974, "elapsed_seconds": 1407.5789738222957, "unix": 1789444723.1457808, "ddp_buckets_rebuilt": false}
{"step": 103, "prediction_tokens": 216006656, "loss": 2.6686325073242188, "lr": 6e-05, "grad_norm": 0.06564250588417053, "step_seconds": 12.820810271427035, "tokens_per_second": 163574.0608901916, "mfu": 0.7788262770206501, "elapsed_seconds": 1420.4175703991205, "unix": 1789444735.9843774, "ddp_buckets_rebuilt": false}
{"step": 104, "prediction_tokens": 218103808, "loss": 2.677332639694214, "lr": 6e-05, "grad_norm": 0.06178780272603035, "step_seconds": 12.820156009867787, "tokens_per_second": 163582.40869969162, "mfu": 0.7788660235022057, "elapsed_seconds": 1433.2585017941892, "unix": 1789444748.8253102, "ddp_buckets_rebuilt": false}
{"step": 105, "prediction_tokens": 220200960, "loss": 2.6681885719299316, "lr": 6e-05, "grad_norm": 0.06804557144641876, "step_seconds": 12.82002817466855, "tokens_per_second": 163584.03986535856, "mfu": 0.778873789982274, "elapsed_seconds": 1446.0993230305612, "unix": 1789444761.6661367, "ddp_buckets_rebuilt": false}
{"step": 106, "prediction_tokens": 222298112, "loss": 2.689173698425293, "lr": 6e-05, "grad_norm": 0.05929884687066078, "step_seconds": 12.819826576858759, "tokens_per_second": 163586.61230141734, "mfu": 0.7788860381393939, "elapsed_seconds": 1458.939295751974, "unix": 1789444774.506104, "ddp_buckets_rebuilt": false}
{"step": 107, "prediction_tokens": 224395264, "loss": 2.7208521366119385, "lr": 6e-05, "grad_norm": 0.06391417980194092, "step_seconds": 12.819596925750375, "tokens_per_second": 163589.54280282464, "mfu": 0.7788999911554678, "elapsed_seconds": 1471.776541851461, "unix": 1789444787.343351, "ddp_buckets_rebuilt": false}
{"step": 108, "prediction_tokens": 226492416, "loss": 2.699733018875122, "lr": 6e-05, "grad_norm": 0.0751977413892746, "step_seconds": 12.820022279396653, "tokens_per_second": 163584.11508928344, "mfu": 0.7788741481464537, "elapsed_seconds": 1484.615567971021, "unix": 1789444800.1823752, "ddp_buckets_rebuilt": false}
{"step": 109, "prediction_tokens": 228589568, "loss": 2.657116651535034, "lr": 6e-05, "grad_norm": 0.06064584478735924, "step_seconds": 12.821460397914052, "tokens_per_second": 163565.76668451822, "mfu": 0.7787867857633547, "elapsed_seconds": 1497.4551702737808, "unix": 1789444813.0219822, "ddp_buckets_rebuilt": false}
{"step": 110, "prediction_tokens": 230686720, "loss": 2.6828932762145996, "lr": 6e-05, "grad_norm": 0.05501226708292961, "step_seconds": 12.820079741999507, "tokens_per_second": 163583.38186693008, "mfu": 0.778870657049928, "elapsed_seconds": 1510.2968464232981, "unix": 1789444825.8636577, "ddp_buckets_rebuilt": false}
{"step": 111, "prediction_tokens": 232783872, "loss": 2.662179708480835, "lr": 6e-05, "grad_norm": 0.054930999875068665, "step_seconds": 12.820670248940587, "tokens_per_second": 163575.847383899, "mfu": 0.7788347830651627, "elapsed_seconds": 1523.1375498082489, "unix": 1789444838.7043576, "ddp_buckets_rebuilt": false}
{"step": 112, "prediction_tokens": 234881024, "loss": 2.670051336288452, "lr": 6e-05, "grad_norm": 0.06468569487333298, "step_seconds": 12.820590237155557, "tokens_per_second": 163576.86824138646, "mfu": 0.7788396436807883, "elapsed_seconds": 1535.9739756174386, "unix": 1789444851.5407832, "ddp_buckets_rebuilt": false}
{"step": 113, "prediction_tokens": 236978176, "loss": 2.6593594551086426, "lr": 6e-05, "grad_norm": 0.05553846061229706, "step_seconds": 12.820208569988608, "tokens_per_second": 163581.73804670508, "mfu": 0.7788628303176273, "elapsed_seconds": 1548.8113678675145, "unix": 1789444864.3781757, "ddp_buckets_rebuilt": false}
{"step": 114, "prediction_tokens": 239075328, "loss": 2.642799139022827, "lr": 6e-05, "grad_norm": 0.06382222473621368, "step_seconds": 12.820236092433333, "tokens_per_second": 163581.3868699162, "mfu": 0.7788611582572188, "elapsed_seconds": 1561.6514859441668, "unix": 1789444877.2182972, "ddp_buckets_rebuilt": false}
{"step": 115, "prediction_tokens": 241172480, "loss": 2.6714026927948, "lr": 6e-05, "grad_norm": 0.06237579882144928, "step_seconds": 12.819822084158659, "tokens_per_second": 163586.66963026204, "mfu": 0.7788863110996082, "elapsed_seconds": 1574.4912362042814, "unix": 1789444890.058049, "ddp_buckets_rebuilt": false}
{"step": 116, "prediction_tokens": 243269632, "loss": 2.6365866661071777, "lr": 6e-05, "grad_norm": 0.05841735750436783, "step_seconds": 12.82068863324821, "tokens_per_second": 163575.6128232772, "mfu": 0.7788336662500953, "elapsed_seconds": 1587.3358500041068, "unix": 1789444902.902658, "ddp_buckets_rebuilt": false}
{"step": 117, "prediction_tokens": 245366784, "loss": 2.5761594772338867, "lr": 6e-05, "grad_norm": 0.06607988476753235, "step_seconds": 12.821346106007695, "tokens_per_second": 163567.22474072655, "mfu": 0.7787937280161926, "elapsed_seconds": 1600.1923288218677, "unix": 1789444915.7591388, "ddp_buckets_rebuilt": false}
{"step": 118, "prediction_tokens": 247463936, "loss": 2.690739870071411, "lr": 6e-05, "grad_norm": 0.055363938212394714, "step_seconds": 12.819815190508962, "tokens_per_second": 163586.757596366, "mfu": 0.778886729933211, "elapsed_seconds": 1613.032078422606, "unix": 1789444928.5988908, "ddp_buckets_rebuilt": false}
{"step": 119, "prediction_tokens": 249561088, "loss": 2.703540802001953, "lr": 6e-05, "grad_norm": 0.055358074605464935, "step_seconds": 12.818738397210836, "tokens_per_second": 163600.49912995406, "mfu": 0.7789521575895685, "elapsed_seconds": 1625.868621274829, "unix": 1789444941.4354494, "ddp_buckets_rebuilt": false}
{"step": 120, "prediction_tokens": 251658240, "loss": 2.741460084915161, "lr": 6e-05, "grad_norm": 0.05554419383406639, "step_seconds": 12.818969242274761, "tokens_per_second": 163597.55299856345, "mfu": 0.7789381301543501, "elapsed_seconds": 1638.7148881088942, "unix": 1789444954.2816966, "ddp_buckets_rebuilt": false}
{"step": 121, "prediction_tokens": 253755392, "loss": 2.6610305309295654, "lr": 6e-05, "grad_norm": 0.05223670229315758, "step_seconds": 12.821179481223226, "tokens_per_second": 163569.350469768, "mfu": 0.7788038492641843, "elapsed_seconds": 1651.5569332912564, "unix": 1789444967.1237419, "ddp_buckets_rebuilt": false}
{"step": 122, "prediction_tokens": 255852544, "loss": 2.6919286251068115, "lr": 6e-05, "grad_norm": 0.055506687611341476, "step_seconds": 12.818498065695167, "tokens_per_second": 163603.56644374688, "mfu": 0.7789667620113743, "elapsed_seconds": 1664.3972544316202, "unix": 1789444979.9640627, "ddp_buckets_rebuilt": false}
{"step": 123, "prediction_tokens": 257949696, "loss": 2.6436655521392822, "lr": 6e-05, "grad_norm": 0.132784903049469, "step_seconds": 12.818277375772595, "tokens_per_second": 163606.38317624162, "mfu": 0.7789801733387589, "elapsed_seconds": 1677.23196926713, "unix": 1789444992.7987807, "ddp_buckets_rebuilt": false}
{"step": 124, "prediction_tokens": 260046848, "loss": 2.54909610748291, "lr": 6e-05, "grad_norm": 0.15024451911449432, "step_seconds": 12.820256466045976, "tokens_per_second": 163581.12691070084, "mfu": 0.7788599205116571, "elapsed_seconds": 1690.0697441976517, "unix": 1789445005.6365533, "ddp_buckets_rebuilt": false}
{"step": 125, "prediction_tokens": 262144000, "loss": 2.5622076988220215, "lr": 6e-05, "grad_norm": 0.25053584575653076, "step_seconds": 12.862061778083444, "tokens_per_second": 163049.44231985282, "mfu": 0.7763284070908503, "elapsed_seconds": 1702.951959475875, "unix": 1789445018.518777, "ddp_buckets_rebuilt": false}
{"step": 126, "prediction_tokens": 264241152, "loss": 2.5599493980407715, "lr": 6e-05, "grad_norm": 0.07848543673753738, "step_seconds": 12.818984482437372, "tokens_per_second": 163597.3585016192, "mfu": 0.7789372040947403, "elapsed_seconds": 1715.7904175333679, "unix": 1789445031.3572304, "ddp_buckets_rebuilt": false}
{"step": 127, "prediction_tokens": 266338304, "loss": 2.671172618865967, "lr": 6e-05, "grad_norm": 0.06835392862558365, "step_seconds": 12.98499227873981, "tokens_per_second": 161505.8334253802, "mfu": 0.7689788116726309, "elapsed_seconds": 1728.7939236555248, "unix": 1789445044.3607314, "ddp_buckets_rebuilt": false}
{"step": 128, "prediction_tokens": 268435456, "loss": 2.658008337020874, "lr": 6e-05, "grad_norm": 0.060720305889844894, "step_seconds": 12.81840580329299, "tokens_per_second": 163604.74400500345, "mfu": 0.7789723687417105, "elapsed_seconds": 1741.6295937988907, "unix": 1789445057.1964102, "ddp_buckets_rebuilt": false}
{"step": 129, "prediction_tokens": 270532608, "loss": 2.6680641174316406, "lr": 6e-05, "grad_norm": 0.06593647599220276, "step_seconds": 12.81732508353889, "tokens_per_second": 163618.5386834998, "mfu": 0.7790380494372776, "elapsed_seconds": 1754.467623386532, "unix": 1789445070.0344386, "ddp_buckets_rebuilt": false}
{"step": 130, "prediction_tokens": 272629760, "loss": 2.646811008453369, "lr": 6e-05, "grad_norm": 0.0652608647942543, "step_seconds": 12.818930700421333, "tokens_per_second": 163598.04487679075, "mfu": 0.7789404721374642, "elapsed_seconds": 1767.3007907234132, "unix": 1789445082.867607, "ddp_buckets_rebuilt": false}
{"step": 131, "prediction_tokens": 274726912, "loss": 2.655573844909668, "lr": 6e-05, "grad_norm": 0.05586106330156326, "step_seconds": 12.816350109875202, "tokens_per_second": 163630.98557865634, "mfu": 0.7790973129229579, "elapsed_seconds": 1780.1323037669063, "unix": 1789445095.699111, "ddp_buckets_rebuilt": false}
{"step": 132, "prediction_tokens": 276824064, "loss": 2.60634708404541, "lr": 6e-05, "grad_norm": 0.052645064890384674, "step_seconds": 12.81544104218483, "tokens_per_second": 163642.59279854398, "mfu": 0.7791525784571292, "elapsed_seconds": 1792.9656651876867, "unix": 1789445108.5324738, "ddp_buckets_rebuilt": false}
{"step": 133, "prediction_tokens": 278921216, "loss": 2.595949411392212, "lr": 6e-05, "grad_norm": 0.059744518250226974, "step_seconds": 12.81646417453885, "tokens_per_second": 163629.5292867276, "mfu": 0.7790903790703964, "elapsed_seconds": 1805.7964580021799, "unix": 1789445121.3632684, "ddp_buckets_rebuilt": false}
{"step": 134, "prediction_tokens": 281018368, "loss": 2.5977776050567627, "lr": 6e-05, "grad_norm": 0.05658502131700516, "step_seconds": 12.81655558384955, "tokens_per_second": 163628.36226003434, "mfu": 0.7790848224983472, "elapsed_seconds": 1818.6323317475617, "unix": 1789445134.1991355, "ddp_buckets_rebuilt": false}
{"step": 135, "prediction_tokens": 283115520, "loss": 2.61279034614563, "lr": 6e-05, "grad_norm": 0.05469739809632301, "step_seconds": 12.815021911635995, "tokens_per_second": 163647.94492436983, "mfu": 0.7791780615698454, "elapsed_seconds": 1831.4636311586946, "unix": 1789445147.030438, "ddp_buckets_rebuilt": false}
{"step": 136, "prediction_tokens": 285212672, "loss": 2.6226158142089844, "lr": 6e-05, "grad_norm": 0.05928143858909607, "step_seconds": 12.81608034670353, "tokens_per_second": 163634.42981530746, "mfu": 0.7791137119901057, "elapsed_seconds": 1844.2944241426885, "unix": 1789445159.8612316, "ddp_buckets_rebuilt": false}
{"step": 137, "prediction_tokens": 287309824, "loss": 2.6098341941833496, "lr": 6e-05, "grad_norm": 0.05438920110464096, "step_seconds": 12.814343405887485, "tokens_per_second": 163656.6099076504, "mfu": 0.779219318213057, "elapsed_seconds": 1857.1236993558705, "unix": 1789445172.6905098, "ddp_buckets_rebuilt": false}
{"step": 138, "prediction_tokens": 289406976, "loss": 2.596628189086914, "lr": 6e-05, "grad_norm": 0.05490316078066826, "step_seconds": 12.816394992172718, "tokens_per_second": 163630.41255210855, "mfu": 0.7790945845677993, "elapsed_seconds": 1869.9588912278414, "unix": 1789445185.5256958, "ddp_buckets_rebuilt": false}
{"step": 139, "prediction_tokens": 291504128, "loss": 2.585580825805664, "lr": 6e-05, "grad_norm": 0.07340596616268158, "step_seconds": 12.81449844315648, "tokens_per_second": 163654.62989462327, "mfu": 0.7792098907637048, "elapsed_seconds": 1882.789805388078, "unix": 1789445198.3566117, "ddp_buckets_rebuilt": false}
{"step": 140, "prediction_tokens": 293601280, "loss": 2.6390275955200195, "lr": 6e-05, "grad_norm": 0.05338169261813164, "step_seconds": 12.815981905907393, "tokens_per_second": 163635.68670718392, "mfu": 0.7791196964378564, "elapsed_seconds": 1895.622846648097, "unix": 1789445211.1896534, "ddp_buckets_rebuilt": false}
{"step": 141, "prediction_tokens": 295698432, "loss": 2.647573947906494, "lr": 6e-05, "grad_norm": 0.05437549948692322, "step_seconds": 12.815380388870835, "tokens_per_second": 163643.36729491182, "mfu": 0.7791562660718979, "elapsed_seconds": 1908.4566022921354, "unix": 1789445224.0234113, "ddp_buckets_rebuilt": false}
{"step": 142, "prediction_tokens": 297795584, "loss": 2.6585681438446045, "lr": 6e-05, "grad_norm": 0.05160322040319443, "step_seconds": 12.815003739669919, "tokens_per_second": 163648.1769808689, "mfu": 0.7791791664620161, "elapsed_seconds": 1921.2884610313922, "unix": 1789445236.8552723, "ddp_buckets_rebuilt": false}
{"step": 143, "prediction_tokens": 299892736, "loss": 2.559338092803955, "lr": 6e-05, "grad_norm": 0.06743533909320831, "step_seconds": 12.815351568162441, "tokens_per_second": 163643.73531585486, "mfu": 0.7791580183324909, "elapsed_seconds": 1934.1235256828368, "unix": 1789445249.6903317, "ddp_buckets_rebuilt": false}
{"step": 144, "prediction_tokens": 301989888, "loss": 2.5624518394470215, "lr": 6e-05, "grad_norm": 0.06252659112215042, "step_seconds": 12.817855035886168, "tokens_per_second": 163611.77389887781, "mfu": 0.7790058402227279, "elapsed_seconds": 1946.9601020477712, "unix": 1789445262.5269077, "ddp_buckets_rebuilt": false}
{"step": 145, "prediction_tokens": 304087040, "loss": 2.6285080909729004, "lr": 6e-05, "grad_norm": 0.05527707561850548, "step_seconds": 12.814760494977236, "tokens_per_second": 163651.28328555042, "mfu": 0.7791939565314026, "elapsed_seconds": 1959.7934956140816, "unix": 1789445275.360304, "ddp_buckets_rebuilt": false}
{"step": 146, "prediction_tokens": 306184192, "loss": 2.6358838081359863, "lr": 6e-05, "grad_norm": 0.05495461821556091, "step_seconds": 12.813080679625273, "tokens_per_second": 163672.7382302983, "mfu": 0.7792961101042292, "elapsed_seconds": 1972.6265660282224, "unix": 1789445288.1933758, "ddp_buckets_rebuilt": false}
{"step": 147, "prediction_tokens": 308281344, "loss": 2.712771415710449, "lr": 6e-05, "grad_norm": 0.060360074043273926, "step_seconds": 12.81271886639297, "tokens_per_second": 163677.3601191477, "mfu": 0.7793181163347145, "elapsed_seconds": 1985.4602437652647, "unix": 1789445301.02705, "ddp_buckets_rebuilt": false}
{"step": 148, "prediction_tokens": 310378496, "loss": 2.6446566581726074, "lr": 6e-05, "grad_norm": 0.053000595420598984, "step_seconds": 12.811325887218118, "tokens_per_second": 163695.15680592688, "mfu": 0.7794028518192534, "elapsed_seconds": 1998.290189338848, "unix": 1789445313.856995, "ddp_buckets_rebuilt": false}
{"step": 149, "prediction_tokens": 312475648, "loss": 2.652491331100464, "lr": 6e-05, "grad_norm": 0.04708137363195419, "step_seconds": 12.812006885185838, "tokens_per_second": 163686.45589980736, "mfu": 0.7793614241363868, "elapsed_seconds": 2011.1170827038586, "unix": 1789445326.6838894, "ddp_buckets_rebuilt": false}
{"step": 150, "prediction_tokens": 314572800, "loss": 2.623288154602051, "lr": 6e-05, "grad_norm": 0.06749463826417923, "step_seconds": 12.81253164820373, "tokens_per_second": 163679.7517915995, "mfu": 0.7793295038208559, "elapsed_seconds": 2023.9436548911035, "unix": 1789445339.5104675, "ddp_buckets_rebuilt": false}
{"step": 151, "prediction_tokens": 316669952, "loss": 2.6669702529907227, "lr": 6e-05, "grad_norm": 0.0595802366733551, "step_seconds": 12.814336551353335, "tokens_per_second": 163656.6974494296, "mfu": 0.7792197350263195, "elapsed_seconds": 2036.7762777190655, "unix": 1789445352.3430855, "ddp_buckets_rebuilt": false}
{"step": 152, "prediction_tokens": 318767104, "loss": 2.6155598163604736, "lr": 6e-05, "grad_norm": 0.05633684992790222, "step_seconds": 12.81083439104259, "tokens_per_second": 163701.43707940998, "mfu": 0.7794327541276568, "elapsed_seconds": 2049.605309298262, "unix": 1789445365.172115, "ddp_buckets_rebuilt": false}
{"step": 153, "prediction_tokens": 320864256, "loss": 2.611997365951538, "lr": 6e-05, "grad_norm": 0.05550076439976692, "step_seconds": 12.813775647431612, "tokens_per_second": 163663.861277324, "mfu": 0.7792538442082879, "elapsed_seconds": 2062.435034163296, "unix": 1789445378.0018404, "ddp_buckets_rebuilt": false}
{"step": 154, "prediction_tokens": 322961408, "loss": 2.6369853019714355, "lr": 6e-05, "grad_norm": 0.052193909883499146, "step_seconds": 12.812318107113242, "tokens_per_second": 163682.4798188305, "mfu": 0.7793424927952713, "elapsed_seconds": 2075.27759171091, "unix": 1789445390.8444006, "ddp_buckets_rebuilt": false}
{"step": 155, "prediction_tokens": 325058560, "loss": 2.619157552719116, "lr": 6e-05, "grad_norm": 0.05737631767988205, "step_seconds": 12.813118930906057, "tokens_per_second": 163672.24961453656, "mfu": 0.7792937836547142, "elapsed_seconds": 2088.1109690014273, "unix": 1789445403.6777792, "ddp_buckets_rebuilt": false}
{"step": 156, "prediction_tokens": 327155712, "loss": 2.606649160385132, "lr": 6e-05, "grad_norm": 0.050142064690589905, "step_seconds": 12.8447190169245, "tokens_per_second": 163269.58941155067, "mfu": 0.7773765949202094, "elapsed_seconds": 2100.9726866241544, "unix": 1789445416.5394926, "ddp_buckets_rebuilt": false}
{"step": 157, "prediction_tokens": 329252864, "loss": 2.629793405532837, "lr": 6e-05, "grad_norm": 0.04689770191907883, "step_seconds": 12.814146751537919, "tokens_per_second": 163659.1214899506, "mfu": 0.7792312766267667, "elapsed_seconds": 2113.8043100815266, "unix": 1789445429.3711164, "ddp_buckets_rebuilt": false}
{"step": 158, "prediction_tokens": 331350016, "loss": 2.6291236877441406, "lr": 6e-05, "grad_norm": 0.04951605200767517, "step_seconds": 12.977293752133846, "tokens_per_second": 161601.64361349738, "mfu": 0.7694349933661456, "elapsed_seconds": 2126.803042506799, "unix": 1789445442.3698506, "ddp_buckets_rebuilt": false}
{"step": 159, "prediction_tokens": 333447168, "loss": 2.6156435012817383, "lr": 6e-05, "grad_norm": 0.05026264488697052, "step_seconds": 12.813046356663108, "tokens_per_second": 163673.1766688277, "mfu": 0.77929819764455, "elapsed_seconds": 2139.634528482333, "unix": 1789445455.2013385, "ddp_buckets_rebuilt": false}
{"step": 160, "prediction_tokens": 335544320, "loss": 2.637744426727295, "lr": 6e-05, "grad_norm": 0.04685259237885475, "step_seconds": 12.813707526773214, "tokens_per_second": 163664.7313525901, "mfu": 0.7792579869035083, "elapsed_seconds": 2152.467537805438, "unix": 1789445468.0343447, "ddp_buckets_rebuilt": false}
{"step": 161, "prediction_tokens": 337641472, "loss": 2.6293652057647705, "lr": 6e-05, "grad_norm": 0.05021986737847328, "step_seconds": 12.814973900094628, "tokens_per_second": 163648.5580344814, "mfu": 0.7791809807751459, "elapsed_seconds": 2165.2997042946517, "unix": 1789445480.8665113, "ddp_buckets_rebuilt": false}
{"step": 162, "prediction_tokens": 339738624, "loss": 2.6854281425476074, "lr": 6e-05, "grad_norm": 0.04454001411795616, "step_seconds": 12.81362859904766, "tokens_per_second": 163665.7394733499, "mfu": 0.779262786875667, "elapsed_seconds": 2178.1439881231636, "unix": 1789445493.7107964, "ddp_buckets_rebuilt": false}
{"step": 163, "prediction_tokens": 341835776, "loss": 2.58739972114563, "lr": 6e-05, "grad_norm": 0.04940168187022209, "step_seconds": 12.81362709403038, "tokens_per_second": 163665.75869661622, "mfu": 0.7792628784035341, "elapsed_seconds": 2190.973200118169, "unix": 1789445506.54001, "ddp_buckets_rebuilt": false}
{"step": 164, "prediction_tokens": 343932928, "loss": 2.6046390533447266, "lr": 6e-05, "grad_norm": 0.04842031002044678, "step_seconds": 12.81511988863349, "tokens_per_second": 163646.69376679743, "mfu": 0.7791721044248752, "elapsed_seconds": 2203.80524902232, "unix": 1789445519.3720558, "ddp_buckets_rebuilt": false}
{"step": 165, "prediction_tokens": 346030080, "loss": 2.5770652294158936, "lr": 6e-05, "grad_norm": 0.04955995827913284, "step_seconds": 12.81452072225511, "tokens_per_second": 163654.345367584, "mfu": 0.7792085360431978, "elapsed_seconds": 2216.6369993258268, "unix": 1789445532.203806, "ddp_buckets_rebuilt": false}
{"step": 166, "prediction_tokens": 348127232, "loss": 2.6295082569122314, "lr": 6e-05, "grad_norm": 0.04923752322793007, "step_seconds": 12.81388426758349, "tokens_per_second": 163662.47393894187, "mfu": 0.7792472386647118, "elapsed_seconds": 2229.4673851132393, "unix": 1789445545.034191, "ddp_buckets_rebuilt": false}
{"step": 167, "prediction_tokens": 350224384, "loss": 2.6273550987243652, "lr": 6e-05, "grad_norm": 0.045611556619405746, "step_seconds": 12.8125617839396, "tokens_per_second": 163679.36680927902, "mfu": 0.7793276708019424, "elapsed_seconds": 2242.2976300232112, "unix": 1789445557.8644385, "ddp_buckets_rebuilt": false}
{"step": 168, "prediction_tokens": 352321536, "loss": 2.645883560180664, "lr": 6e-05, "grad_norm": 0.046473827213048935, "step_seconds": 12.8136976826936, "tokens_per_second": 163664.8570874627, "mfu": 0.7792585855658034, "elapsed_seconds": 2255.1286307796836, "unix": 1789445570.6954417, "ddp_buckets_rebuilt": false}
{"step": 169, "prediction_tokens": 354418688, "loss": 2.622675895690918, "lr": 6e-05, "grad_norm": 0.04776396229863167, "step_seconds": 12.815339267253876, "tokens_per_second": 163643.89239063716, "mfu": 0.7791587662137092, "elapsed_seconds": 2267.9625057633966, "unix": 1789445583.5293174, "ddp_buckets_rebuilt": false}
{"step": 170, "prediction_tokens": 356515840, "loss": 2.6154654026031494, "lr": 6e-05, "grad_norm": 0.04948330298066139, "step_seconds": 12.813869783654809, "tokens_per_second": 163662.65893189405, "mfu": 0.7792481194729002, "elapsed_seconds": 2280.7962760329247, "unix": 1789445596.3630834, "ddp_buckets_rebuilt": false}
{"step": 171, "prediction_tokens": 358612992, "loss": 2.6358752250671387, "lr": 6e-05, "grad_norm": 0.04235200956463814, "step_seconds": 12.813480362296104, "tokens_per_second": 163667.63289159964, "mfu": 0.7792718020207227, "elapsed_seconds": 2293.6330754514784, "unix": 1789445609.1998901, "ddp_buckets_rebuilt": false}
{"step": 172, "prediction_tokens": 360710144, "loss": 2.6432344913482666, "lr": 6e-05, "grad_norm": 0.048277560621500015, "step_seconds": 12.813447335734963, "tokens_per_second": 163668.05474365418, "mfu": 0.7792738105877491, "elapsed_seconds": 2306.46508397907, "unix": 1789445622.0318964, "ddp_buckets_rebuilt": false}
{"step": 173, "prediction_tokens": 362807296, "loss": 2.6128182411193848, "lr": 6e-05, "grad_norm": 0.04768039286136627, "step_seconds": 12.813579278066754, "tokens_per_second": 163666.3694421226, "mfu": 0.7792657863502244, "elapsed_seconds": 2319.3008593656123, "unix": 1789445634.867667, "ddp_buckets_rebuilt": false}
{"step": 174, "prediction_tokens": 364904448, "loss": 2.6230759620666504, "lr": 6e-05, "grad_norm": 0.05042257905006409, "step_seconds": 12.81541883200407, "tokens_per_second": 163642.87640469166, "mfu": 0.7791539287929888, "elapsed_seconds": 2332.134949391708, "unix": 1789445647.7017553, "ddp_buckets_rebuilt": false}
{"step": 175, "prediction_tokens": 367001600, "loss": 2.595956325531006, "lr": 6e-05, "grad_norm": 0.05434330180287361, "step_seconds": 12.813681969419122, "tokens_per_second": 163665.05778784124, "mfu": 0.7792595411618665, "elapsed_seconds": 2344.9659536946565, "unix": 1789445660.532761, "ddp_buckets_rebuilt": false}
{"step": 176, "prediction_tokens": 369098752, "loss": 2.6014866828918457, "lr": 6e-05, "grad_norm": 0.05641934648156166, "step_seconds": 12.815547915175557, "tokens_per_second": 163641.2281301413, "mfu": 0.7791460808522788, "elapsed_seconds": 2357.8052561786026, "unix": 1789445673.3720694, "ddp_buckets_rebuilt": false}
{"step": 177, "prediction_tokens": 371195904, "loss": 2.635406970977783, "lr": 6e-05, "grad_norm": 0.04578095301985741, "step_seconds": 12.8145423643291, "tokens_per_second": 163654.06897695293, "mfu": 0.7792072200626259, "elapsed_seconds": 2370.639637356624, "unix": 1789445686.2064419, "ddp_buckets_rebuilt": false}
{"step": 178, "prediction_tokens": 373293056, "loss": 2.6143693923950195, "lr": 6e-05, "grad_norm": 0.04767215996980667, "step_seconds": 12.813860697671771, "tokens_per_second": 163662.77498092706, "mfu": 0.7792486720179421, "elapsed_seconds": 2383.4741923008114, "unix": 1789445699.0409987, "ddp_buckets_rebuilt": false}
{"step": 179, "prediction_tokens": 375390208, "loss": 2.6014037132263184, "lr": 6e-05, "grad_norm": 0.04589919000864029, "step_seconds": 12.814878923818469, "tokens_per_second": 163649.77090045798, "mfu": 0.7791867556020831, "elapsed_seconds": 2396.30978827551, "unix": 1789445711.8765953, "ddp_buckets_rebuilt": false}
{"step": 180, "prediction_tokens": 377487360, "loss": 2.6319468021392822, "lr": 6e-05, "grad_norm": 0.04605697840452194, "step_seconds": 12.815935611724854, "tokens_per_second": 163636.2777978838, "mfu": 0.779122510801984, "elapsed_seconds": 2409.1455043833703, "unix": 1789445724.7123148, "ddp_buckets_rebuilt": false}
{"step": 181, "prediction_tokens": 379584512, "loss": 2.5909907817840576, "lr": 6e-05, "grad_norm": 0.08014553785324097, "step_seconds": 12.816897451877594, "tokens_per_second": 163623.99776341976, "mfu": 0.7790640417912418, "elapsed_seconds": 2421.985921734944, "unix": 1789445737.5527306, "ddp_buckets_rebuilt": false}
{"step": 182, "prediction_tokens": 381681664, "loss": 2.5899696350097656, "lr": 6e-05, "grad_norm": 0.04601454734802246, "step_seconds": 12.815670736134052, "tokens_per_second": 163639.65984917482, "mfu": 0.779138613785558, "elapsed_seconds": 2434.8201215993613, "unix": 1789445750.3869298, "ddp_buckets_rebuilt": false}
{"step": 183, "prediction_tokens": 383778816, "loss": 2.5847392082214355, "lr": 6e-05, "grad_norm": 0.05628672614693642, "step_seconds": 12.816515972837806, "tokens_per_second": 163628.86797352097, "mfu": 0.7790872303553749, "elapsed_seconds": 2447.659304851666, "unix": 1789445763.2261128, "ddp_buckets_rebuilt": false}
{"step": 184, "prediction_tokens": 385875968, "loss": 2.6405868530273438, "lr": 6e-05, "grad_norm": 0.05191442742943764, "step_seconds": 12.815767090767622, "tokens_per_second": 163638.42953347458, "mfu": 0.7791327558751341, "elapsed_seconds": 2460.496942123398, "unix": 1789445776.0637517, "ddp_buckets_rebuilt": false}
{"step": 185, "prediction_tokens": 387973120, "loss": 2.54988431930542, "lr": 6e-05, "grad_norm": 0.05273592099547386, "step_seconds": 12.817711619660258, "tokens_per_second": 163613.6045363444, "mfu": 0.7790145564492184, "elapsed_seconds": 2473.3314018193632, "unix": 1789445788.898211, "ddp_buckets_rebuilt": false}
{"step": 186, "prediction_tokens": 390070272, "loss": 2.536712169647217, "lr": 6e-05, "grad_norm": 0.04975772276520729, "step_seconds": 12.83172445744276, "tokens_per_second": 163434.93089766224, "mfu": 0.7781638364508319, "elapsed_seconds": 2486.1792280133814, "unix": 1789445801.7460427, "ddp_buckets_rebuilt": false}
{"step": 187, "prediction_tokens": 392167424, "loss": 2.613762378692627, "lr": 6e-05, "grad_norm": 0.05880004167556763, "step_seconds": 12.815626198425889, "tokens_per_second": 163640.22854049754, "mfu": 0.7791413214993805, "elapsed_seconds": 2499.012396587059, "unix": 1789445814.5792034, "ddp_buckets_rebuilt": false}
{"step": 188, "prediction_tokens": 394264576, "loss": 2.586742401123047, "lr": 6e-05, "grad_norm": 0.06584271043539047, "step_seconds": 12.971250062808394, "tokens_per_second": 161676.93860231905, "mfu": 0.7697934959031808, "elapsed_seconds": 2512.0031222477555, "unix": 1789445827.569929, "ddp_buckets_rebuilt": false}
{"step": 189, "prediction_tokens": 396361728, "loss": 2.692183256149292, "lr": 6e-05, "grad_norm": 0.05166645720601082, "step_seconds": 12.817027628421783, "tokens_per_second": 163622.3359111407, "mfu": 0.7790561292028008, "elapsed_seconds": 2524.8372003827244, "unix": 1789445840.4040136, "ddp_buckets_rebuilt": false}
{"step": 190, "prediction_tokens": 398458880, "loss": 2.6330480575561523, "lr": 6e-05, "grad_norm": 0.058091964572668076, "step_seconds": 12.817711183801293, "tokens_per_second": 163613.6100999318, "mfu": 0.7790145829391644, "elapsed_seconds": 2537.6735024638474, "unix": 1789445853.2403083, "ddp_buckets_rebuilt": false}
{"step": 191, "prediction_tokens": 400556032, "loss": 2.6295456886291504, "lr": 6e-05, "grad_norm": 0.07522710412740707, "step_seconds": 12.816721515730023, "tokens_per_second": 163626.24384294808, "mfu": 0.7790747360648168, "elapsed_seconds": 2550.506565997377, "unix": 1789445866.0733738, "ddp_buckets_rebuilt": false}
{"step": 192, "prediction_tokens": 402653184, "loss": 2.7134804725646973, "lr": 6e-05, "grad_norm": 0.06333664059638977, "step_seconds": 12.816234545782208, "tokens_per_second": 163632.4610406079, "mfu": 0.7791043380498781, "elapsed_seconds": 2563.3402117565274, "unix": 1789445878.907021, "ddp_buckets_rebuilt": false}
{"step": 193, "prediction_tokens": 404750336, "loss": 2.625847339630127, "lr": 6e-05, "grad_norm": 0.047533806413412094, "step_seconds": 12.818377442657948, "tokens_per_second": 163605.10598017983, "mfu": 0.778974092216554, "elapsed_seconds": 2576.176692727953, "unix": 1789445891.743503, "ddp_buckets_rebuilt": false}
{"step": 194, "prediction_tokens": 406847488, "loss": 2.612520933151245, "lr": 6e-05, "grad_norm": 0.05459855869412422, "step_seconds": 12.818225307390094, "tokens_per_second": 163607.04775495938, "mfu": 0.7789833376018807, "elapsed_seconds": 2589.0150872953236, "unix": 1789445904.5818944, "ddp_buckets_rebuilt": false}
{"step": 195, "prediction_tokens": 408944640, "loss": 2.5855720043182373, "lr": 6e-05, "grad_norm": 0.04813971370458603, "step_seconds": 12.819240370765328, "tokens_per_second": 163594.0928904508, "mfu": 0.7789216555183056, "elapsed_seconds": 2601.8543270546943, "unix": 1789445917.4211495, "ddp_buckets_rebuilt": false}
{"step": 196, "prediction_tokens": 411041792, "loss": 2.6504344940185547, "lr": 6e-05, "grad_norm": 0.04566606506705284, "step_seconds": 12.818322960287333, "tokens_per_second": 163605.80135929034, "mfu": 0.7789774031297929, "elapsed_seconds": 2614.6940038874745, "unix": 1789445930.2608182, "ddp_buckets_rebuilt": false}
{"step": 197, "prediction_tokens": 413138944, "loss": 2.5692403316497803, "lr": 6e-05, "grad_norm": 0.04752282053232193, "step_seconds": 12.818023331463337, "tokens_per_second": 163609.62574099045, "mfu": 0.778995612184121, "elapsed_seconds": 2627.5292159747332, "unix": 1789445943.096029, "ddp_buckets_rebuilt": false}
{"step": 198, "prediction_tokens": 415236096, "loss": 2.5864481925964355, "lr": 6e-05, "grad_norm": 0.04846317321062088, "step_seconds": 12.818219438195229, "tokens_per_second": 163607.12266720826, "mfu": 0.7789836942820754, "elapsed_seconds": 2640.3640893027186, "unix": 1789445955.9309049, "ddp_buckets_rebuilt": false}
{"step": 199, "prediction_tokens": 417333248, "loss": 2.55770206451416, "lr": 6e-05, "grad_norm": 0.047294732183218, "step_seconds": 12.818697774782777, "tokens_per_second": 163601.01757961433, "mfu": 0.7789546260874253, "elapsed_seconds": 2653.204126683995, "unix": 1789445968.7709334, "ddp_buckets_rebuilt": false}
{"step": 200, "prediction_tokens": 419430400, "loss": 2.624967336654663, "lr": 6e-05, "grad_norm": 0.05297613888978958, "step_seconds": 12.819879436865449, "tokens_per_second": 163585.9377873189, "mfu": 0.7788828265708774, "elapsed_seconds": 2666.0433500371873, "unix": 1789445981.6101563, "ddp_buckets_rebuilt": false}
{"step": 201, "prediction_tokens": 421527552, "loss": 2.5915517807006836, "lr": 6e-05, "grad_norm": 0.04257617145776749, "step_seconds": 12.819101763889194, "tokens_per_second": 163595.86175589764, "mfu": 0.7789300776292627, "elapsed_seconds": 2678.880622651428, "unix": 1789445994.4474385, "ddp_buckets_rebuilt": false}
{"step": 202, "prediction_tokens": 423624704, "loss": 2.6258482933044434, "lr": 6e-05, "grad_norm": 0.05227324739098549, "step_seconds": 12.819865358993411, "tokens_per_second": 163586.11742585915, "mfu": 0.7788836818850681, "elapsed_seconds": 2691.7223063427955, "unix": 1789446007.289123, "ddp_buckets_rebuilt": false}
{"step": 203, "prediction_tokens": 425721856, "loss": 2.6743297576904297, "lr": 6e-05, "grad_norm": 0.052724309265613556, "step_seconds": 12.820295562967658, "tokens_per_second": 163580.62805180356, "mfu": 0.778857545291432, "elapsed_seconds": 2704.6876056678593, "unix": 1789446020.2544127, "ddp_buckets_rebuilt": false}
{"step": 204, "prediction_tokens": 427819008, "loss": 2.5945401191711426, "lr": 6e-05, "grad_norm": 0.047826770693063736, "step_seconds": 12.820633556693792, "tokens_per_second": 163576.3155327885, "mfu": 0.778837012065621, "elapsed_seconds": 2717.5288125593215, "unix": 1789446033.0956182, "ddp_buckets_rebuilt": false}
{"step": 205, "prediction_tokens": 429916160, "loss": 2.608349323272705, "lr": 6e-05, "grad_norm": 0.04580437391996384, "step_seconds": 12.819949949160218, "tokens_per_second": 163585.03803186654, "mfu": 0.7788785425591864, "elapsed_seconds": 2730.36531919986, "unix": 1789446045.9321275, "ddp_buckets_rebuilt": false}
{"step": 206, "prediction_tokens": 432013312, "loss": 2.5824999809265137, "lr": 6e-05, "grad_norm": 0.048411548137664795, "step_seconds": 12.820152271538973, "tokens_per_second": 163582.45639996996, "mfu": 0.7788662506178621, "elapsed_seconds": 2743.2033467516303, "unix": 1789446058.7701564, "ddp_buckets_rebuilt": false}
{"step": 207, "prediction_tokens": 434110464, "loss": 2.618159532546997, "lr": 6e-05, "grad_norm": 0.04223037138581276, "step_seconds": 12.819877538830042, "tokens_per_second": 163585.96200688736, "mfu": 0.7788829418876717, "elapsed_seconds": 2756.0403062868863, "unix": 1789446071.607113, "ddp_buckets_rebuilt": false}
{"step": 208, "prediction_tokens": 436207616, "loss": 2.6089935302734375, "lr": 6e-05, "grad_norm": 0.04399541765451431, "step_seconds": 12.820257488638163, "tokens_per_second": 163581.11386285198, "mfu": 0.7788598583868465, "elapsed_seconds": 2768.880881810561, "unix": 1789446084.447688, "ddp_buckets_rebuilt": false}
{"step": 209, "prediction_tokens": 438304768, "loss": 2.6101012229919434, "lr": 6e-05, "grad_norm": 0.04975191131234169, "step_seconds": 12.819935517385602, "tokens_per_second": 163585.22218430604, "mfu": 0.778879419365436, "elapsed_seconds": 2781.7174530401826, "unix": 1789446097.2842622, "ddp_buckets_rebuilt": false}
{"step": 210, "prediction_tokens": 440401920, "loss": 2.6494672298431396, "lr": 6e-05, "grad_norm": 0.04129435867071152, "step_seconds": 12.819678584113717, "tokens_per_second": 163588.5007755821, "mfu": 0.7788950297441447, "elapsed_seconds": 2794.5538499150425, "unix": 1789446110.1206605, "ddp_buckets_rebuilt": false}
{"step": 211, "prediction_tokens": 442499072, "loss": 2.6190617084503174, "lr": 6e-05, "grad_norm": 0.04738204926252365, "step_seconds": 12.821152590215206, "tokens_per_second": 163569.69353913591, "mfu": 0.778805482722675, "elapsed_seconds": 2807.39544881694, "unix": 1789446122.962256, "ddp_buckets_rebuilt": false}
{"step": 212, "prediction_tokens": 444596224, "loss": 2.5433807373046875, "lr": 6e-05, "grad_norm": 0.041816070675849915, "step_seconds": 12.820715263485909, "tokens_per_second": 163575.2730561611, "mfu": 0.7788320485146387, "elapsed_seconds": 2820.231936911121, "unix": 1789446135.7987454, "ddp_buckets_rebuilt": false}
{"step": 213, "prediction_tokens": 446693376, "loss": 2.666029453277588, "lr": 6e-05, "grad_norm": 0.04606788232922554, "step_seconds": 12.820097532123327, "tokens_per_second": 163583.15486642474, "mfu": 0.7788695762308941, "elapsed_seconds": 2833.068127796054, "unix": 1789446148.6349385, "ddp_buckets_rebuilt": false}
{"step": 214, "prediction_tokens": 448790528, "loss": 2.622419595718384, "lr": 6e-05, "grad_norm": 0.043116338551044464, "step_seconds": 12.821186503395438, "tokens_per_second": 163569.26088272803, "mfu": 0.7788034227128082, "elapsed_seconds": 2845.9053075499833, "unix": 1789446161.472118, "ddp_buckets_rebuilt": false}
{"step": 215, "prediction_tokens": 450887680, "loss": 2.638813018798828, "lr": 6e-05, "grad_norm": 0.05463084205985069, "step_seconds": 12.819941978901625, "tokens_per_second": 163585.1397339692, "mfu": 0.7788790267940924, "elapsed_seconds": 2858.7448833100498, "unix": 1789446174.31169, "ddp_buckets_rebuilt": false}
{"step": 216, "prediction_tokens": 452984832, "loss": 2.6188864707946777, "lr": 6e-05, "grad_norm": 0.042593829333782196, "step_seconds": 12.821556439623237, "tokens_per_second": 163564.54147166124, "mfu": 0.7787809521491328, "elapsed_seconds": 2871.5849966350943, "unix": 1789446187.1518009, "ddp_buckets_rebuilt": false}
{"step": 217, "prediction_tokens": 455081984, "loss": 2.657083511352539, "lr": 6e-05, "grad_norm": 0.045042335987091064, "step_seconds": 12.820176688954234, "tokens_per_second": 163582.14483946154, "mfu": 0.7788647671827165, "elapsed_seconds": 2884.4208357278258, "unix": 1789446199.987645, "ddp_buckets_rebuilt": false}
{"step": 218, "prediction_tokens": 457179136, "loss": 2.6026268005371094, "lr": 6e-05, "grad_norm": 0.04070918634533882, "step_seconds": 12.820900803431869, "tokens_per_second": 163572.90584750794, "mfu": 0.7788207775081465, "elapsed_seconds": 2897.2702585980296, "unix": 1789446212.8370707, "ddp_buckets_rebuilt": false}
{"step": 219, "prediction_tokens": 459276288, "loss": 2.6156132221221924, "lr": 6e-05, "grad_norm": 0.04401244595646858, "step_seconds": 12.980927279219031, "tokens_per_second": 161556.4092526193, "mfu": 0.7692196186992555, "elapsed_seconds": 2910.2682735025883, "unix": 1789446225.8350794, "ddp_buckets_rebuilt": false}
{"step": 220, "prediction_tokens": 461373440, "loss": 2.6070377826690674, "lr": 6e-05, "grad_norm": 0.04047068580985069, "step_seconds": 12.82221107557416, "tokens_per_second": 163556.19070996245, "mfu": 0.778741191611253, "elapsed_seconds": 2923.106420243159, "unix": 1789446238.6732275, "ddp_buckets_rebuilt": false}
{"step": 221, "prediction_tokens": 463470592, "loss": 2.5715866088867188, "lr": 6e-05, "grad_norm": 0.04748225212097168, "step_seconds": 12.822794811800122, "tokens_per_second": 163548.74508871537, "mfu": 0.7787057407246979, "elapsed_seconds": 2935.9472945388407, "unix": 1789446251.514103, "ddp_buckets_rebuilt": false}
{"step": 222, "prediction_tokens": 465567744, "loss": 2.58982515335083, "lr": 6e-05, "grad_norm": 0.04623113572597504, "step_seconds": 12.822259314358234, "tokens_per_second": 163555.57539314704, "mfu": 0.7787382618991585, "elapsed_seconds": 2948.7865008078516, "unix": 1789446264.3533127, "ddp_buckets_rebuilt": false}
{"step": 223, "prediction_tokens": 467664896, "loss": 2.6259543895721436, "lr": 6e-05, "grad_norm": 0.05202518403530121, "step_seconds": 12.82162755355239, "tokens_per_second": 163563.6342765984, "mfu": 0.7787766327151744, "elapsed_seconds": 2961.626138737425, "unix": 1789446277.1929452, "ddp_buckets_rebuilt": false}
{"step": 224, "prediction_tokens": 469762048, "loss": 2.572934627532959, "lr": 6e-05, "grad_norm": 0.04319891706109047, "step_seconds": 12.821847496554255, "tokens_per_second": 163560.82854390435, "mfu": 0.7787632737612147, "elapsed_seconds": 2974.4653301592916, "unix": 1789446290.0321364, "ddp_buckets_rebuilt": false}
{"step": 225, "prediction_tokens": 471859200, "loss": 2.5821316242218018, "lr": 6e-05, "grad_norm": 0.042215071618556976, "step_seconds": 12.821467980742455, "tokens_per_second": 163565.66994901624, "mfu": 0.7787863251759581, "elapsed_seconds": 2987.3017852362245, "unix": 1789446302.8685944, "ddp_buckets_rebuilt": false}
{"step": 226, "prediction_tokens": 473956352, "loss": 2.5563321113586426, "lr": 6e-05, "grad_norm": 0.05207452178001404, "step_seconds": 12.822263536974788, "tokens_per_second": 163555.52153116875, "mfu": 0.7787380054457588, "elapsed_seconds": 3000.1408788748085, "unix": 1789446315.7076876, "ddp_buckets_rebuilt": false}
{"step": 227, "prediction_tokens": 476053504, "loss": 2.61140513420105, "lr": 6e-05, "grad_norm": 0.0449230931699276, "step_seconds": 12.821968015283346, "tokens_per_second": 163559.2911712357, "mfu": 0.7787559538583805, "elapsed_seconds": 3012.979231964797, "unix": 1789446328.5460384, "ddp_buckets_rebuilt": false}
{"step": 228, "prediction_tokens": 478150656, "loss": 2.5939602851867676, "lr": 6e-05, "grad_norm": 0.051290739327669144, "step_seconds": 12.824256779626012, "tokens_per_second": 163530.10049921647, "mfu": 0.778616968115233, "elapsed_seconds": 3025.8240405712277, "unix": 1789446341.3908465, "ddp_buckets_rebuilt": false}
{"step": 229, "prediction_tokens": 480247808, "loss": 2.6064562797546387, "lr": 6e-05, "grad_norm": 0.052470944821834564, "step_seconds": 12.825301833450794, "tokens_per_second": 163516.77545164933, "mfu": 0.7785535234765698, "elapsed_seconds": 3038.6680070459843, "unix": 1789446354.2348158, "ddp_buckets_rebuilt": false}
{"step": 230, "prediction_tokens": 482344960, "loss": 2.55698823928833, "lr": 6e-05, "grad_norm": 0.05080752447247505, "step_seconds": 12.82216383703053, "tokens_per_second": 163556.79327255243, "mfu": 0.7787440605965682, "elapsed_seconds": 3051.5110827516764, "unix": 1789446367.0778923, "ddp_buckets_rebuilt": false}
{"step": 231, "prediction_tokens": 484442112, "loss": 2.5215346813201904, "lr": 6e-05, "grad_norm": 0.04952431097626686, "step_seconds": 12.822672067210078, "tokens_per_second": 163550.3106534871, "mfu": 0.7787131948587823, "elapsed_seconds": 3064.3528440427035, "unix": 1789446379.91965, "ddp_buckets_rebuilt": false}
{"step": 232, "prediction_tokens": 486539264, "loss": 2.555001735687256, "lr": 6e-05, "grad_norm": 0.05000917613506317, "step_seconds": 12.82284421287477, "tokens_per_second": 163548.1150035618, "mfu": 0.7787027406960156, "elapsed_seconds": 3077.1951350625604, "unix": 1789446392.7619414, "ddp_buckets_rebuilt": false}
{"step": 233, "prediction_tokens": 488636416, "loss": 2.5568220615386963, "lr": 6e-05, "grad_norm": 0.048753611743450165, "step_seconds": 12.822301864624023, "tokens_per_second": 163555.0326408957, "mfu": 0.7787356776892114, "elapsed_seconds": 3090.0345326401293, "unix": 1789446405.6013424, "ddp_buckets_rebuilt": false}
{"step": 234, "prediction_tokens": 490733568, "loss": 2.554405450820923, "lr": 6e-05, "grad_norm": 0.04479411989450455, "step_seconds": 12.822242790833116, "tokens_per_second": 163555.78616084988, "mfu": 0.7787392654288406, "elapsed_seconds": 3102.87398875691, "unix": 1789446418.4408014, "ddp_buckets_rebuilt": false}
{"step": 235, "prediction_tokens": 492830720, "loss": 2.6102609634399414, "lr": 6e-05, "grad_norm": 0.055368803441524506, "step_seconds": 12.823619671165943, "tokens_per_second": 163538.2250703731, "mfu": 0.778655651690562, "elapsed_seconds": 3115.7140885554254, "unix": 1789446431.2808979, "ddp_buckets_rebuilt": false}
{"step": 236, "prediction_tokens": 494927872, "loss": 2.578674554824829, "lr": 6e-05, "grad_norm": 0.06181108206510544, "step_seconds": 12.822498086839914, "tokens_per_second": 163552.52976425595, "mfu": 0.7787237607258213, "elapsed_seconds": 3128.5555636230856, "unix": 1789446444.1223686, "ddp_buckets_rebuilt": false}
{"step": 237, "prediction_tokens": 497025024, "loss": 2.523078203201294, "lr": 6e-05, "grad_norm": 0.050768930464982986, "step_seconds": 12.822273705154657, "tokens_per_second": 163555.39183015007, "mfu": 0.7787373878994256, "elapsed_seconds": 3141.3955256361514, "unix": 1789446456.9623349, "ddp_buckets_rebuilt": false}
{"step": 238, "prediction_tokens": 499122176, "loss": 2.594574451446533, "lr": 6e-05, "grad_norm": 0.05217341333627701, "step_seconds": 12.82259757257998, "tokens_per_second": 163551.26082133147, "mfu": 0.7787177188993347, "elapsed_seconds": 3154.238985216245, "unix": 1789446469.8057988, "ddp_buckets_rebuilt": false}
{"step": 239, "prediction_tokens": 501219328, "loss": 2.575035333633423, "lr": 6e-05, "grad_norm": 0.10954244434833527, "step_seconds": 12.823522819206119, "tokens_per_second": 163539.46022219743, "mfu": 0.7786615326272561, "elapsed_seconds": 3167.083950486034, "unix": 1789446482.6507561, "ddp_buckets_rebuilt": false}
{"step": 240, "prediction_tokens": 503316480, "loss": 2.6088480949401855, "lr": 6e-05, "grad_norm": 0.04628187045454979, "step_seconds": 12.822395903989673, "tokens_per_second": 163553.83312938214, "mfu": 0.7787299664469688, "elapsed_seconds": 3179.925805795938, "unix": 1789446495.4926121, "ddp_buckets_rebuilt": false}
{"step": 241, "prediction_tokens": 505413632, "loss": 2.62868070602417, "lr": 6e-05, "grad_norm": 0.05526253208518028, "step_seconds": 12.822692507877946, "tokens_per_second": 163550.04993776162, "mfu": 0.7787119535112439, "elapsed_seconds": 3192.7712862025946, "unix": 1789446508.3380954, "ddp_buckets_rebuilt": false}
{"step": 242, "prediction_tokens": 507510784, "loss": 2.6004106998443604, "lr": 6e-05, "grad_norm": 0.04626697301864624, "step_seconds": 12.824129337444901, "tokens_per_second": 163531.7256101411, "mfu": 0.778624705766816, "elapsed_seconds": 3205.6156591400504, "unix": 1789446521.1824777, "ddp_buckets_rebuilt": false}
{"step": 243, "prediction_tokens": 509607936, "loss": 2.6097209453582764, "lr": 6e-05, "grad_norm": 0.04641853645443916, "step_seconds": 12.823520462960005, "tokens_per_second": 163539.49027160692, "mfu": 0.7786616757017116, "elapsed_seconds": 3218.457917459309, "unix": 1789446534.0247269, "ddp_buckets_rebuilt": false}
{"step": 244, "prediction_tokens": 511705088, "loss": 2.561769962310791, "lr": 6e-05, "grad_norm": 0.04586083069443703, "step_seconds": 12.8225756008178, "tokens_per_second": 163551.54106997408, "mfu": 0.778719053249083, "elapsed_seconds": 3231.2996574360877, "unix": 1789446546.86647, "ddp_buckets_rebuilt": false}
{"step": 245, "prediction_tokens": 513802240, "loss": 2.5742580890655518, "lr": 6e-05, "grad_norm": 0.04676840826869011, "step_seconds": 12.822063328698277, "tokens_per_second": 163558.0753454996, "mfu": 0.7787501649391202, "elapsed_seconds": 3244.146355671808, "unix": 1789446559.7131677, "ddp_buckets_rebuilt": false}
{"step": 246, "prediction_tokens": 515899392, "loss": 2.5383498668670654, "lr": 6e-05, "grad_norm": 0.08317762613296509, "step_seconds": 12.824959235265851, "tokens_per_second": 163521.14353964478, "mfu": 0.7785743212833411, "elapsed_seconds": 3256.9933469425887, "unix": 1789446572.5601637, "ddp_buckets_rebuilt": false}
{"step": 247, "prediction_tokens": 517996544, "loss": 2.6003453731536865, "lr": 6e-05, "grad_norm": 0.04401843622326851, "step_seconds": 12.824407637119293, "tokens_per_second": 163528.1768438138, "mfu": 0.7786078090018175, "elapsed_seconds": 3269.8377436269075, "unix": 1789446585.4045553, "ddp_buckets_rebuilt": false}
{"step": 248, "prediction_tokens": 520093696, "loss": 2.6189260482788086, "lr": 6e-05, "grad_norm": 0.04637868329882622, "step_seconds": 12.825569331645966, "tokens_per_second": 163513.36504224117, "mfu": 0.7785372854713017, "elapsed_seconds": 3282.6797737665474, "unix": 1789446598.2465808, "ddp_buckets_rebuilt": false}
{"step": 249, "prediction_tokens": 522190848, "loss": 2.5528922080993652, "lr": 6e-05, "grad_norm": 0.04492872580885887, "step_seconds": 12.971570076420903, "tokens_per_second": 161672.9499701892, "mfu": 0.7697745048021761, "elapsed_seconds": 3295.6702384669334, "unix": 1789446611.237049, "ddp_buckets_rebuilt": false}
{"step": 250, "prediction_tokens": 524288000, "loss": 2.6521706581115723, "lr": 6e-05, "grad_norm": 0.04922758415341377, "step_seconds": 12.82297301851213, "tokens_per_second": 163546.47217711576, "mfu": 0.7786949186954014, "elapsed_seconds": 3308.514676982537, "unix": 1789446624.081487, "ddp_buckets_rebuilt": false}
{"step": 251, "prediction_tokens": 526385152, "loss": 2.6116185188293457, "lr": 6e-05, "grad_norm": 0.04410558566451073, "step_seconds": 12.823413228616118, "tokens_per_second": 163540.8578521119, "mfu": 0.7786681871719744, "elapsed_seconds": 3321.3578306920826, "unix": 1789446636.9246428, "ddp_buckets_rebuilt": false}
{"step": 252, "prediction_tokens": 528482304, "loss": 2.6048059463500977, "lr": 6e-05, "grad_norm": 0.042242325842380524, "step_seconds": 12.822166044265032, "tokens_per_second": 163556.7651175437, "mfu": 0.7787439265419356, "elapsed_seconds": 3334.199132392183, "unix": 1789446649.7659464, "ddp_buckets_rebuilt": false}
{"step": 253, "prediction_tokens": 530579456, "loss": 2.575889825820923, "lr": 6e-05, "grad_norm": 0.04412643611431122, "step_seconds": 12.822930410504341, "tokens_per_second": 163547.0156090098, "mfu": 0.7786975061413359, "elapsed_seconds": 3347.0411100946367, "unix": 1789446662.6079223, "ddp_buckets_rebuilt": false}
{"step": 254, "prediction_tokens": 532676608, "loss": 2.5392911434173584, "lr": 6e-05, "grad_norm": 0.043553415685892105, "step_seconds": 12.822239983826876, "tokens_per_second": 163555.82196599102, "mfu": 0.7787394359081001, "elapsed_seconds": 3359.8843311350793, "unix": 1789446675.4511406, "ddp_buckets_rebuilt": false}
{"step": 255, "prediction_tokens": 534773760, "loss": 2.5703232288360596, "lr": 6e-05, "grad_norm": 0.04218203201889992, "step_seconds": 12.822217896580696, "tokens_per_second": 163556.103703342, "mfu": 0.7787407773460455, "elapsed_seconds": 3372.7310388833284, "unix": 1789446688.297851, "ddp_buckets_rebuilt": false}
{"step": 256, "prediction_tokens": 536870912, "loss": 2.6165387630462646, "lr": 6e-05, "grad_norm": 0.040000397711992264, "step_seconds": 12.820779459550977, "tokens_per_second": 163574.45400386356, "mfu": 0.778828148755422, "elapsed_seconds": 3385.5711710751057, "unix": 1789446701.1379783, "ddp_buckets_rebuilt": false}
{"step": 257, "prediction_tokens": 538968064, "loss": 2.5980019569396973, "lr": 6e-05, "grad_norm": 0.04256143793463707, "step_seconds": 12.819997979328036, "tokens_per_second": 163584.42515994242, "mfu": 0.7788756244879693, "elapsed_seconds": 3398.4104489218444, "unix": 1789446713.97726, "ddp_buckets_rebuilt": false}
{"step": 258, "prediction_tokens": 541065216, "loss": 2.6537160873413086, "lr": 6e-05, "grad_norm": 0.03840915858745575, "step_seconds": 12.82038033567369, "tokens_per_second": 163579.54640117142, "mfu": 0.7788523952209974, "elapsed_seconds": 3411.246448971331, "unix": 1789446726.8132663, "ddp_buckets_rebuilt": false}
{"step": 259, "prediction_tokens": 543162368, "loss": 2.6243019104003906, "lr": 6e-05, "grad_norm": 0.04271811246871948, "step_seconds": 12.819829296320677, "tokens_per_second": 163586.57759989737, "mfu": 0.7788858729148134, "elapsed_seconds": 3424.0859226789325, "unix": 1789446739.6527293, "ddp_buckets_rebuilt": false}
{"step": 260, "prediction_tokens": 545259520, "loss": 2.608367919921875, "lr": 6e-05, "grad_norm": 0.042382244020700455, "step_seconds": 12.81880022212863, "tokens_per_second": 163599.7100867336, "mfu": 0.7789484007127724, "elapsed_seconds": 3436.922575712204, "unix": 1789446752.4893801, "ddp_buckets_rebuilt": false}
{"step": 261, "prediction_tokens": 547356672, "loss": 2.6205291748046875, "lr": 6e-05, "grad_norm": 0.039449967443943024, "step_seconds": 12.81923358887434, "tokens_per_second": 163594.1794383163, "mfu": 0.7789220675992402, "elapsed_seconds": 3449.764567559585, "unix": 1789446765.331376, "ddp_buckets_rebuilt": false}
{"step": 262, "prediction_tokens": 549453824, "loss": 2.579305648803711, "lr": 6e-05, "grad_norm": 0.04459692910313606, "step_seconds": 12.819082932546735, "tokens_per_second": 163596.10207961765, "mfu": 0.7789312218842083, "elapsed_seconds": 3462.5993441399187, "unix": 1789446778.1661556, "ddp_buckets_rebuilt": false}
{"step": 263, "prediction_tokens": 551550976, "loss": 2.599637269973755, "lr": 6e-05, "grad_norm": 0.04459454491734505, "step_seconds": 12.819281591102481, "tokens_per_second": 163593.56685444657, "mfu": 0.7789191508995383, "elapsed_seconds": 3475.4378359280527, "unix": 1789446791.0046444, "ddp_buckets_rebuilt": false}
{"step": 264, "prediction_tokens": 553648128, "loss": 2.596677780151367, "lr": 6e-05, "grad_norm": 0.042471226304769516, "step_seconds": 12.820580502972007, "tokens_per_second": 163576.99243913707, "mfu": 0.7788402350243743, "elapsed_seconds": 3488.275008134544, "unix": 1789446803.8418248, "ddp_buckets_rebuilt": false}
{"step": 265, "prediction_tokens": 555745280, "loss": 2.604674816131592, "lr": 6e-05, "grad_norm": 0.041988927870988846, "step_seconds": 12.818908210843801, "tokens_per_second": 163598.33189428505, "mfu": 0.7789418387157915, "elapsed_seconds": 3501.1138453111053, "unix": 1789446816.6806538, "ddp_buckets_rebuilt": false}
{"step": 266, "prediction_tokens": 557842432, "loss": 2.5992016792297363, "lr": 6e-05, "grad_norm": 0.048305876553058624, "step_seconds": 12.818818435072899, "tokens_per_second": 163599.4776446862, "mfu": 0.7789472939848878, "elapsed_seconds": 3513.9532219953835, "unix": 1789446829.52004, "ddp_buckets_rebuilt": false}
{"step": 267, "prediction_tokens": 559939584, "loss": 2.5929932594299316, "lr": 6e-05, "grad_norm": 0.04286210238933563, "step_seconds": 12.81744153983891, "tokens_per_second": 163617.0520834189, "mfu": 0.7790309712783072, "elapsed_seconds": 3526.7901602927595, "unix": 1789446842.3569665, "ddp_buckets_rebuilt": false}
{"step": 268, "prediction_tokens": 562036736, "loss": 2.5726747512817383, "lr": 6e-05, "grad_norm": 0.037972863763570786, "step_seconds": 12.817377651110291, "tokens_per_second": 163617.8676391217, "mfu": 0.7790348543891638, "elapsed_seconds": 3539.625455059111, "unix": 1789446855.1922612, "ddp_buckets_rebuilt": false}
{"step": 269, "prediction_tokens": 564133888, "loss": 2.5327036380767822, "lr": 6e-05, "grad_norm": 0.042115144431591034, "step_seconds": 12.816306924447417, "tokens_per_second": 163631.53694451804, "mfu": 0.7790999381449462, "elapsed_seconds": 3552.4618673678488, "unix": 1789446868.028676, "ddp_buckets_rebuilt": false}
{"step": 270, "prediction_tokens": 566231040, "loss": 2.60276460647583, "lr": 6e-05, "grad_norm": 0.04130212217569351, "step_seconds": 12.816987976431847, "tokens_per_second": 163622.84211050897, "mfu": 0.7790585393732599, "elapsed_seconds": 3565.2969725206494, "unix": 1789446880.8637881, "ddp_buckets_rebuilt": false}
{"step": 271, "prediction_tokens": 568328192, "loss": 2.6202640533447266, "lr": 6e-05, "grad_norm": 0.04346876218914986, "step_seconds": 12.817958241328597, "tokens_per_second": 163610.45655759817, "mfu": 0.778999567956827, "elapsed_seconds": 3578.132252028212, "unix": 1789446893.699059, "ddp_buckets_rebuilt": false}
{"step": 272, "prediction_tokens": 570425344, "loss": 2.584287643432617, "lr": 6e-05, "grad_norm": 0.04676038771867752, "step_seconds": 12.81640687212348, "tokens_per_second": 163630.26087767564, "mfu": 0.779093862399301, "elapsed_seconds": 3590.9680661037564, "unix": 1789446906.534871, "ddp_buckets_rebuilt": false}
{"step": 273, "prediction_tokens": 572522496, "loss": 2.5572891235351562, "lr": 6e-05, "grad_norm": 0.04304422065615654, "step_seconds": 12.815040042623878, "tokens_per_second": 163647.7133918193, "mfu": 0.7791769591723541, "elapsed_seconds": 3603.8005323838443, "unix": 1789446919.3673434, "ddp_buckets_rebuilt": false}
{"step": 274, "prediction_tokens": 574619648, "loss": 2.563143253326416, "lr": 6e-05, "grad_norm": 0.045095596462488174, "step_seconds": 12.816601473838091, "tokens_per_second": 163627.77638680697, "mfu": 0.7790820329762067, "elapsed_seconds": 3616.636549703777, "unix": 1789446932.2033617, "ddp_buckets_rebuilt": false}
{"step": 275, "prediction_tokens": 576716800, "loss": 2.6431117057800293, "lr": 6e-05, "grad_norm": 0.050026748329401016, "step_seconds": 12.81622357852757, "tokens_per_second": 163632.6010661666, "mfu": 0.7791050047545133, "elapsed_seconds": 3629.47151526995, "unix": 1789446945.0383232, "ddp_buckets_rebuilt": false}
{"step": 276, "prediction_tokens": 578813952, "loss": 2.5661325454711914, "lr": 6e-05, "grad_norm": 0.04824706166982651, "step_seconds": 12.81724095530808, "tokens_per_second": 163619.61262275357, "mfu": 0.7790431627914745, "elapsed_seconds": 3642.3076480980963, "unix": 1789446957.8744555, "ddp_buckets_rebuilt": false}
{"step": 277, "prediction_tokens": 580911104, "loss": 2.611802101135254, "lr": 6e-05, "grad_norm": 0.05659538507461548, "step_seconds": 12.817875312641263, "tokens_per_second": 163611.51507939416, "mfu": 0.7790046079037783, "elapsed_seconds": 3655.1460119429976, "unix": 1789446970.7128198, "ddp_buckets_rebuilt": false}
{"step": 278, "prediction_tokens": 583008256, "loss": 2.6563923358917236, "lr": 6e-05, "grad_norm": 0.06111416593194008, "step_seconds": 12.817342419177294, "tokens_per_second": 163618.31738709295, "mfu": 0.7790369957772063, "elapsed_seconds": 3667.9837947320193, "unix": 1789446983.5506053, "ddp_buckets_rebuilt": false}
{"step": 279, "prediction_tokens": 585105408, "loss": 2.6637372970581055, "lr": 6e-05, "grad_norm": 0.06981726735830307, "step_seconds": 12.819111295044422, "tokens_per_second": 163595.74012051144, "mfu": 0.7789294984858798, "elapsed_seconds": 3680.832763010636, "unix": 1789446996.399569, "ddp_buckets_rebuilt": false}
{"step": 280, "prediction_tokens": 587202560, "loss": 2.5911262035369873, "lr": 6e-05, "grad_norm": 0.08258533477783203, "step_seconds": 12.973211351782084, "tokens_per_second": 161652.49629667998, "mfu": 0.7696771185888371, "elapsed_seconds": 3693.824078967795, "unix": 1789447009.390885, "ddp_buckets_rebuilt": false}
{"step": 281, "prediction_tokens": 589299712, "loss": 2.792740821838379, "lr": 6e-05, "grad_norm": 0.058218494057655334, "step_seconds": 12.817144069820642, "tokens_per_second": 163620.84943228282, "mfu": 0.7790490516210103, "elapsed_seconds": 3706.658005952835, "unix": 1789447022.2248151, "ddp_buckets_rebuilt": false}
{"step": 282, "prediction_tokens": 591396864, "loss": 2.788846492767334, "lr": 6e-05, "grad_norm": 0.06775353103876114, "step_seconds": 12.816561594605446, "tokens_per_second": 163628.28552103255, "mfu": 0.7790844571204215, "elapsed_seconds": 3719.496878894046, "unix": 1789447035.0636876, "ddp_buckets_rebuilt": false}
{"step": 283, "prediction_tokens": 593494016, "loss": 2.8354105949401855, "lr": 6e-05, "grad_norm": 0.05806111916899681, "step_seconds": 12.81801693700254, "tokens_per_second": 163609.70736011633, "mfu": 0.7789960007978144, "elapsed_seconds": 3732.335048669949, "unix": 1789447047.9018533, "ddp_buckets_rebuilt": false}
{"step": 284, "prediction_tokens": 595591168, "loss": 2.8306684494018555, "lr": 6e-05, "grad_norm": 0.05848840996623039, "step_seconds": 12.819143095985055, "tokens_per_second": 163595.33428227558, "mfu": 0.7789275661655559, "elapsed_seconds": 3745.171871971339, "unix": 1789447060.7386775, "ddp_buckets_rebuilt": false}
{"step": 285, "prediction_tokens": 597688320, "loss": 2.5614876747131348, "lr": 6e-05, "grad_norm": 0.05218583345413208, "step_seconds": 12.819179715588689, "tokens_per_second": 163594.86695157026, "mfu": 0.7789253410607234, "elapsed_seconds": 3758.0093752201647, "unix": 1789447073.5761883, "ddp_buckets_rebuilt": false}
{"step": 286, "prediction_tokens": 599785472, "loss": 2.582798719406128, "lr": 6e-05, "grad_norm": 0.12423738092184067, "step_seconds": 12.81951436586678, "tokens_per_second": 163590.5963476958, "mfu": 0.7789050074057534, "elapsed_seconds": 3770.847038436681, "unix": 1789447086.4138522, "ddp_buckets_rebuilt": false}
{"step": 287, "prediction_tokens": 601882624, "loss": 2.4841549396514893, "lr": 6e-05, "grad_norm": 0.062083806842565536, "step_seconds": 12.820050371810794, "tokens_per_second": 163583.75662948223, "mfu": 0.7788724414093897, "elapsed_seconds": 3783.684510366991, "unix": 1789447099.2513156, "ddp_buckets_rebuilt": false}
{"step": 288, "prediction_tokens": 603979776, "loss": 2.561903715133667, "lr": 6e-05, "grad_norm": 0.04824693128466606, "step_seconds": 12.819917120039463, "tokens_per_second": 163585.45693886236, "mfu": 0.7788805371038849, "elapsed_seconds": 3796.5223852321506, "unix": 1789447112.0891938, "ddp_buckets_rebuilt": false}
{"step": 289, "prediction_tokens": 606076928, "loss": 2.598043918609619, "lr": 6e-05, "grad_norm": 0.0551137775182724, "step_seconds": 12.821688691154122, "tokens_per_second": 163562.85435684124, "mfu": 0.7787729192779854, "elapsed_seconds": 3809.362858226523, "unix": 1789447124.9296718, "ddp_buckets_rebuilt": false}
{"step": 290, "prediction_tokens": 608174080, "loss": 2.630375862121582, "lr": 6e-05, "grad_norm": 0.05046664923429489, "step_seconds": 12.820608023554087, "tokens_per_second": 163576.64130648886, "mfu": 0.778838563174133, "elapsed_seconds": 3822.2044354956597, "unix": 1789447137.7712522, "ddp_buckets_rebuilt": false}
{"step": 291, "prediction_tokens": 610271232, "loss": 2.6507468223571777, "lr": 6e-05, "grad_norm": 0.06276889890432358, "step_seconds": 12.82222119346261, "tokens_per_second": 163556.0616493833, "mfu": 0.7787405771142489, "elapsed_seconds": 3835.046408340335, "unix": 1789447150.6132152, "ddp_buckets_rebuilt": false}
{"step": 292, "prediction_tokens": 612368384, "loss": 2.574349880218506, "lr": 6e-05, "grad_norm": 0.0494125634431839, "step_seconds": 12.820468770340085, "tokens_per_second": 163578.4180412905, "mfu": 0.7788470227535023, "elapsed_seconds": 3847.8853030148894, "unix": 1789447163.4521177, "ddp_buckets_rebuilt": false}
{"step": 293, "prediction_tokens": 614465536, "loss": 2.5858044624328613, "lr": 6e-05, "grad_norm": 0.04842020943760872, "step_seconds": 12.82111893221736, "tokens_per_second": 163570.1229422498, "mfu": 0.7788075272426112, "elapsed_seconds": 3860.7248502597213, "unix": 1789447176.2916615, "ddp_buckets_rebuilt": false}
{"step": 294, "prediction_tokens": 616562688, "loss": 2.5609819889068604, "lr": 6e-05, "grad_norm": 0.0497928149998188, "step_seconds": 12.821605455130339, "tokens_per_second": 163563.91618343408, "mfu": 0.7787779749600883, "elapsed_seconds": 3873.5670089703053, "unix": 1789447189.1338153, "ddp_buckets_rebuilt": false}
{"step": 295, "prediction_tokens": 618659840, "loss": 2.598787784576416, "lr": 6e-05, "grad_norm": 0.046945568174123764, "step_seconds": 12.820156870409846, "tokens_per_second": 163582.3977193624, "mfu": 0.7788659712214903, "elapsed_seconds": 3886.409122992307, "unix": 1789447201.9759293, "ddp_buckets_rebuilt": false}
{"step": 296, "prediction_tokens": 620756992, "loss": 2.6031694412231445, "lr": 6e-05, "grad_norm": 0.05027167871594429, "step_seconds": 12.819910127669573, "tokens_per_second": 163585.54616335864, "mfu": 0.7788809619290796, "elapsed_seconds": 3899.250842578709, "unix": 1789447214.8176522, "ddp_buckets_rebuilt": false}
{"step": 297, "prediction_tokens": 622854144, "loss": 2.5983729362487793, "lr": 6e-05, "grad_norm": 0.04581290856003761, "step_seconds": 12.820477416738868, "tokens_per_second": 163578.30772057554, "mfu": 0.7788464974827396, "elapsed_seconds": 3912.090866651386, "unix": 1789447227.657676, "ddp_buckets_rebuilt": false}
{"step": 298, "prediction_tokens": 624951296, "loss": 2.5905752182006836, "lr": 6e-05, "grad_norm": 0.04841633886098862, "step_seconds": 12.82116848230362, "tokens_per_second": 163569.49079131032, "mfu": 0.7788045173780883, "elapsed_seconds": 3924.9290987551212, "unix": 1789447240.495905, "ddp_buckets_rebuilt": false}
{"step": 299, "prediction_tokens": 627048448, "loss": 2.5648231506347656, "lr": 6e-05, "grad_norm": 0.04733718931674957, "step_seconds": 12.821273451671004, "tokens_per_second": 163568.15162745607, "mfu": 0.7787981412082161, "elapsed_seconds": 3937.7726947236806, "unix": 1789447253.3395014, "ddp_buckets_rebuilt": false}
{"step": 300, "prediction_tokens": 629145600, "loss": 2.5556745529174805, "lr": 6e-05, "grad_norm": 0.046340011060237885, "step_seconds": 12.820491641759872, "tokens_per_second": 163578.12622169638, "mfu": 0.7788456333109047, "elapsed_seconds": 3950.612972177565, "unix": 1789447266.179783, "ddp_buckets_rebuilt": false}
{"step": 301, "prediction_tokens": 631242752, "loss": 2.6368329524993896, "lr": 6e-05, "grad_norm": 0.04839736223220825, "step_seconds": 12.819626487791538, "tokens_per_second": 163589.16556556246, "mfu": 0.7788981950131525, "elapsed_seconds": 3963.4480046425015, "unix": 1789447279.0148098, "ddp_buckets_rebuilt": false}
{"step": 302, "prediction_tokens": 633339904, "loss": 2.5395548343658447, "lr": 6e-05, "grad_norm": 0.04794054850935936, "step_seconds": 12.821596262976527, "tokens_per_second": 163564.03344688902, "mfu": 0.7787785332873656, "elapsed_seconds": 3976.2886129543185, "unix": 1789447291.8554187, "ddp_buckets_rebuilt": false}
{"step": 303, "prediction_tokens": 635437056, "loss": 2.5137686729431152, "lr": 6e-05, "grad_norm": 0.04558664932847023, "step_seconds": 12.820679225027561, "tokens_per_second": 163575.7328602449, "mfu": 0.7788342377829177, "elapsed_seconds": 3989.1309463772923, "unix": 1789447304.697754, "ddp_buckets_rebuilt": false}
{"step": 304, "prediction_tokens": 637534208, "loss": 2.5569257736206055, "lr": 6e-05, "grad_norm": 0.04661552235484123, "step_seconds": 12.820141199976206, "tokens_per_second": 163582.59767091274, "mfu": 0.7788669232521528, "elapsed_seconds": 4001.9666133001447, "unix": 1789447317.5334234, "ddp_buckets_rebuilt": false}
{"step": 305, "prediction_tokens": 639631360, "loss": 2.5425682067871094, "lr": 6e-05, "grad_norm": 0.04227942228317261, "step_seconds": 12.819964416325092, "tokens_per_second": 163584.85342825617, "mfu": 0.7788776636047741, "elapsed_seconds": 4014.8092076908797, "unix": 1789447330.3760161, "ddp_buckets_rebuilt": false}
{"step": 306, "prediction_tokens": 641728512, "loss": 2.527630567550659, "lr": 6e-05, "grad_norm": 0.04431706666946411, "step_seconds": 12.821388041600585, "tokens_per_second": 163566.68975274207, "mfu": 0.7787911807743014, "elapsed_seconds": 4027.6494984366, "unix": 1789447343.2163055, "ddp_buckets_rebuilt": false}
{"step": 307, "prediction_tokens": 643825664, "loss": 2.567124843597412, "lr": 6e-05, "grad_norm": 0.04176352173089981, "step_seconds": 12.821978062391281, "tokens_per_second": 163559.1630086508, "mfu": 0.7787553436370024, "elapsed_seconds": 4040.4988417010754, "unix": 1789447356.065655, "ddp_buckets_rebuilt": false}
{"step": 308, "prediction_tokens": 645922816, "loss": 2.5721473693847656, "lr": 6e-05, "grad_norm": 0.04113467410206795, "step_seconds": 12.821299506351352, "tokens_per_second": 163567.8192340116, "mfu": 0.7787965585810719, "elapsed_seconds": 4053.3372138459235, "unix": 1789447368.9040244, "ddp_buckets_rebuilt": false}
{"step": 309, "prediction_tokens": 648019968, "loss": 2.5807933807373047, "lr": 6e-05, "grad_norm": 0.04403216391801834, "step_seconds": 12.84962022677064, "tokens_per_second": 163207.3137563113, "mfu": 0.7770800814237837, "elapsed_seconds": 4066.2191973309964, "unix": 1789447381.786005, "ddp_buckets_rebuilt": false}
{"step": 310, "prediction_tokens": 650117120, "loss": 2.6798641681671143, "lr": 6e-05, "grad_norm": 0.046869415789842606, "step_seconds": 12.82142510265112, "tokens_per_second": 163566.2169540238, "mfu": 0.7787889296345822, "elapsed_seconds": 4079.068277053535, "unix": 1789447394.635083, "ddp_buckets_rebuilt": false}
{"step": 311, "prediction_tokens": 652214272, "loss": 2.52547287940979, "lr": 6e-05, "grad_norm": 0.04536034166812897, "step_seconds": 12.987186817452312, "tokens_per_second": 161478.54261877763, "mfu": 0.7688488717714785, "elapsed_seconds": 4092.072644237429, "unix": 1789447407.639455, "ddp_buckets_rebuilt": false}
{"step": 312, "prediction_tokens": 654311424, "loss": 2.5700082778930664, "lr": 6e-05, "grad_norm": 0.04359837621450424, "step_seconds": 12.821320055052638, "tokens_per_second": 163567.5570842296, "mfu": 0.7787953104055504, "elapsed_seconds": 4104.910793783143, "unix": 1789447420.4776022, "ddp_buckets_rebuilt": false}
{"step": 313, "prediction_tokens": 656408576, "loss": 2.562445640563965, "lr": 6e-05, "grad_norm": 0.06374643743038177, "step_seconds": 12.823574701324105, "tokens_per_second": 163538.79856787962, "mfu": 0.7786583822880997, "elapsed_seconds": 4117.752229452133, "unix": 1789447433.3190374, "ddp_buckets_rebuilt": false}
{"step": 314, "prediction_tokens": 658505728, "loss": 2.635525941848755, "lr": 6e-05, "grad_norm": 0.04607637971639633, "step_seconds": 12.82192500680685, "tokens_per_second": 163559.83979680686, "mfu": 0.7787585660330048, "elapsed_seconds": 4130.595306275412, "unix": 1789447446.1621132, "ddp_buckets_rebuilt": false}
{"step": 315, "prediction_tokens": 660602880, "loss": 2.583256959915161, "lr": 6e-05, "grad_norm": 0.040698111057281494, "step_seconds": 12.820499636232853, "tokens_per_second": 163578.0242193605, "mfu": 0.7788451476464963, "elapsed_seconds": 4143.434095308185, "unix": 1789447459.0009089, "ddp_buckets_rebuilt": false}
{"step": 316, "prediction_tokens": 662700032, "loss": 2.5773959159851074, "lr": 6e-05, "grad_norm": 0.04299367591738701, "step_seconds": 12.821540333330631, "tokens_per_second": 163564.74693982623, "mfu": 0.7787819304460895, "elapsed_seconds": 4156.274952456355, "unix": 1789447471.8417568, "ddp_buckets_rebuilt": false}
{"step": 317, "prediction_tokens": 664797184, "loss": 2.512993812561035, "lr": 6e-05, "grad_norm": 0.05300556868314743, "step_seconds": 12.822844937443733, "tokens_per_second": 163548.10576209563, "mfu": 0.7787026966945606, "elapsed_seconds": 4169.118181703612, "unix": 1789447484.6849883, "ddp_buckets_rebuilt": false}
{"step": 318, "prediction_tokens": 666894336, "loss": 2.5198721885681152, "lr": 6e-05, "grad_norm": 0.04444829747080803, "step_seconds": 12.821361728012562, "tokens_per_second": 163567.0254445804, "mfu": 0.7787927791061106, "elapsed_seconds": 4181.958844747394, "unix": 1789447497.5256538, "ddp_buckets_rebuilt": false}
{"step": 319, "prediction_tokens": 668991488, "loss": 2.591585397720337, "lr": 6e-05, "grad_norm": 0.04506079852581024, "step_seconds": 12.822559854015708, "tokens_per_second": 163551.74192017704, "mfu": 0.778720009558506, "elapsed_seconds": 4194.80248237215, "unix": 1789447510.3692927, "ddp_buckets_rebuilt": false}
{"step": 320, "prediction_tokens": 671088640, "loss": 2.524930238723755, "lr": 6e-05, "grad_norm": 0.04878271743655205, "step_seconds": 12.824370035901666, "tokens_per_second": 163528.65631052823, "mfu": 0.7786100918899118, "elapsed_seconds": 4207.645110854879, "unix": 1789447523.2119167, "ddp_buckets_rebuilt": false}
{"step": 321, "prediction_tokens": 673185792, "loss": 2.5874743461608887, "lr": 6e-05, "grad_norm": 0.04193057864904404, "step_seconds": 12.822851028293371, "tokens_per_second": 163548.02807680404, "mfu": 0.7787023268110589, "elapsed_seconds": 4220.487781291828, "unix": 1789447536.0545907, "ddp_buckets_rebuilt": false}
{"step": 322, "prediction_tokens": 675282944, "loss": 2.633413076400757, "lr": 6e-05, "grad_norm": 0.045072589069604874, "step_seconds": 12.82351441308856, "tokens_per_second": 163539.56742618876, "mfu": 0.7786620430583416, "elapsed_seconds": 4233.330681903288, "unix": 1789447548.8974895, "ddp_buckets_rebuilt": false}
{"step": 323, "prediction_tokens": 677380096, "loss": 2.556945323944092, "lr": 6e-05, "grad_norm": 0.04259229078888893, "step_seconds": 12.82293284125626, "tokens_per_second": 163546.98460656856, "mfu": 0.7786973585292037, "elapsed_seconds": 4246.172623105347, "unix": 1789447561.7394352, "ddp_buckets_rebuilt": false}
{"step": 324, "prediction_tokens": 679477248, "loss": 2.54534912109375, "lr": 6e-05, "grad_norm": 0.041878726333379745, "step_seconds": 12.823662118986249, "tokens_per_second": 163537.68373973554, "mfu": 0.7786530742493539, "elapsed_seconds": 4259.012958070263, "unix": 1789447574.5797663, "ddp_buckets_rebuilt": false}
{"step": 325, "prediction_tokens": 681574400, "loss": 2.5824618339538574, "lr": 6e-05, "grad_norm": 0.041450537741184235, "step_seconds": 12.822920128703117, "tokens_per_second": 163547.14674590284, "mfu": 0.7786981305243073, "elapsed_seconds": 4271.851579319686, "unix": 1789447587.4183848, "ddp_buckets_rebuilt": false}
{"step": 326, "prediction_tokens": 683671552, "loss": 2.5359442234039307, "lr": 6e-05, "grad_norm": 0.038453102111816406, "step_seconds": 12.823047058656812, "tokens_per_second": 163545.52786143112, "mfu": 0.7786904225187765, "elapsed_seconds": 4284.693885970861, "unix": 1789447600.2606952, "ddp_buckets_rebuilt": false}
{"step": 327, "prediction_tokens": 685768704, "loss": 2.540560722351074, "lr": 6e-05, "grad_norm": 0.04273604601621628, "step_seconds": 12.823132233694196, "tokens_per_second": 163544.44154365823, "mfu": 0.7786852502266532, "elapsed_seconds": 4297.5356584228575, "unix": 1789447613.102469, "ddp_buckets_rebuilt": false}
{"step": 328, "prediction_tokens": 687865856, "loss": 2.571352958679199, "lr": 6e-05, "grad_norm": 0.040220312774181366, "step_seconds": 12.822964891791344, "tokens_per_second": 163546.57582681972, "mfu": 0.7786954122034344, "elapsed_seconds": 4310.377212082967, "unix": 1789447625.9440265, "ddp_buckets_rebuilt": false}
{"step": 329, "prediction_tokens": 689963008, "loss": 2.5328238010406494, "lr": 6e-05, "grad_norm": 0.04028594121336937, "step_seconds": 12.823796693235636, "tokens_per_second": 163535.967558361, "mfu": 0.7786449029834249, "elapsed_seconds": 4323.220584796742, "unix": 1789447638.7873967, "ddp_buckets_rebuilt": false}
{"step": 330, "prediction_tokens": 692060160, "loss": 2.5453944206237793, "lr": 6e-05, "grad_norm": 0.0393151119351387, "step_seconds": 12.82376166433096, "tokens_per_second": 163536.4142670545, "mfu": 0.7786470299005339, "elapsed_seconds": 4336.062061019242, "unix": 1789447651.6288738, "ddp_buckets_rebuilt": false}
{"step": 331, "prediction_tokens": 694157312, "loss": 2.6048502922058105, "lr": 6e-05, "grad_norm": 0.047707948833703995, "step_seconds": 12.823859095573425, "tokens_per_second": 163535.17177398657, "mfu": 0.7786411140099272, "elapsed_seconds": 4348.908922335133, "unix": 1789447664.475729, "ddp_buckets_rebuilt": false}
{"step": 332, "prediction_tokens": 696254464, "loss": 2.5979995727539062, "lr": 6e-05, "grad_norm": 0.03992448374629021, "step_seconds": 12.82361421175301, "tokens_per_second": 163538.2946937013, "mfu": 0.7786559831885831, "elapsed_seconds": 4361.7544594705105, "unix": 1789447677.3212657, "ddp_buckets_rebuilt": false}
{"step": 333, "prediction_tokens": 698351616, "loss": 2.597679376602173, "lr": 6e-05, "grad_norm": 0.04091815650463104, "step_seconds": 12.823056360706687, "tokens_per_second": 163545.4092228933, "mfu": 0.778689857644308, "elapsed_seconds": 4374.596480956301, "unix": 1789447690.16329, "ddp_buckets_rebuilt": false}
{"step": 334, "prediction_tokens": 700448768, "loss": 2.617023468017578, "lr": 6e-05, "grad_norm": 0.04242227226495743, "step_seconds": 12.823602193966508, "tokens_per_second": 163538.44795549786, "mfu": 0.7786567129150066, "elapsed_seconds": 4387.440125700086, "unix": 1789447703.0069363, "ddp_buckets_rebuilt": false}
{"step": 335, "prediction_tokens": 702545920, "loss": 2.593879461288452, "lr": 6e-05, "grad_norm": 0.04093364253640175, "step_seconds": 12.821760043501854, "tokens_per_second": 163561.9441390848, "mfu": 0.7787685854520556, "elapsed_seconds": 4400.279401563108, "unix": 1789447715.8462071, "ddp_buckets_rebuilt": false}
{"step": 336, "prediction_tokens": 704643072, "loss": 2.6076278686523438, "lr": 6e-05, "grad_norm": 0.03960287943482399, "step_seconds": 12.82441339828074, "tokens_per_second": 163528.1033814106, "mfu": 0.7786074592247827, "elapsed_seconds": 4413.126178802922, "unix": 1789447728.692984, "ddp_buckets_rebuilt": false}
{"step": 337, "prediction_tokens": 706740224, "loss": 2.550902843475342, "lr": 6e-05, "grad_norm": 0.03894752264022827, "step_seconds": 12.823564210906625, "tokens_per_second": 163538.93235207902, "mfu": 0.7786590192757086, "elapsed_seconds": 4425.9754402618855, "unix": 1789447741.5422497, "ddp_buckets_rebuilt": false}
{"step": 338, "prediction_tokens": 708837376, "loss": 2.5746617317199707, "lr": 6e-05, "grad_norm": 0.04149323329329491, "step_seconds": 12.822947667911649, "tokens_per_second": 163546.7955038097, "mfu": 0.7786964581529653, "elapsed_seconds": 4438.817812535912, "unix": 1789447754.3846233, "ddp_buckets_rebuilt": false}
{"step": 339, "prediction_tokens": 710934528, "loss": 2.5611627101898193, "lr": 6e-05, "grad_norm": 0.04152693971991539, "step_seconds": 12.823089083656669, "tokens_per_second": 163544.99187507556, "mfu": 0.7786878705233344, "elapsed_seconds": 4451.6593491099775, "unix": 1789447767.2261555, "ddp_buckets_rebuilt": false}
{"step": 340, "prediction_tokens": 713031680, "loss": 2.585569381713867, "lr": 6e-05, "grad_norm": 0.041998058557510376, "step_seconds": 12.823054609820247, "tokens_per_second": 163545.43155372227, "mfu": 0.7786899639682342, "elapsed_seconds": 4464.501386165619, "unix": 1789447780.0681932, "ddp_buckets_rebuilt": false}
{"step": 341, "prediction_tokens": 715128832, "loss": 2.5195789337158203, "lr": 6e-05, "grad_norm": 0.04863561689853668, "step_seconds": 12.97772460989654, "tokens_per_second": 161596.27847248013, "mfu": 0.769409448284111, "elapsed_seconds": 4477.497059933841, "unix": 1789447793.063868, "ddp_buckets_rebuilt": false}
{"step": 342, "prediction_tokens": 717225984, "loss": 2.6432342529296875, "lr": 6e-05, "grad_norm": 0.04971849545836449, "step_seconds": 12.821847520768642, "tokens_per_second": 163560.82823501556, "mfu": 0.7787632722905005, "elapsed_seconds": 4490.335387323052, "unix": 1789447805.902198, "ddp_buckets_rebuilt": false}
{"step": 343, "prediction_tokens": 719323136, "loss": 2.5301897525787354, "lr": 6e-05, "grad_norm": 0.04022688418626785, "step_seconds": 12.823157884180546, "tokens_per_second": 163544.11440158423, "mfu": 0.7786836926028945, "elapsed_seconds": 4503.177700717002, "unix": 1789447818.7445138, "ddp_buckets_rebuilt": false}
{"step": 344, "prediction_tokens": 721420288, "loss": 2.5813393592834473, "lr": 6e-05, "grad_norm": 0.04771089181303978, "step_seconds": 12.82296585291624, "tokens_per_second": 163546.5635684477, "mfu": 0.7786953538375652, "elapsed_seconds": 4516.017153427005, "unix": 1789447831.5839698, "ddp_buckets_rebuilt": false}
{"step": 345, "prediction_tokens": 723517440, "loss": 2.560373067855835, "lr": 6e-05, "grad_norm": 0.04164997488260269, "step_seconds": 12.823471304029226, "tokens_per_second": 163540.11720220093, "mfu": 0.7786646607105685, "elapsed_seconds": 4528.85728258267, "unix": 1789447844.4240985, "ddp_buckets_rebuilt": false}
{"step": 346, "prediction_tokens": 725614592, "loss": 2.5682294368743896, "lr": 6e-05, "grad_norm": 0.04468470811843872, "step_seconds": 12.822492714971304, "tokens_per_second": 163552.59828312512, "mfu": 0.7787240869651744, "elapsed_seconds": 4541.703302307054, "unix": 1789447857.27011, "ddp_buckets_rebuilt": false}
{"step": 347, "prediction_tokens": 727711744, "loss": 2.5353171825408936, "lr": 6e-05, "grad_norm": 0.05501178279519081, "step_seconds": 12.823024583980441, "tokens_per_second": 163545.8145046319, "mfu": 0.7786917873149777, "elapsed_seconds": 4554.544211631641, "unix": 1789447870.1110168, "ddp_buckets_rebuilt": false}
{"step": 348, "prediction_tokens": 729808896, "loss": 2.5507149696350098, "lr": 6e-05, "grad_norm": 0.04327308014035225, "step_seconds": 12.82289807125926, "tokens_per_second": 163547.42807325858, "mfu": 0.7786994700101396, "elapsed_seconds": 4567.385885844007, "unix": 1789447882.9527037, "ddp_buckets_rebuilt": false}
{"step": 349, "prediction_tokens": 731906048, "loss": 2.5405118465423584, "lr": 6e-05, "grad_norm": 0.04332888498902321, "step_seconds": 12.822411503642797, "tokens_per_second": 163553.6341509713, "mfu": 0.7787290190497221, "elapsed_seconds": 4580.2263319958, "unix": 1789447895.7931392, "ddp_buckets_rebuilt": false}
{"step": 350, "prediction_tokens": 734003200, "loss": 2.577955484390259, "lr": 6e-05, "grad_norm": 0.04140980541706085, "step_seconds": 12.82330341078341, "tokens_per_second": 163542.25840405966, "mfu": 0.7786748556293893, "elapsed_seconds": 4593.068633686751, "unix": 1789447908.6354394, "ddp_buckets_rebuilt": false}
{"step": 351, "prediction_tokens": 736100352, "loss": 2.5646886825561523, "lr": 6e-05, "grad_norm": 0.0423547625541687, "step_seconds": 12.822507387027144, "tokens_per_second": 163552.41113931756, "mfu": 0.7787231959161038, "elapsed_seconds": 4605.910180019215, "unix": 1789447921.4769895, "ddp_buckets_rebuilt": false}
{"step": 352, "prediction_tokens": 738197504, "loss": 2.543912887573242, "lr": 6e-05, "grad_norm": 0.0454304963350296, "step_seconds": 12.82229719683528, "tokens_per_second": 163555.0921809554, "mfu": 0.7787359611776984, "elapsed_seconds": 4618.749635048211, "unix": 1789447934.3164449, "ddp_buckets_rebuilt": false}
{"step": 353, "prediction_tokens": 740294656, "loss": 2.5063209533691406, "lr": 6e-05, "grad_norm": 0.04237329587340355, "step_seconds": 12.821131089702249, "tokens_per_second": 163569.96783882842, "mfu": 0.778806788747647, "elapsed_seconds": 4631.594210185111, "unix": 1789447947.1610165, "ddp_buckets_rebuilt": false}
{"step": 354, "prediction_tokens": 742391808, "loss": 2.500217914581299, "lr": 6e-05, "grad_norm": 0.04804826155304909, "step_seconds": 12.822534678503871, "tokens_per_second": 163552.06303444327, "mfu": 0.7787215384820231, "elapsed_seconds": 4644.434687655419, "unix": 1789447960.0014935, "ddp_buckets_rebuilt": false}
{"step": 355, "prediction_tokens": 744488960, "loss": 2.568331241607666, "lr": 6e-05, "grad_norm": 0.04010637477040291, "step_seconds": 12.821580026298761, "tokens_per_second": 163564.2405770945, "mfu": 0.778779519497807, "elapsed_seconds": 4657.273273650557, "unix": 1789447972.8400848, "ddp_buckets_rebuilt": false}
{"step": 356, "prediction_tokens": 746586112, "loss": 2.5773632526397705, "lr": 6e-05, "grad_norm": 0.04867305979132652, "step_seconds": 12.821848917752504, "tokens_per_second": 163560.8104145094, "mfu": 0.7787631874416046, "elapsed_seconds": 4670.11559439078, "unix": 1789447985.6824012, "ddp_buckets_rebuilt": false}
{"step": 357, "prediction_tokens": 748683264, "loss": 2.5736215114593506, "lr": 6e-05, "grad_norm": 0.05033870041370392, "step_seconds": 12.820164753124118, "tokens_per_second": 163582.29713771422, "mfu": 0.778865492321412, "elapsed_seconds": 4682.957872776315, "unix": 1789447998.5246792, "ddp_buckets_rebuilt": false}
{"step": 358, "prediction_tokens": 750780416, "loss": 2.570298194885254, "lr": 6e-05, "grad_norm": 0.04432559758424759, "step_seconds": 12.821214215829968, "tokens_per_second": 163568.9073356804, "mfu": 0.7788017393668707, "elapsed_seconds": 4695.79803821072, "unix": 1789448011.3648524, "ddp_buckets_rebuilt": false}
{"step": 359, "prediction_tokens": 752877568, "loss": 2.469010591506958, "lr": 6e-05, "grad_norm": 0.048493679612874985, "step_seconds": 12.823764996603131, "tokens_per_second": 163536.37177190252, "mfu": 0.7786468275680807, "elapsed_seconds": 4708.640154607594, "unix": 1789448024.206965, "ddp_buckets_rebuilt": false}
{"step": 360, "prediction_tokens": 754974720, "loss": 2.5211803913116455, "lr": 6e-05, "grad_norm": 0.04400565102696419, "step_seconds": 12.822191135957837, "tokens_per_second": 163556.44505398645, "mfu": 0.7787424026211663, "elapsed_seconds": 4721.477354319766, "unix": 1789448037.044161, "ddp_buckets_rebuilt": false}
{"step": 361, "prediction_tokens": 757071872, "loss": 2.6107945442199707, "lr": 6e-05, "grad_norm": 0.05549406632781029, "step_seconds": 12.82156073488295, "tokens_per_second": 163564.4866770695, "mfu": 0.7787806912552743, "elapsed_seconds": 4734.321706529707, "unix": 1789448049.8885133, "ddp_buckets_rebuilt": false}
{"step": 362, "prediction_tokens": 759169024, "loss": 2.562671184539795, "lr": 6e-05, "grad_norm": 0.042917441576719284, "step_seconds": 12.822849603369832, "tokens_per_second": 163548.04625087942, "mfu": 0.7787024133434063, "elapsed_seconds": 4747.161109879613, "unix": 1789448062.7279258, "ddp_buckets_rebuilt": false}
{"step": 363, "prediction_tokens": 761266176, "loss": 2.4824230670928955, "lr": 6e-05, "grad_norm": 0.0685238167643547, "step_seconds": 12.828493619337678, "tokens_per_second": 163476.09175552396, "mfu": 0.7783598159203943, "elapsed_seconds": 4760.009864639491, "unix": 1789448075.5766697, "ddp_buckets_rebuilt": false}
{"step": 364, "prediction_tokens": 763363328, "loss": 2.5276899337768555, "lr": 6e-05, "grad_norm": 0.045045722275972366, "step_seconds": 12.824053905904293, "tokens_per_second": 163532.68750956006, "mfu": 0.7786292856649933, "elapsed_seconds": 4772.853260451928, "unix": 1789448088.4200685, "ddp_buckets_rebuilt": false}
{"step": 365, "prediction_tokens": 765460480, "loss": 2.594010591506958, "lr": 6e-05, "grad_norm": 0.06457918137311935, "step_seconds": 12.824733916670084, "tokens_per_second": 163524.0164533972, "mfu": 0.7785880001069262, "elapsed_seconds": 4785.696410534903, "unix": 1789448101.2632284, "ddp_buckets_rebuilt": false}
{"step": 366, "prediction_tokens": 767557632, "loss": 2.621182441711426, "lr": 6e-05, "grad_norm": 0.04649221524596214, "step_seconds": 12.822405830025673, "tokens_per_second": 163553.70651966028, "mfu": 0.7787293636192479, "elapsed_seconds": 4798.536675736308, "unix": 1789448114.1034918, "ddp_buckets_rebuilt": false}
{"step": 367, "prediction_tokens": 769654784, "loss": 2.553551197052002, "lr": 6e-05, "grad_norm": 0.04149211198091507, "step_seconds": 12.822445675730705, "tokens_per_second": 163553.19827709006, "mfu": 0.7787269437204778, "elapsed_seconds": 4811.376678707078, "unix": 1789448126.9434927, "ddp_buckets_rebuilt": false}
{"step": 368, "prediction_tokens": 771751936, "loss": 2.5504164695739746, "lr": 6e-05, "grad_norm": 0.04171626642346382, "step_seconds": 12.821815364062786, "tokens_per_second": 163561.2384403799, "mfu": 0.7787652254040625, "elapsed_seconds": 4824.216026259586, "unix": 1789448139.7828393, "ddp_buckets_rebuilt": false}
{"step": 369, "prediction_tokens": 773849088, "loss": 2.482151508331299, "lr": 6e-05, "grad_norm": 0.047616928815841675, "step_seconds": 12.823430670425296, "tokens_per_second": 163540.63541175966, "mfu": 0.7786671280652281, "elapsed_seconds": 4837.059166066349, "unix": 1789448152.6259818, "ddp_buckets_rebuilt": false}
{"step": 370, "prediction_tokens": 775946240, "loss": 2.5631282329559326, "lr": 6e-05, "grad_norm": 0.04423743858933449, "step_seconds": 12.823878386989236, "tokens_per_second": 163534.92576221828, "mfu": 0.778639942672439, "elapsed_seconds": 4849.899841986597, "unix": 1789448165.4666514, "ddp_buckets_rebuilt": false}
{"step": 371, "prediction_tokens": 778043392, "loss": 2.5927412509918213, "lr": 6e-05, "grad_norm": 0.05513062700629234, "step_seconds": 12.822136824950576, "tokens_per_second": 163557.13783362188, "mfu": 0.7787457011575072, "elapsed_seconds": 4862.740950163454, "unix": 1789448178.307757, "ddp_buckets_rebuilt": false}
{"step": 372, "prediction_tokens": 780140544, "loss": 2.5865023136138916, "lr": 6e-05, "grad_norm": 0.05206910893321037, "step_seconds": 12.981127949431539, "tokens_per_second": 161553.91181486947, "mfu": 0.7692077276320886, "elapsed_seconds": 4875.74522524327, "unix": 1789448191.3120341, "ddp_buckets_rebuilt": false}
{"step": 373, "prediction_tokens": 782237696, "loss": 2.6080939769744873, "lr": 6e-05, "grad_norm": 0.06609942018985748, "step_seconds": 12.822955373674631, "tokens_per_second": 163546.6972228124, "mfu": 0.7786959902069913, "elapsed_seconds": 4888.600590918213, "unix": 1789448204.167402, "ddp_buckets_rebuilt": false}
{"step": 374, "prediction_tokens": 784334848, "loss": 2.6435885429382324, "lr": 6e-05, "grad_norm": 0.0455336719751358, "step_seconds": 12.823022097349167, "tokens_per_second": 163545.8462193193, "mfu": 0.7786919383183322, "elapsed_seconds": 4901.439902309328, "unix": 1789448217.0067155, "ddp_buckets_rebuilt": false}
{"step": 375, "prediction_tokens": 786432000, "loss": 2.629511594772339, "lr": 6e-05, "grad_norm": 0.048641450703144073, "step_seconds": 12.824202444404364, "tokens_per_second": 163530.79336446835, "mfu": 0.77862026705922, "elapsed_seconds": 4914.281613811851, "unix": 1789448229.8484201, "ddp_buckets_rebuilt": false}
{"step": 376, "prediction_tokens": 788529152, "loss": 2.5634756088256836, "lr": 6e-05, "grad_norm": 0.048137638717889786, "step_seconds": 12.823797468096018, "tokens_per_second": 163535.95767692436, "mfu": 0.7786448559348742, "elapsed_seconds": 4927.121045043692, "unix": 1789448242.6878572, "ddp_buckets_rebuilt": false}
{"step": 377, "prediction_tokens": 790626304, "loss": 2.601088762283325, "lr": 6e-05, "grad_norm": 0.046130161732435226, "step_seconds": 12.821107065305114, "tokens_per_second": 163570.27433887142, "mfu": 0.7788082480883646, "elapsed_seconds": 4939.960350841284, "unix": 1789448255.5271623, "ddp_buckets_rebuilt": false}
{"step": 378, "prediction_tokens": 792723456, "loss": 2.6104624271392822, "lr": 6e-05, "grad_norm": 0.04326103255152702, "step_seconds": 12.821812888607383, "tokens_per_second": 163561.27001848473, "mfu": 0.7787653757571055, "elapsed_seconds": 4952.798600140959, "unix": 1789448268.3654068, "ddp_buckets_rebuilt": false}
{"step": 379, "prediction_tokens": 794820608, "loss": 2.509270668029785, "lr": 6e-05, "grad_norm": 0.05655620992183685, "step_seconds": 12.821858171373606, "tokens_per_second": 163560.69237157473, "mfu": 0.7787626254029851, "elapsed_seconds": 4965.639687199146, "unix": 1789448281.2064953, "ddp_buckets_rebuilt": false}
{"step": 380, "prediction_tokens": 796917760, "loss": 2.6803388595581055, "lr": 6e-05, "grad_norm": 0.0556705966591835, "step_seconds": 12.82200119458139, "tokens_per_second": 163558.86793133835, "mfu": 0.7787539386834087, "elapsed_seconds": 4978.481144174933, "unix": 1789448294.0479562, "ddp_buckets_rebuilt": false}
{"step": 381, "prediction_tokens": 799014912, "loss": 2.663508415222168, "lr": 6e-05, "grad_norm": 0.06814132630825043, "step_seconds": 12.823027595877647, "tokens_per_second": 163545.77609067873, "mfu": 0.7786916044143638, "elapsed_seconds": 4991.325447134674, "unix": 1789448306.892253, "ddp_buckets_rebuilt": false}
{"step": 382, "prediction_tokens": 801112064, "loss": 2.6253254413604736, "lr": 6e-05, "grad_norm": 0.05422462522983551, "step_seconds": 12.82175076007843, "tokens_per_second": 163562.0625640029, "mfu": 0.7787691493094153, "elapsed_seconds": 5004.167644480243, "unix": 1789448319.734451, "ddp_buckets_rebuilt": false}
{"step": 383, "prediction_tokens": 803209216, "loss": 2.554421901702881, "lr": 6e-05, "grad_norm": 0.047033634036779404, "step_seconds": 12.822181420400739, "tokens_per_second": 163556.56898313147, "mfu": 0.7787429926858386, "elapsed_seconds": 5017.011388571933, "unix": 1789448332.5781977, "ddp_buckets_rebuilt": false}
{"step": 384, "prediction_tokens": 805306368, "loss": 2.508491039276123, "lr": 6e-05, "grad_norm": 0.05687754601240158, "step_seconds": 12.823437849059701, "tokens_per_second": 163540.5438607695, "mfu": 0.7786666921628826, "elapsed_seconds": 5029.851670226082, "unix": 1789448345.4184813, "ddp_buckets_rebuilt": false}
{"step": 385, "prediction_tokens": 807403520, "loss": 2.534616470336914, "lr": 6e-05, "grad_norm": 0.046819787472486496, "step_seconds": 12.8206433840096, "tokens_per_second": 163576.19014780872, "mfu": 0.7788364150692729, "elapsed_seconds": 5042.69217241928, "unix": 1789448358.258979, "ddp_buckets_rebuilt": false}
{"step": 386, "prediction_tokens": 809500672, "loss": 2.5657150745391846, "lr": 6e-05, "grad_norm": 0.04975162446498871, "step_seconds": 12.822045536711812, "tokens_per_second": 163558.30230016564, "mfu": 0.7787512455398992, "elapsed_seconds": 5055.534123264253, "unix": 1789448371.100932, "ddp_buckets_rebuilt": false}
{"step": 387, "prediction_tokens": 811597824, "loss": 2.4219865798950195, "lr": 6e-05, "grad_norm": 0.057517342269420624, "step_seconds": 12.824763959273696, "tokens_per_second": 163523.6333908143, "mfu": 0.7785861762284721, "elapsed_seconds": 5068.378461414948, "unix": 1789448383.9452722, "ddp_buckets_rebuilt": false}
{"step": 388, "prediction_tokens": 813694976, "loss": 2.5565359592437744, "lr": 6e-05, "grad_norm": 0.04301003739237785, "step_seconds": 12.820680825039744, "tokens_per_second": 163575.71244610552, "mfu": 0.7788341405849384, "elapsed_seconds": 5081.220631221309, "unix": 1789448396.7874377, "ddp_buckets_rebuilt": false}
{"step": 389, "prediction_tokens": 815792128, "loss": 2.555389881134033, "lr": 6e-05, "grad_norm": 0.04574409872293472, "step_seconds": 12.821623001247644, "tokens_per_second": 163563.69234970727, "mfu": 0.7787769092190585, "elapsed_seconds": 5094.06796380505, "unix": 1789448409.634772, "ddp_buckets_rebuilt": false}
{"step": 390, "prediction_tokens": 817889280, "loss": 2.568272352218628, "lr": 6e-05, "grad_norm": 0.04217033088207245, "step_seconds": 12.820886500179768, "tokens_per_second": 163573.08833290075, "mfu": 0.7788216463770755, "elapsed_seconds": 5106.909846095368, "unix": 1789448422.4766564, "ddp_buckets_rebuilt": false}
{"step": 391, "prediction_tokens": 819986432, "loss": 2.5277812480926514, "lr": 6e-05, "grad_norm": 0.04532627761363983, "step_seconds": 12.821682929992676, "tokens_per_second": 163562.9278504704, "mfu": 0.7787732692036966, "elapsed_seconds": 5119.750789595768, "unix": 1789448435.3175995, "ddp_buckets_rebuilt": false}
{"step": 392, "prediction_tokens": 822083584, "loss": 2.527256965637207, "lr": 6e-05, "grad_norm": 0.04303104057908058, "step_seconds": 12.821525778621435, "tokens_per_second": 163564.93261486737, "mfu": 0.7787828145019126, "elapsed_seconds": 5132.591115299612, "unix": 1789448448.157924, "ddp_buckets_rebuilt": false}
{"step": 393, "prediction_tokens": 824180736, "loss": 2.5343375205993652, "lr": 6e-05, "grad_norm": 0.04176561161875725, "step_seconds": 12.821713661774993, "tokens_per_second": 163562.53581392783, "mfu": 0.7787714025974679, "elapsed_seconds": 5145.431003522128, "unix": 1789448460.9978204, "ddp_buckets_rebuilt": false}
{"step": 394, "prediction_tokens": 826277888, "loss": 2.542311429977417, "lr": 6e-05, "grad_norm": 0.04034850001335144, "step_seconds": 12.822337780147791, "tokens_per_second": 163554.57452126394, "mfu": 0.7787334964411254, "elapsed_seconds": 5158.270885957405, "unix": 1789448473.8376982, "ddp_buckets_rebuilt": false}
{"step": 395, "prediction_tokens": 828375040, "loss": 2.524837017059326, "lr": 6e-05, "grad_norm": 0.04421749711036682, "step_seconds": 12.821744924411178, "tokens_per_second": 163562.13700736282, "mfu": 0.7787695037570859, "elapsed_seconds": 5171.109801759943, "unix": 1789448486.6766083, "ddp_buckets_rebuilt": false}
{"step": 396, "prediction_tokens": 830472192, "loss": 2.5785317420959473, "lr": 6e-05, "grad_norm": 0.04109399393200874, "step_seconds": 12.823204535990953, "tokens_per_second": 163543.51941544042, "mfu": 0.7786808596913635, "elapsed_seconds": 5183.954191623256, "unix": 1789448499.5209982, "ddp_buckets_rebuilt": false}
{"step": 397, "prediction_tokens": 832569344, "loss": 2.5814404487609863, "lr": 6e-05, "grad_norm": 0.03964177891612053, "step_seconds": 12.822647782042623, "tokens_per_second": 163550.62040594613, "mfu": 0.7787146696852503, "elapsed_seconds": 5196.7957559954375, "unix": 1789448512.362565, "ddp_buckets_rebuilt": false}
{"step": 398, "prediction_tokens": 834666496, "loss": 2.5695576667785645, "lr": 6e-05, "grad_norm": 0.042810771614313126, "step_seconds": 12.82555127888918, "tokens_per_second": 163513.59519741707, "mfu": 0.7785383813106898, "elapsed_seconds": 5209.644338350743, "unix": 1789448525.2111483, "ddp_buckets_rebuilt": false}
{"step": 399, "prediction_tokens": 836763648, "loss": 2.562044620513916, "lr": 6e-05, "grad_norm": 0.052531637251377106, "step_seconds": 12.822550090029836, "tokens_per_second": 163551.8664599048, "mfu": 0.7787206025303499, "elapsed_seconds": 5222.484728857875, "unix": 1789448538.0515356, "ddp_buckets_rebuilt": false}
{"step": 400, "prediction_tokens": 838860800, "loss": 2.5319418907165527, "lr": 6e-05, "grad_norm": 0.03872499242424965, "step_seconds": 12.823096951469779, "tokens_per_second": 163544.8915294698, "mfu": 0.7786873927471265, "elapsed_seconds": 5235.3286860994995, "unix": 1789448550.895495, "ddp_buckets_rebuilt": false}
{"step": 401, "prediction_tokens": 840957952, "loss": 2.5775961875915527, "lr": 6e-05, "grad_norm": 0.0384526364505291, "step_seconds": 12.83004611171782, "tokens_per_second": 163456.31042468728, "mfu": 0.778265630936747, "elapsed_seconds": 5248.178973078728, "unix": 1789448563.745791, "ddp_buckets_rebuilt": false}
{"step": 402, "prediction_tokens": 843055104, "loss": 2.5873610973358154, "lr": 6e-05, "grad_norm": 0.04020778089761734, "step_seconds": 12.985985320061445, "tokens_per_second": 161493.4830366863, "mfu": 0.7689200076838207, "elapsed_seconds": 5261.179913831875, "unix": 1789448576.746731, "ddp_buckets_rebuilt": false}
{"step": 403, "prediction_tokens": 845152256, "loss": 2.5326688289642334, "lr": 6e-05, "grad_norm": 0.03943217918276787, "step_seconds": 12.8299406953156, "tokens_per_second": 163457.6534531996, "mfu": 0.7782720255074418, "elapsed_seconds": 5274.0281568951905, "unix": 1789448589.594968, "ddp_buckets_rebuilt": false}
{"step": 404, "prediction_tokens": 847249408, "loss": 2.560826539993286, "lr": 6e-05, "grad_norm": 0.04022766649723053, "step_seconds": 12.824384059756994, "tokens_per_second": 163528.47748695218, "mfu": 0.7786092404560156, "elapsed_seconds": 5286.867625394836, "unix": 1789448602.4344437, "ddp_buckets_rebuilt": false}
{"step": 405, "prediction_tokens": 849346560, "loss": 2.6078147888183594, "lr": 6e-05, "grad_norm": 0.043020907789468765, "step_seconds": 12.822951946407557, "tokens_per_second": 163546.7409349165, "mfu": 0.7786961983337268, "elapsed_seconds": 5299.709492336959, "unix": 1789448615.276298, "ddp_buckets_rebuilt": false}
{"step": 406, "prediction_tokens": 851443712, "loss": 2.5628695487976074, "lr": 6e-05, "grad_norm": 0.039253342896699905, "step_seconds": 12.823722133412957, "tokens_per_second": 163536.91839093642, "mfu": 0.7786494301889657, "elapsed_seconds": 5312.553262148052, "unix": 1789448628.1200688, "ddp_buckets_rebuilt": false}
{"step": 407, "prediction_tokens": 853540864, "loss": 2.5701117515563965, "lr": 6e-05, "grad_norm": 0.04216733202338219, "step_seconds": 12.823405781760812, "tokens_per_second": 163540.95282415958, "mfu": 0.7786686393630242, "elapsed_seconds": 5325.39936398901, "unix": 1789448640.9661753, "ddp_buckets_rebuilt": false}
{"step": 408, "prediction_tokens": 855638016, "loss": 2.560666084289551, "lr": 6e-05, "grad_norm": 0.039682112634181976, "step_seconds": 12.823961870744824, "tokens_per_second": 163533.8611528635, "mfu": 0.778634873740753, "elapsed_seconds": 5338.239998461679, "unix": 1789448653.8068085, "ddp_buckets_rebuilt": false}
{"step": 409, "prediction_tokens": 857735168, "loss": 2.568537712097168, "lr": 6e-05, "grad_norm": 0.04006754234433174, "step_seconds": 12.823578415438533, "tokens_per_second": 163538.75120186433, "mfu": 0.7786581567639721, "elapsed_seconds": 5351.079967243597, "unix": 1789448666.6467733, "ddp_buckets_rebuilt": false}
{"step": 410, "prediction_tokens": 859832320, "loss": 2.5785622596740723, "lr": 6e-05, "grad_norm": 0.041789617389440536, "step_seconds": 12.823255226016045, "tokens_per_second": 163542.8729317702, "mfu": 0.7786777815843136, "elapsed_seconds": 5363.933504367247, "unix": 1789448679.5003152, "ddp_buckets_rebuilt": false}
{"step": 411, "prediction_tokens": 861929472, "loss": 2.510089874267578, "lr": 6e-05, "grad_norm": 0.041233498603105545, "step_seconds": 12.82403078302741, "tokens_per_second": 163532.9823736526, "mfu": 0.7786306896033817, "elapsed_seconds": 5376.774311510846, "unix": 1789448692.3411233, "ddp_buckets_rebuilt": false}
{"step": 412, "prediction_tokens": 864026624, "loss": 2.5451531410217285, "lr": 6e-05, "grad_norm": 0.040359608829021454, "step_seconds": 12.82369808293879, "tokens_per_second": 163537.22509968813, "mfu": 0.7786508905234094, "elapsed_seconds": 5389.6163743026555, "unix": 1789448705.1831803, "ddp_buckets_rebuilt": false}
{"step": 413, "prediction_tokens": 866123776, "loss": 2.5490448474884033, "lr": 6e-05, "grad_norm": 0.04215699061751366, "step_seconds": 12.824020070955157, "tokens_per_second": 163533.1189748988, "mfu": 0.7786313400038146, "elapsed_seconds": 5402.4548711031675, "unix": 1789448718.0216777, "ddp_buckets_rebuilt": false}
{"step": 414, "prediction_tokens": 868220928, "loss": 2.5649356842041016, "lr": 6e-05, "grad_norm": 0.0439901240170002, "step_seconds": 12.82456848397851, "tokens_per_second": 163526.12585912205, "mfu": 0.7785980436346008, "elapsed_seconds": 5415.301728898659, "unix": 1789448730.8685427, "ddp_buckets_rebuilt": false}
{"step": 415, "prediction_tokens": 870318080, "loss": 2.5850868225097656, "lr": 6e-05, "grad_norm": 0.04183990880846977, "step_seconds": 12.824521047994494, "tokens_per_second": 163526.73071778798, "mfu": 0.7786009235522379, "elapsed_seconds": 5428.14743863605, "unix": 1789448743.7142472, "ddp_buckets_rebuilt": false}
{"step": 416, "prediction_tokens": 872415232, "loss": 2.4631471633911133, "lr": 6e-05, "grad_norm": 0.049418460577726364, "step_seconds": 12.825651848688722, "tokens_per_second": 163512.31303806286, "mfu": 0.7785322765567272, "elapsed_seconds": 5440.9914679881185, "unix": 1789448756.5582757, "ddp_buckets_rebuilt": false}
{"step": 417, "prediction_tokens": 874512384, "loss": 2.6181423664093018, "lr": 6e-05, "grad_norm": 0.06209542602300644, "step_seconds": 12.82362500950694, "tokens_per_second": 163538.1569911201, "mfu": 0.7786553275443565, "elapsed_seconds": 5453.833514712751, "unix": 1789448769.4003274, "ddp_buckets_rebuilt": false}
{"step": 418, "prediction_tokens": 876609536, "loss": 2.7675414085388184, "lr": 6e-05, "grad_norm": 0.09949587285518646, "step_seconds": 12.824352229014039, "tokens_per_second": 163528.8833735685, "mfu": 0.7786111730066938, "elapsed_seconds": 5466.674671618268, "unix": 1789448782.2414794, "ddp_buckets_rebuilt": false}
{"step": 419, "prediction_tokens": 878706688, "loss": 2.599994421005249, "lr": 6e-05, "grad_norm": 0.04697148874402046, "step_seconds": 12.823493722826242, "tokens_per_second": 163539.83129160816, "mfu": 0.7786632994025388, "elapsed_seconds": 5479.515755143017, "unix": 1789448795.0825593, "ddp_buckets_rebuilt": false}
{"step": 420, "prediction_tokens": 880803840, "loss": 2.5822203159332275, "lr": 6e-05, "grad_norm": 0.044758837670087814, "step_seconds": 12.823341948911548, "tokens_per_second": 163541.76690874313, "mfu": 0.7786725154694308, "elapsed_seconds": 5492.35705585219, "unix": 1789448807.923864, "ddp_buckets_rebuilt": false}
{"step": 421, "prediction_tokens": 882900992, "loss": 2.606142044067383, "lr": 6e-05, "grad_norm": 0.04936385899782181, "step_seconds": 12.822655718773603, "tokens_per_second": 163550.51917439906, "mfu": 0.7787141876908038, "elapsed_seconds": 5505.199585450813, "unix": 1789448820.766395, "ddp_buckets_rebuilt": false}
{"step": 422, "prediction_tokens": 884998144, "loss": 2.631089687347412, "lr": 6e-05, "grad_norm": 0.04812779277563095, "step_seconds": 12.823353184387088, "tokens_per_second": 163541.62361786628, "mfu": 0.7786718332176146, "elapsed_seconds": 5518.044093251228, "unix": 1789448833.6108997, "ddp_buckets_rebuilt": false}
{"step": 423, "prediction_tokens": 887095296, "loss": 2.6002559661865234, "lr": 6e-05, "grad_norm": 0.046404000371694565, "step_seconds": 12.82412294857204, "tokens_per_second": 163531.80708030539, "mfu": 0.7786250936712574, "elapsed_seconds": 5530.893424743786, "unix": 1789448846.4602304, "ddp_buckets_rebuilt": false}
{"step": 424, "prediction_tokens": 889192448, "loss": 2.525240182876587, "lr": 6e-05, "grad_norm": 0.05046572908759117, "step_seconds": 12.826179377734661, "tokens_per_second": 163505.58792593432, "mfu": 0.7785002562350875, "elapsed_seconds": 5543.735692115501, "unix": 1789448859.3025076, "ddp_buckets_rebuilt": false}
{"step": 425, "prediction_tokens": 891289600, "loss": 2.4270687103271484, "lr": 6e-05, "grad_norm": 0.1076497957110405, "step_seconds": 12.824495259672403, "tokens_per_second": 163527.0595478836, "mfu": 0.7786024892131853, "elapsed_seconds": 5556.577902143821, "unix": 1789448872.1447086, "ddp_buckets_rebuilt": false}
{"step": 426, "prediction_tokens": 893386752, "loss": 2.540062427520752, "lr": 6e-05, "grad_norm": 0.057915814220905304, "step_seconds": 12.82583942078054, "tokens_per_second": 163509.92174455075, "mfu": 0.7785208908748338, "elapsed_seconds": 5569.421255568042, "unix": 1789448884.9880614, "ddp_buckets_rebuilt": false}
{"step": 427, "prediction_tokens": 895483904, "loss": 2.504257917404175, "lr": 6e-05, "grad_norm": 0.055227264761924744, "step_seconds": 12.823244335129857, "tokens_per_second": 163543.01183006843, "mfu": 0.7786784429217157, "elapsed_seconds": 5582.259878894314, "unix": 1789448897.8266888, "ddp_buckets_rebuilt": false}
{"step": 428, "prediction_tokens": 897581056, "loss": 2.5465493202209473, "lr": 6e-05, "grad_norm": 0.05152500793337822, "step_seconds": 12.823971195146441, "tokens_per_second": 163533.74224621782, "mfu": 0.7786343075897406, "elapsed_seconds": 5595.101857086644, "unix": 1789448910.668667, "ddp_buckets_rebuilt": false}
{"step": 429, "prediction_tokens": 899678208, "loss": 2.6253278255462646, "lr": 6e-05, "grad_norm": 0.04715385660529137, "step_seconds": 12.822978777810931, "tokens_per_second": 163546.39872203034, "mfu": 0.7786945689532089, "elapsed_seconds": 5607.945615652949, "unix": 1789448923.5124233, "ddp_buckets_rebuilt": false}
{"step": 430, "prediction_tokens": 901775360, "loss": 2.636605739593506, "lr": 6e-05, "grad_norm": 0.0560544952750206, "step_seconds": 12.822360128164291, "tokens_per_second": 163554.28946295223, "mfu": 0.7787321391910673, "elapsed_seconds": 5620.783749476075, "unix": 1789448936.3505583, "ddp_buckets_rebuilt": false}
{"step": 431, "prediction_tokens": 903872512, "loss": 2.63632869720459, "lr": 6e-05, "grad_norm": 0.05102473124861717, "step_seconds": 12.8411814160645, "tokens_per_second": 163314.56834465658, "mfu": 0.7775907534171287, "elapsed_seconds": 5633.642904998735, "unix": 1789448949.2097156, "ddp_buckets_rebuilt": false}
{"step": 432, "prediction_tokens": 905969664, "loss": 2.5651073455810547, "lr": 6e-05, "grad_norm": 0.043269578367471695, "step_seconds": 12.824053896591067, "tokens_per_second": 163532.68762832257, "mfu": 0.7786292862304581, "elapsed_seconds": 5646.485320592299, "unix": 1789448962.0521255, "ddp_buckets_rebuilt": false}
{"step": 433, "prediction_tokens": 908066816, "loss": 2.533536911010742, "lr": 6e-05, "grad_norm": 0.04538585990667343, "step_seconds": 12.975185008719563, "tokens_per_second": 161627.90731620978, "mfu": 0.769560042910633, "elapsed_seconds": 5659.478960676119, "unix": 1789448975.045766, "ddp_buckets_rebuilt": false}
{"step": 434, "prediction_tokens": 910163968, "loss": 2.551342010498047, "lr": 6e-05, "grad_norm": 0.04462592676281929, "step_seconds": 12.824025265872478, "tokens_per_second": 163533.05272884778, "mfu": 0.7786310245860459, "elapsed_seconds": 5672.325736293569, "unix": 1789448987.8925467, "ddp_buckets_rebuilt": false}
{"step": 435, "prediction_tokens": 912261120, "loss": 2.578570604324341, "lr": 6e-05, "grad_norm": 0.04333668202161789, "step_seconds": 12.823823561891913, "tokens_per_second": 163535.62491549164, "mfu": 0.778643271555625, "elapsed_seconds": 5685.1687519960105, "unix": 1789449000.7355602, "ddp_buckets_rebuilt": false}
{"step": 436, "prediction_tokens": 914358272, "loss": 2.5117340087890625, "lr": 6e-05, "grad_norm": 0.046577338129282, "step_seconds": 12.822925962507725, "tokens_per_second": 163547.07233994425, "mfu": 0.778697776254716, "elapsed_seconds": 5698.012960938737, "unix": 1789449013.5797665, "ddp_buckets_rebuilt": false}
{"step": 437, "prediction_tokens": 916455424, "loss": 2.517731189727783, "lr": 6e-05, "grad_norm": 0.047171495854854584, "step_seconds": 12.823723236098886, "tokens_per_second": 163536.9043287288, "mfu": 0.778649363234482, "elapsed_seconds": 5710.8675424829125, "unix": 1789449026.4343524, "ddp_buckets_rebuilt": false}
{"step": 438, "prediction_tokens": 918552576, "loss": 2.5716655254364014, "lr": 6e-05, "grad_norm": 0.04428387060761452, "step_seconds": 12.82370724529028, "tokens_per_second": 163537.10825472986, "mfu": 0.7786503341887233, "elapsed_seconds": 5723.709401844069, "unix": 1789449039.276213, "ddp_buckets_rebuilt": false}
{"step": 439, "prediction_tokens": 920649728, "loss": 2.4860668182373047, "lr": 6e-05, "grad_norm": 0.051911890506744385, "step_seconds": 12.823382791131735, "tokens_per_second": 163541.2460314549, "mfu": 0.7786700354128927, "elapsed_seconds": 5736.551020761952, "unix": 1789449052.1178265, "ddp_buckets_rebuilt": false}
{"step": 440, "prediction_tokens": 922746880, "loss": 2.5464982986450195, "lr": 6e-05, "grad_norm": 0.04266970977187157, "step_seconds": 12.822128174826503, "tokens_per_second": 163557.2481733031, "mfu": 0.7787462265185738, "elapsed_seconds": 5749.390144042671, "unix": 1789449064.9569502, "ddp_buckets_rebuilt": false}
{"step": 441, "prediction_tokens": 924844032, "loss": 2.5337228775024414, "lr": 6e-05, "grad_norm": 0.04282867908477783, "step_seconds": 12.82201187312603, "tokens_per_second": 163558.73171475317, "mfu": 0.7787532901144648, "elapsed_seconds": 5762.2316450327635, "unix": 1789449077.7984548, "ddp_buckets_rebuilt": false}
{"step": 442, "prediction_tokens": 926941184, "loss": 2.479088544845581, "lr": 6e-05, "grad_norm": 0.04960482195019722, "step_seconds": 12.825306173413992, "tokens_per_second": 163516.72011910772, "mfu": 0.778553260021367, "elapsed_seconds": 5775.0756462123245, "unix": 1789449090.6424513, "ddp_buckets_rebuilt": false}
{"step": 443, "prediction_tokens": 929038336, "loss": 2.3022539615631104, "lr": 6e-05, "grad_norm": 0.0816628634929657, "step_seconds": 12.826804224401712, "tokens_per_second": 163497.62289272164, "mfu": 0.7784623322688449, "elapsed_seconds": 5787.921684423462, "unix": 1789449103.4884915, "ddp_buckets_rebuilt": false}
{"step": 444, "prediction_tokens": 931135488, "loss": 2.54245662689209, "lr": 6e-05, "grad_norm": 0.04622378572821617, "step_seconds": 12.824298415333033, "tokens_per_second": 163529.5695780594, "mfu": 0.7786144402367546, "elapsed_seconds": 5800.763890637085, "unix": 1789449116.3307018, "ddp_buckets_rebuilt": false}
{"step": 445, "prediction_tokens": 933232640, "loss": 2.5514841079711914, "lr": 6e-05, "grad_norm": 0.04171876236796379, "step_seconds": 12.824173029512167, "tokens_per_second": 163531.16845615237, "mfu": 0.7786220529857796, "elapsed_seconds": 5813.609580459073, "unix": 1789449129.1763904, "ddp_buckets_rebuilt": false}
{"step": 446, "prediction_tokens": 935329792, "loss": 2.5114097595214844, "lr": 6e-05, "grad_norm": 0.0452536977827549, "step_seconds": 12.824911750853062, "tokens_per_second": 163521.74897893594, "mfu": 0.778577203965513, "elapsed_seconds": 5826.450757082552, "unix": 1789449142.0175629, "ddp_buckets_rebuilt": false}
{"step": 447, "prediction_tokens": 937426944, "loss": 2.5827484130859375, "lr": 6e-05, "grad_norm": 0.04228663071990013, "step_seconds": 12.827940521761775, "tokens_per_second": 163483.1402938232, "mfu": 0.7783933761732373, "elapsed_seconds": 5839.2972608320415, "unix": 1789449154.864071, "ddp_buckets_rebuilt": false}
{"step": 448, "prediction_tokens": 939524096, "loss": 2.593374252319336, "lr": 6e-05, "grad_norm": 0.03950715437531471, "step_seconds": 12.823318528011441, "tokens_per_second": 163542.0656064147, "mfu": 0.7786739376606648, "elapsed_seconds": 5852.138836087659, "unix": 1789449167.7056458, "ddp_buckets_rebuilt": false}
{"step": 449, "prediction_tokens": 941621248, "loss": 2.556985378265381, "lr": 6e-05, "grad_norm": 0.04081956297159195, "step_seconds": 12.823956109583378, "tokens_per_second": 163533.93462043998, "mfu": 0.7786352235424193, "elapsed_seconds": 5864.9807082321495, "unix": 1789449180.5475152, "ddp_buckets_rebuilt": false}
{"step": 450, "prediction_tokens": 943718400, "loss": 2.5499460697174072, "lr": 6e-05, "grad_norm": 0.040031325072050095, "step_seconds": 12.822888420894742, "tokens_per_second": 163547.55115725065, "mfu": 0.7787000560507795, "elapsed_seconds": 5877.822374101728, "unix": 1789449193.3891833, "ddp_buckets_rebuilt": false}
{"step": 451, "prediction_tokens": 945815552, "loss": 2.5755271911621094, "lr": 6e-05, "grad_norm": 0.03903642296791077, "step_seconds": 12.824884299188852, "tokens_per_second": 163522.09899723154, "mfu": 0.7785788705099795, "elapsed_seconds": 5890.66539648734, "unix": 1789449206.2322085, "ddp_buckets_rebuilt": false}
{"step": 452, "prediction_tokens": 947912704, "loss": 2.595440626144409, "lr": 6e-05, "grad_norm": 0.03707236796617508, "step_seconds": 12.823674296960235, "tokens_per_second": 163537.5284365352, "mfu": 0.7786523348031811, "elapsed_seconds": 5903.508803278208, "unix": 1789449219.075611, "ddp_buckets_rebuilt": false}
{"step": 453, "prediction_tokens": 950009856, "loss": 2.507810592651367, "lr": 6e-05, "grad_norm": 0.042511504143476486, "step_seconds": 12.823521107435226, "tokens_per_second": 163539.48205255784, "mfu": 0.778661636568298, "elapsed_seconds": 5916.351977095008, "unix": 1789449231.918784, "ddp_buckets_rebuilt": false}
{"step": 454, "prediction_tokens": 952107008, "loss": 2.53600811958313, "lr": 6e-05, "grad_norm": 0.04043150693178177, "step_seconds": 12.822830066084862, "tokens_per_second": 163548.29543805335, "mfu": 0.7787035997999746, "elapsed_seconds": 5929.189986050129, "unix": 1789449244.7567978, "ddp_buckets_rebuilt": false}
{"step": 455, "prediction_tokens": 954204160, "loss": 2.555783748626709, "lr": 6e-05, "grad_norm": 0.03864464536309242, "step_seconds": 12.823248187080026, "tokens_per_second": 163542.96270370646, "mfu": 0.7786782090160379, "elapsed_seconds": 5942.031255818903, "unix": 1789449257.5980651, "ddp_buckets_rebuilt": false}
{"step": 456, "prediction_tokens": 956301312, "loss": 2.5944905281066895, "lr": 6e-05, "grad_norm": 0.03933078795671463, "step_seconds": 12.829782849177718, "tokens_per_second": 163459.66448952095, "mfu": 0.7782816006682135, "elapsed_seconds": 5954.879476392642, "unix": 1789449270.446282, "ddp_buckets_rebuilt": false}
{"step": 457, "prediction_tokens": 958398464, "loss": 2.5320897102355957, "lr": 6e-05, "grad_norm": 0.04112900793552399, "step_seconds": 12.823715744540095, "tokens_per_second": 163536.99986627483, "mfu": 0.7786498181180428, "elapsed_seconds": 5967.723638160154, "unix": 1789449283.2904503, "ddp_buckets_rebuilt": false}
{"step": 458, "prediction_tokens": 960495616, "loss": 2.5104265213012695, "lr": 6e-05, "grad_norm": 0.05461294203996658, "step_seconds": 12.82302825897932, "tokens_per_second": 163545.7676334348, "mfu": 0.7786915641468315, "elapsed_seconds": 5980.565328750759, "unix": 1789449296.132138, "ddp_buckets_rebuilt": false}
{"step": 459, "prediction_tokens": 962592768, "loss": 2.577878475189209, "lr": 6e-05, "grad_norm": 0.04065050929784775, "step_seconds": 12.823515586555004, "tokens_per_second": 163539.5524608547, "mfu": 0.7786619718037958, "elapsed_seconds": 5993.405285768211, "unix": 1789449308.9720933, "ddp_buckets_rebuilt": false}
{"step": 460, "prediction_tokens": 964689920, "loss": 2.433015823364258, "lr": 6e-05, "grad_norm": 0.06715475022792816, "step_seconds": 12.826539995148778, "tokens_per_second": 163500.99097599037, "mfu": 0.7784783687463803, "elapsed_seconds": 6006.2510784920305, "unix": 1789449321.8178887, "ddp_buckets_rebuilt": false}
{"step": 461, "prediction_tokens": 966787072, "loss": 2.6157851219177246, "lr": 6e-05, "grad_norm": 0.0445898212492466, "step_seconds": 12.822777595371008, "tokens_per_second": 163548.96467650402, "mfu": 0.7787067862495141, "elapsed_seconds": 6019.09070251137, "unix": 1789449334.657514, "ddp_buckets_rebuilt": false}
{"step": 462, "prediction_tokens": 968884224, "loss": 2.55794358253479, "lr": 6e-05, "grad_norm": 0.04272603243589401, "step_seconds": 12.843072323128581, "tokens_per_second": 163290.52326703182, "mfu": 0.7774762674272032, "elapsed_seconds": 6031.950021019205, "unix": 1789449347.516829, "ddp_buckets_rebuilt": false}
{"step": 463, "prediction_tokens": 970981376, "loss": 2.5154619216918945, "lr": 5.994309986211133e-05, "grad_norm": 0.04336295276880264, "step_seconds": 12.975530905649066, "tokens_per_second": 161623.59869891548, "mfu": 0.7695395282621112, "elapsed_seconds": 6044.941617583856, "unix": 1789449360.508424, "ddp_buckets_rebuilt": false}
{"step": 464, "prediction_tokens": 973078528, "loss": 2.5767314434051514, "lr": 5.9772615290158074e-05, "grad_norm": 0.041418999433517456, "step_seconds": 12.823854181915522, "tokens_per_second": 163535.2344350148, "mfu": 0.7786414123583026, "elapsed_seconds": 6057.780685558915, "unix": 1789449373.347495, "ddp_buckets_rebuilt": false}
{"step": 465, "prediction_tokens": 975175680, "loss": 2.5141005516052246, "lr": 5.948919299051706e-05, "grad_norm": 0.04199928790330887, "step_seconds": 12.822501147165895, "tokens_per_second": 163552.49072943348, "mfu": 0.7787235748690585, "elapsed_seconds": 6070.620138121769, "unix": 1789449386.1869469, "ddp_buckets_rebuilt": false}
{"step": 466, "prediction_tokens": 977272832, "loss": 2.609039545059204, "lr": 5.909390808105029e-05, "grad_norm": 0.04750556871294975, "step_seconds": 12.822745352983475, "tokens_per_second": 163549.3759152017, "mfu": 0.7787087442830931, "elapsed_seconds": 6083.459413448349, "unix": 1789449399.0262196, "ddp_buckets_rebuilt": false}
{"step": 467, "prediction_tokens": 979369984, "loss": 2.560296058654785, "lr": 5.85882600128147e-05, "grad_norm": 0.04604332521557808, "step_seconds": 12.822012742981315, "tokens_per_second": 163558.720618802, "mfu": 0.7787532372832379, "elapsed_seconds": 6096.297727962956, "unix": 1789449411.8645418, "ddp_buckets_rebuilt": false}
{"step": 468, "prediction_tokens": 981467136, "loss": 2.515213966369629, "lr": 5.797416688213067e-05, "grad_norm": 0.041946470737457275, "step_seconds": 12.824765056371689, "tokens_per_second": 163523.6194021409, "mfu": 0.7785861096241072, "elapsed_seconds": 6109.139351947233, "unix": 1789449424.706172, "ddp_buckets_rebuilt": false}
{"step": 469, "prediction_tokens": 983564288, "loss": 2.5353524684906006, "lr": 5.725395815458571e-05, "grad_norm": 0.04164370521903038, "step_seconds": 12.823920341208577, "tokens_per_second": 163534.39074796656, "mfu": 0.7786373953054815, "elapsed_seconds": 6121.979730105028, "unix": 1789449437.5465436, "ddp_buckets_rebuilt": false}
{"step": 470, "prediction_tokens": 985661440, "loss": 2.5686228275299072, "lr": 5.6430365828573536e-05, "grad_norm": 0.04228002205491066, "step_seconds": 12.824081106111407, "tokens_per_second": 163532.34065250782, "mfu": 0.7786276341721761, "elapsed_seconds": 6134.819582263008, "unix": 1789449450.3863952, "ddp_buckets_rebuilt": false}
{"step": 471, "prediction_tokens": 987758592, "loss": 2.541639566421509, "lr": 5.550651407188843e-05, "grad_norm": 0.04473210126161575, "step_seconds": 12.823071217164397, "tokens_per_second": 163545.21974367925, "mfu": 0.7786889554756508, "elapsed_seconds": 6147.658324189484, "unix": 1789449463.2251444, "ddp_buckets_rebuilt": false}
{"step": 472, "prediction_tokens": 989855744, "loss": 2.503709077835083, "lr": 5.4485907370686655e-05, "grad_norm": 0.05745061859488487, "step_seconds": 12.82376985438168, "tokens_per_second": 163536.3098226093, "mfu": 0.7786465326084939, "elapsed_seconds": 6160.498465698212, "unix": 1789449476.06527, "ddp_buckets_rebuilt": false}
{"step": 473, "prediction_tokens": 991952896, "loss": 2.517852783203125, "lr": 5.3372417235770114e-05, "grad_norm": 0.03985469043254852, "step_seconds": 12.823110630735755, "tokens_per_second": 163544.71706524387, "mfu": 0.7786865620694333, "elapsed_seconds": 6173.339103389531, "unix": 1789449488.905913, "ddp_buckets_rebuilt": false}
{"step": 474, "prediction_tokens": 994050048, "loss": 2.612048387527466, "lr": 5.2170267516619774e-05, "grad_norm": 0.04274384304881096, "step_seconds": 12.823723267763853, "tokens_per_second": 163536.90392491544, "mfu": 0.7786493613118026, "elapsed_seconds": 6186.178595555946, "unix": 1789449501.7454133, "ddp_buckets_rebuilt": false}
{"step": 475, "prediction_tokens": 996147200, "loss": 2.574498176574707, "lr": 5.0884018378887804e-05, "grad_norm": 0.040849216282367706, "step_seconds": 12.823404036462307, "tokens_per_second": 163540.97508250686, "mfu": 0.7786687453418429, "elapsed_seconds": 6199.026964329183, "unix": 1789449514.5937817, "ddp_buckets_rebuilt": false}
{"step": 476, "prediction_tokens": 998244352, "loss": 2.597688674926758, "lr": 4.9518549006127265e-05, "grad_norm": 0.040236946195364, "step_seconds": 12.824576104059815, "tokens_per_second": 163526.0286954915, "mfu": 0.7785975810087529, "elapsed_seconds": 6211.866368595511, "unix": 1789449527.4331818, "ddp_buckets_rebuilt": false}
{"step": 477, "prediction_tokens": 1000341504, "loss": 2.51216197013855, "lr": 4.8079039091377696e-05, "grad_norm": 0.04967854544520378, "step_seconds": 12.823379348963499, "tokens_per_second": 163541.28993068513, "mfu": 0.7786702444305931, "elapsed_seconds": 6224.708611192182, "unix": 1789449540.275419, "ddp_buckets_rebuilt": false}
{"step": 478, "prediction_tokens": 1002438656, "loss": 2.4604499340057373, "lr": 4.6570949188815176e-05, "grad_norm": 0.04098756983876228, "step_seconds": 12.823030730709434, "tokens_per_second": 163545.73610882825, "mfu": 0.7786914140485099, "elapsed_seconds": 6237.550193801522, "unix": 1789449553.1170044, "ddp_buckets_rebuilt": false}
{"step": 479, "prediction_tokens": 1004535808, "loss": 2.5624709129333496, "lr": 4.5e-05, "grad_norm": 0.03996109589934349, "step_seconds": 12.82148108817637, "tokens_per_second": 163565.50273540066, "mfu": 0.7787855290206448, "elapsed_seconds": 6250.389395879582, "unix": 1789449565.9562032, "ddp_buckets_rebuilt": false}
{"step": 480, "prediction_tokens": 1006632960, "loss": 2.5628581047058105, "lr": 4.337215067329615e-05, "grad_norm": 0.039505984634160995, "step_seconds": 12.8231190033257, "tokens_per_second": 163544.6102821084, "mfu": 0.7786860536421717, "elapsed_seconds": 6263.229523602873, "unix": 1789449578.7963333, "ddp_buckets_rebuilt": false}
{"step": 481, "prediction_tokens": 1008730112, "loss": 2.563023328781128, "lr": 4.169357619878038e-05, "grad_norm": 0.0403580404818058, "step_seconds": 12.822413528338075, "tokens_per_second": 163553.608325391, "mfu": 0.7787288960862128, "elapsed_seconds": 6276.070856682956, "unix": 1789449591.637668, "ddp_buckets_rebuilt": false}
{"step": 482, "prediction_tokens": 1010827264, "loss": 2.52911639213562, "lr": 3.997064398438979e-05, "grad_norm": 0.04125905781984329, "step_seconds": 12.822444016113877, "tokens_per_second": 163553.21944588126, "mfu": 0.7787270445115858, "elapsed_seconds": 6288.910842979327, "unix": 1789449604.4776504, "ddp_buckets_rebuilt": false}
{"step": 483, "prediction_tokens": 1012924416, "loss": 2.552701234817505, "lr": 3.8209889702162495e-05, "grad_norm": 0.04026248678565025, "step_seconds": 12.823283016681671, "tokens_per_second": 163542.51850106072, "mfu": 0.778676094030991, "elapsed_seconds": 6301.751971628517, "unix": 1789449617.3187819, "ddp_buckets_rebuilt": false}
{"step": 484, "prediction_tokens": 1015021568, "loss": 2.6000776290893555, "lr": 3.6417992496194923e-05, "grad_norm": 0.03760107606649399, "step_seconds": 12.822830514982343, "tokens_per_second": 163548.2897126078, "mfu": 0.7787035725393722, "elapsed_seconds": 6314.594303807244, "unix": 1789449630.1611233, "ddp_buckets_rebuilt": false}
{"step": 485, "prediction_tokens": 1017118720, "loss": 2.5303611755371094, "lr": 3.460174964636057e-05, "grad_norm": 0.038624875247478485, "step_seconds": 12.824100464582443, "tokens_per_second": 163532.0937941735, "mfu": 0.7786264588039273, "elapsed_seconds": 6327.433986168355, "unix": 1789449643.0008051, "ddp_buckets_rebuilt": false}
{"step": 486, "prediction_tokens": 1019215872, "loss": 2.495755434036255, "lr": 3.276805078389906e-05, "grad_norm": 0.041557203978300095, "step_seconds": 12.82378163933754, "tokens_per_second": 163536.15953400906, "mfu": 0.7786458170383701, "elapsed_seconds": 6340.272601570934, "unix": 1789449655.8394089, "ddp_buckets_rebuilt": false}
{"step": 487, "prediction_tokens": 1021313024, "loss": 2.528574228286743, "lr": 3.0923851756685116e-05, "grad_norm": 0.04517761245369911, "step_seconds": 12.824396586045623, "tokens_per_second": 163528.31775975612, "mfu": 0.778608479945842, "elapsed_seconds": 6353.114720648155, "unix": 1789449668.6815343, "ddp_buckets_rebuilt": false}
{"step": 488, "prediction_tokens": 1023410176, "loss": 2.444108009338379, "lr": 2.9076148243314895e-05, "grad_norm": 0.059446822851896286, "step_seconds": 12.824369912967086, "tokens_per_second": 163528.6578781161, "mfu": 0.7786100993536785, "elapsed_seconds": 6365.958854343742, "unix": 1789449681.525661, "ddp_buckets_rebuilt": false}
{"step": 489, "prediction_tokens": 1025507328, "loss": 2.376128911972046, "lr": 2.7231949216100944e-05, "grad_norm": 0.07899563759565353, "step_seconds": 12.826147915795445, "tokens_per_second": 163505.9889974721, "mfu": 0.7785021658596996, "elapsed_seconds": 6378.8015916552395, "unix": 1789449694.3684099, "ddp_buckets_rebuilt": false}
{"step": 490, "prediction_tokens": 1027604480, "loss": 2.379068613052368, "lr": 2.5398250353639434e-05, "grad_norm": 0.08109741657972336, "step_seconds": 12.825402643531561, "tokens_per_second": 163515.49017899178, "mfu": 0.7785474038992153, "elapsed_seconds": 6391.645162882283, "unix": 1789449707.211978, "ddp_buckets_rebuilt": false}
{"step": 491, "prediction_tokens": 1029701632, "loss": 2.3945469856262207, "lr": 2.3582007503805085e-05, "grad_norm": 0.056856103241443634, "step_seconds": 12.825724923983216, "tokens_per_second": 163511.3814173943, "mfu": 0.7785278408249677, "elapsed_seconds": 6404.484810659662, "unix": 1789449720.05162, "ddp_buckets_rebuilt": false}
{"step": 492, "prediction_tokens": 1031798784, "loss": 2.57768177986145, "lr": 2.1790110297837517e-05, "grad_norm": 0.03938767686486244, "step_seconds": 12.836332384496927, "tokens_per_second": 163376.26178431106, "mfu": 0.7778844948065716, "elapsed_seconds": 6417.338994372636, "unix": 1789449732.9057999, "ddp_buckets_rebuilt": false}
{"step": 493, "prediction_tokens": 1033895936, "loss": 2.489649772644043, "lr": 2.0029356015610215e-05, "grad_norm": 0.04223350062966347, "step_seconds": 12.824198564514518, "tokens_per_second": 163530.84283979904, "mfu": 0.778620502626445, "elapsed_seconds": 6430.184132324532, "unix": 1789449745.7509406, "ddp_buckets_rebuilt": false}
{"step": 494, "prediction_tokens": 1035993088, "loss": 2.509521007537842, "lr": 1.830642380121962e-05, "grad_norm": 0.038568105548620224, "step_seconds": 12.982313541695476, "tokens_per_second": 161539.15812189775, "mfu": 0.7691374807744454, "elapsed_seconds": 6443.186717189848, "unix": 1789449758.7535253, "ddp_buckets_rebuilt": false}
{"step": 495, "prediction_tokens": 1038090240, "loss": 2.5547866821289062, "lr": 1.6627849326703855e-05, "grad_norm": 0.04462787136435509, "step_seconds": 12.823318282142282, "tokens_per_second": 163542.06874210463, "mfu": 0.7786739525906463, "elapsed_seconds": 6456.0271954499185, "unix": 1789449771.5940027, "ddp_buckets_rebuilt": false}
{"step": 496, "prediction_tokens": 1040187392, "loss": 2.554539918899536, "lr": 1.5000000000000007e-05, "grad_norm": 0.0447857603430748, "step_seconds": 12.823530139401555, "tokens_per_second": 163539.3668671854, "mfu": 0.778661088135409, "elapsed_seconds": 6468.875852685422, "unix": 1789449784.4426684, "ddp_buckets_rebuilt": false}
{"step": 497, "prediction_tokens": 1042284544, "loss": 2.5430591106414795, "lr": 1.3429050811184827e-05, "grad_norm": 0.04851960390806198, "step_seconds": 12.824559880420566, "tokens_per_second": 163526.23556319863, "mfu": 0.7785985659693591, "elapsed_seconds": 6481.717801988125, "unix": 1789449797.2846217, "ddp_buckets_rebuilt": false}
{"step": 498, "prediction_tokens": 1044381696, "loss": 2.5590009689331055, "lr": 1.192096090862231e-05, "grad_norm": 0.04332166165113449, "step_seconds": 12.82388649135828, "tokens_per_second": 163534.822412318, "mfu": 0.7786394505918632, "elapsed_seconds": 6494.559411639348, "unix": 1789449810.1262188, "ddp_buckets_rebuilt": false}
{"step": 499, "prediction_tokens": 1046478848, "loss": 2.407144784927368, "lr": 1.0481450993872745e-05, "grad_norm": 0.051794130355119705, "step_seconds": 12.826985431835055, "tokens_per_second": 163495.31315402585, "mfu": 0.7784513348944472, "elapsed_seconds": 6507.403049888089, "unix": 1789449822.9698603, "ddp_buckets_rebuilt": false}
{"step": 500, "prediction_tokens": 1048576000, "loss": 2.5417850017547607, "lr": 9.115981621112205e-06, "grad_norm": 0.04129287227988243, "step_seconds": 12.82791174761951, "tokens_per_second": 163483.50700098719, "mfu": 0.7783951221785252, "elapsed_seconds": 6520.249512787908, "unix": 1789449835.8163233, "ddp_buckets_rebuilt": false}
{"step": 501, "prediction_tokens": 1050673152, "loss": 2.559830665588379, "lr": 7.82973248338023e-06, "grad_norm": 0.036073677241802216, "step_seconds": 12.823628248646855, "tokens_per_second": 163538.11568276637, "mfu": 0.7786551308626138, "elapsed_seconds": 6533.091679602861, "unix": 1789449848.6584945, "ddp_buckets_rebuilt": false}
{"step": 502, "prediction_tokens": 1052770304, "loss": 2.483981132507324, "lr": 6.627582764229886e-06, "grad_norm": 0.040392301976680756, "step_seconds": 12.825461918488145, "tokens_per_second": 163514.7344655802, "mfu": 0.7785438057158625, "elapsed_seconds": 6545.934697505087, "unix": 1789449861.5015101, "ddp_buckets_rebuilt": false}
{"step": 503, "prediction_tokens": 1054867456, "loss": 2.4883170127868652, "lr": 5.514092629313352e-06, "grad_norm": 0.03989340737462044, "step_seconds": 12.823220329359174, "tokens_per_second": 163543.3179915425, "mfu": 0.7786799006504027, "elapsed_seconds": 6558.774226039648, "unix": 1789449874.3410494, "ddp_buckets_rebuilt": false}
{"step": 504, "prediction_tokens": 1056964608, "loss": 2.5616817474365234, "lr": 4.4934859281115805e-06, "grad_norm": 0.038268156349658966, "step_seconds": 12.823911398649216, "tokens_per_second": 163534.50478618403, "mfu": 0.7786379382764138, "elapsed_seconds": 6571.613767514005, "unix": 1789449887.1805851, "ddp_buckets_rebuilt": false}
{"step": 505, "prediction_tokens": 1059061760, "loss": 2.5574426651000977, "lr": 3.569634171426466e-06, "grad_norm": 0.03597282990813255, "step_seconds": 12.825518369674683, "tokens_per_second": 163514.0147597164, "mfu": 0.7785403789754892, "elapsed_seconds": 6584.455689409748, "unix": 1789449900.0225015, "ddp_buckets_rebuilt": false}
{"step": 506, "prediction_tokens": 1061158912, "loss": 2.579336166381836, "lr": 2.7460418454142877e-06, "grad_norm": 0.03887133300304413, "step_seconds": 12.823765713721514, "tokens_per_second": 163536.36262677767, "mfu": 0.7786467840253363, "elapsed_seconds": 6597.301200876012, "unix": 1789449912.8680136, "ddp_buckets_rebuilt": false}
{"step": 507, "prediction_tokens": 1063256064, "loss": 2.560779333114624, "lr": 2.025833117869329e-06, "grad_norm": 0.0360034704208374, "step_seconds": 12.823670886456966, "tokens_per_second": 163537.57192995297, "mfu": 0.7786525418886838, "elapsed_seconds": 6610.141473898664, "unix": 1789449925.708279, "ddp_buckets_rebuilt": false}
{"step": 508, "prediction_tokens": 1065353216, "loss": 2.549355983734131, "lr": 1.4117399871853055e-06, "grad_norm": 0.04211629927158356, "step_seconds": 12.823973625898361, "tokens_per_second": 163533.71124880863, "mfu": 0.7786341600015676, "elapsed_seconds": 6622.980856295675, "unix": 1789449938.5476623, "ddp_buckets_rebuilt": false}
{"step": 509, "prediction_tokens": 1067450368, "loss": 2.5556249618530273, "lr": 9.060919189497185e-07, "grad_norm": 0.03447560593485832, "step_seconds": 12.823674373328686, "tokens_per_second": 163537.52746262497, "mfu": 0.7786523301660956, "elapsed_seconds": 6635.822375498712, "unix": 1789449951.3892052, "ddp_buckets_rebuilt": false}
{"step": 510, "prediction_tokens": 1069547520, "loss": 2.531515121459961, "lr": 5.108070094829465e-07, "grad_norm": 0.03620804846286774, "step_seconds": 12.823407299816608, "tokens_per_second": 163540.9334639158, "mfu": 0.7786685471829651, "elapsed_seconds": 6648.660786766559, "unix": 1789449964.2275932, "ddp_buckets_rebuilt": false}
{"step": 511, "prediction_tokens": 1071644672, "loss": 2.5711774826049805, "lr": 2.2738470984192793e-07, "grad_norm": 0.0352938249707222, "step_seconds": 12.824527002871037, "tokens_per_second": 163526.6547866061, "mfu": 0.7786005620205904, "elapsed_seconds": 6661.502741817385, "unix": 1789449977.0695493, "ddp_buckets_rebuilt": false}
{"step": 512, "prediction_tokens": 1073741824, "loss": 2.5817148685455322, "lr": 5.690013788867687e-08, "grad_norm": 0.03859215974807739, "step_seconds": 12.823317840695381, "tokens_per_second": 163542.0743720937, "mfu": 0.7786739793967512, "elapsed_seconds": 6674.347486656159, "unix": 1789449989.9142976, "ddp_buckets_rebuilt": false}
{"status": "QUALIFICATION_COMPLETED", "formal_promotion": false, "mfu_window_passed": true, "step": 512, "tokens": 1073741824, "unix": 1789450037.5296273, "model_checkpoint_sha256": "455d89cbb6d723334587546a0824605c6f57704264d4a1db0239f445d57a98aa", "model_checkpoint_resumable": false}
