README.md: OK
build_inputs.py: OK
run.sbatch: OK
submit.py: OK
test_build_inputs.py: OK
test_submit.py: OK
README.md: OK
mixture.py: OK
resume.py: OK
test_v2.py: OK
train_cpt.py: OK
{"step": 1, "prediction_tokens": 2097152, "loss": 3.0606532096862793, "lr": 1.875e-06, "grad_norm": 0.5537424683570862, "step_seconds": 50.743501326069236, "tokens_per_second": 41328.48434174955, "mfu": 0.19677759064989442, "elapsed_seconds": 90.12863451149315, "unix": 1789443371.9215724, "ddp_buckets_rebuilt": false}
{"step": 2, "prediction_tokens": 4194304, "loss": 3.023496150970459, "lr": 3.75e-06, "grad_norm": 0.5314594507217407, "step_seconds": 12.8756537521258, "tokens_per_second": 162877.32183336752, "mfu": 0.7755088886601234, "elapsed_seconds": 103.02566744666547, "unix": 1789443384.818598, "ddp_buckets_rebuilt": false}
{"step": 3, "prediction_tokens": 6291456, "loss": 3.0903072357177734, "lr": 5.625e-06, "grad_norm": 0.522820770740509, "step_seconds": 12.943763099610806, "tokens_per_second": 162020.27060144953, "mfu": 0.7714282048613715, "elapsed_seconds": 115.99071931000799, "unix": 1789443397.7836454, "ddp_buckets_rebuilt": false}
{"step": 4, "prediction_tokens": 8388608, "loss": 3.0085885524749756, "lr": 7.5e-06, "grad_norm": 0.43315762281417847, "step_seconds": 12.983505313284695, "tokens_per_second": 161524.3302480262, "mfu": 0.7690668807187847, "elapsed_seconds": 128.99241251684725, "unix": 1789443410.7853394, "ddp_buckets_rebuilt": false}
{"step": 5, "prediction_tokens": 10485760, "loss": 3.016584634780884, "lr": 9.375000000000001e-06, "grad_norm": 0.4022880494594574, "step_seconds": 13.09169989824295, "tokens_per_second": 160189.4342446286, "mfu": 0.7627110313935435, "elapsed_seconds": 142.10733493510634, "unix": 1789443423.9002655, "ddp_buckets_rebuilt": false}
{"step": 6, "prediction_tokens": 12582912, "loss": 3.0506298542022705, "lr": 1.125e-05, "grad_norm": 0.379569947719574, "step_seconds": 12.892006356269121, "tokens_per_second": 162670.72339599006, "mfu": 0.7745252101297666, "elapsed_seconds": 155.02266393229365, "unix": 1789443436.8155897, "ddp_buckets_rebuilt": false}
{"step": 7, "prediction_tokens": 14680064, "loss": 2.9974112510681152, "lr": 1.3125e-05, "grad_norm": 0.34134337306022644, "step_seconds": 12.912514189258218, "tokens_per_second": 162412.3675112472, "mfu": 0.7732950985169251, "elapsed_seconds": 167.95195117406547, "unix": 1789443449.7448778, "ddp_buckets_rebuilt": false}
{"step": 8, "prediction_tokens": 16777216, "loss": 3.05413818359375, "lr": 1.5e-05, "grad_norm": 0.3534700274467468, "step_seconds": 12.93211044371128, "tokens_per_second": 162166.26119364903, "mfu": 0.7721233108505731, "elapsed_seconds": 180.90130207501352, "unix": 1789443462.6942315, "ddp_buckets_rebuilt": false}
{"step": 9, "prediction_tokens": 18874368, "loss": 2.9366559982299805, "lr": 1.6875e-05, "grad_norm": 0.3660033047199249, "step_seconds": 12.936071414500475, "tokens_per_second": 162116.60656489822, "mfu": 0.7718868899325108, "elapsed_seconds": 193.87124382238835, "unix": 1789443475.6641695, "ddp_buckets_rebuilt": false}
{"step": 10, "prediction_tokens": 20971520, "loss": 2.9753990173339844, "lr": 1.8750000000000002e-05, "grad_norm": 0.3333410620689392, "step_seconds": 12.931636368855834, "tokens_per_second": 162172.20622215437, "mfu": 0.7721516169548074, "elapsed_seconds": 206.82100714929402, "unix": 1789443488.613935, "ddp_buckets_rebuilt": false}
{"step": 11, "prediction_tokens": 23068672, "loss": 2.9327640533447266, "lr": 2.0625e-05, "grad_norm": 0.3272136449813843, "step_seconds": 12.929320777766407, "tokens_per_second": 162201.25063385515, "mfu": 0.7722899063077163, "elapsed_seconds": 219.76840343605727, "unix": 1789443501.561333, "ddp_buckets_rebuilt": false}
{"step": 12, "prediction_tokens": 25165824, "loss": 2.911937713623047, "lr": 2.25e-05, "grad_norm": 0.33565500378608704, "step_seconds": 12.940693521872163, "tokens_per_second": 162058.70237599133, "mfu": 0.7716111903281553, "elapsed_seconds": 232.7258205646649, "unix": 1789443514.5187452, "ddp_buckets_rebuilt": false}
{"step": 13, "prediction_tokens": 27262976, "loss": 2.858839273452759, "lr": 2.4375e-05, "grad_norm": 0.2615729570388794, "step_seconds": 12.955456003546715, "tokens_per_second": 161874.03974247444, "mfu": 0.7707319548883544, "elapsed_seconds": 245.7020293669775, "unix": 1789443527.4949567, "ddp_buckets_rebuilt": false}
{"step": 14, "prediction_tokens": 29360128, "loss": 2.9459228515625, "lr": 2.625e-05, "grad_norm": 0.18744835257530212, "step_seconds": 12.96481837052852, "tokens_per_second": 161757.14460969408, "mfu": 0.7701753813059068, "elapsed_seconds": 258.6841420829296, "unix": 1789443540.4770706, "ddp_buckets_rebuilt": false}
{"step": 15, "prediction_tokens": 31457280, "loss": 2.844156503677368, "lr": 2.8125e-05, "grad_norm": 0.2585142254829407, "step_seconds": 12.96016953419894, "tokens_per_second": 161815.1671909918, "mfu": 0.7704516446127497, "elapsed_seconds": 271.6655019586906, "unix": 1789443553.4584458, "ddp_buckets_rebuilt": false}
{"step": 16, "prediction_tokens": 33554432, "loss": 2.925118923187256, "lr": 3e-05, "grad_norm": 0.24415631592273712, "step_seconds": 12.96852284297347, "tokens_per_second": 161710.93850802496, "mfu": 0.7699553798830483, "elapsed_seconds": 284.6533707138151, "unix": 1789443566.4462962, "ddp_buckets_rebuilt": false}
{"step": 17, "prediction_tokens": 35651584, "loss": 2.894962787628174, "lr": 3.1875e-05, "grad_norm": 0.20949111878871918, "step_seconds": 12.968477920629084, "tokens_per_second": 161711.49866894094, "mfu": 0.7699580469809876, "elapsed_seconds": 297.6430661100894, "unix": 1789443579.4359925, "ddp_buckets_rebuilt": false}
{"step": 18, "prediction_tokens": 37748736, "loss": 2.8974177837371826, "lr": 3.375e-05, "grad_norm": 0.177376389503479, "step_seconds": 12.97270598448813, "tokens_per_second": 161658.7936632211, "mfu": 0.7697071022825327, "elapsed_seconds": 310.6332395253703, "unix": 1789443592.4261665, "ddp_buckets_rebuilt": false}
{"step": 19, "prediction_tokens": 39845888, "loss": 2.8721344470977783, "lr": 3.5625e-05, "grad_norm": 0.15187156200408936, "step_seconds": 12.97831682022661, "tokens_per_second": 161588.90471309843, "mfu": 0.7693743395539393, "elapsed_seconds": 323.6332271043211, "unix": 1789443605.4261556, "ddp_buckets_rebuilt": false}
{"step": 20, "prediction_tokens": 41943040, "loss": 2.863704204559326, "lr": 3.7500000000000003e-05, "grad_norm": 0.1478508561849594, "step_seconds": 12.959965638816357, "tokens_per_second": 161817.71298211053, "mfu": 0.7704637659051372, "elapsed_seconds": 336.61194653622806, "unix": 1789443618.4048724, "ddp_buckets_rebuilt": false}
{"step": 21, "prediction_tokens": 44040192, "loss": 2.865165948867798, "lr": 3.9375e-05, "grad_norm": 0.13224738836288452, "step_seconds": 12.970879768952727, "tokens_per_second": 161681.5541702708, "mfu": 0.7698154720379337, "elapsed_seconds": 349.61129706632346, "unix": 1789443631.4042218, "ddp_buckets_rebuilt": false}
{"step": 22, "prediction_tokens": 46137344, "loss": 2.8282113075256348, "lr": 4.125e-05, "grad_norm": 0.1264093816280365, "step_seconds": 12.97960976138711, "tokens_per_second": 161572.808316533, "mfu": 0.7692976996726384, "elapsed_seconds": 362.61046935338527, "unix": 1789443644.4033964, "ddp_buckets_rebuilt": false}
{"step": 23, "prediction_tokens": 48234496, "loss": 2.8822875022888184, "lr": 4.3125e-05, "grad_norm": 0.11601246893405914, "step_seconds": 12.975487995892763, "tokens_per_second": 161624.13318588314, "mfu": 0.7695420731185076, "elapsed_seconds": 375.60387912392616, "unix": 1789443657.3968089, "ddp_buckets_rebuilt": false}
{"step": 24, "prediction_tokens": 50331648, "loss": 2.814049243927002, "lr": 4.5e-05, "grad_norm": 0.10740973800420761, "step_seconds": 12.9599394723773, "tokens_per_second": 161818.0396960843, "mfu": 0.7704653214905796, "elapsed_seconds": 388.5845919912681, "unix": 1789443670.377525, "ddp_buckets_rebuilt": false}
{"step": 25, "prediction_tokens": 52428800, "loss": 2.844649314880371, "lr": 4.6875e-05, "grad_norm": 0.11609090864658356, "step_seconds": 12.935594986192882, "tokens_per_second": 162122.57744915836, "mfu": 0.7719153191439245, "elapsed_seconds": 401.53643648698926, "unix": 1789443683.3293624, "ddp_buckets_rebuilt": false}
{"step": 26, "prediction_tokens": 54525952, "loss": 2.807382822036743, "lr": 4.875e-05, "grad_norm": 0.11115245521068573, "step_seconds": 12.98261409625411, "tokens_per_second": 161535.41840276172, "mfu": 0.7691196748245536, "elapsed_seconds": 414.5372718991712, "unix": 1789443696.330199, "ddp_buckets_rebuilt": false}
{"step": 27, "prediction_tokens": 56623104, "loss": 2.821159839630127, "lr": 5.0625000000000004e-05, "grad_norm": 0.10404625535011292, "step_seconds": 12.984793366864324, "tokens_per_second": 161508.30750620083, "mfu": 0.7689905915302936, "elapsed_seconds": 427.54266522824764, "unix": 1789443709.3355908, "ddp_buckets_rebuilt": false}
{"step": 28, "prediction_tokens": 58720256, "loss": 2.804685592651367, "lr": 5.25e-05, "grad_norm": 0.10282061994075775, "step_seconds": 12.96120263915509, "tokens_per_second": 161802.26930984147, "mfu": 0.7703902338444218, "elapsed_seconds": 440.5223854491487, "unix": 1789443722.3153143, "ddp_buckets_rebuilt": false}
{"step": 29, "prediction_tokens": 60817408, "loss": 2.7891180515289307, "lr": 5.4375e-05, "grad_norm": 0.1219388023018837, "step_seconds": 12.945406516082585, "tokens_per_second": 161999.70216420983, "mfu": 0.7713302722227103, "elapsed_seconds": 453.4859577436, "unix": 1789443735.2788863, "ddp_buckets_rebuilt": false}
{"step": 30, "prediction_tokens": 62914560, "loss": 2.7884674072265625, "lr": 5.625e-05, "grad_norm": 0.1217900887131691, "step_seconds": 12.963551983237267, "tokens_per_second": 161772.94638936588, "mfu": 0.7702506184258091, "elapsed_seconds": 466.4679673584178, "unix": 1789443748.2608924, "ddp_buckets_rebuilt": false}
{"step": 31, "prediction_tokens": 65011712, "loss": 2.8347203731536865, "lr": 5.8125e-05, "grad_norm": 0.0939299687743187, "step_seconds": 12.981295084580779, "tokens_per_second": 161551.8317961205, "mfu": 0.76919782402482, "elapsed_seconds": 479.47098143585026, "unix": 1789443761.2639055, "ddp_buckets_rebuilt": false}
{"step": 32, "prediction_tokens": 67108864, "loss": 2.8005290031433105, "lr": 6e-05, "grad_norm": 0.09864766895771027, "step_seconds": 12.940488621592522, "tokens_per_second": 162061.26842078348, "mfu": 0.7716234080544945, "elapsed_seconds": 492.42918342817575, "unix": 1789443774.2221081, "ddp_buckets_rebuilt": false}
{"step": 33, "prediction_tokens": 69206016, "loss": 2.8234703540802, "lr": 6e-05, "grad_norm": 0.09543080627918243, "step_seconds": 12.970256733708084, "tokens_per_second": 161689.32065544723, "mfu": 0.769852450656075, "elapsed_seconds": 505.4169526696205, "unix": 1789443787.2098808, "ddp_buckets_rebuilt": false}
{"step": 34, "prediction_tokens": 71303168, "loss": 2.8306636810302734, "lr": 6e-05, "grad_norm": 0.09362157434225082, "step_seconds": 12.979804433882236, "tokens_per_second": 161570.38503027317, "mfu": 0.7692861616634602, "elapsed_seconds": 518.4165305793285, "unix": 1789443800.2094598, "ddp_buckets_rebuilt": false}
{"step": 35, "prediction_tokens": 73400320, "loss": 2.8361940383911133, "lr": 6e-05, "grad_norm": 0.09333980083465576, "step_seconds": 12.950474238023162, "tokens_per_second": 161936.30916176565, "mfu": 0.7710284386935182, "elapsed_seconds": 531.3879384016618, "unix": 1789443813.180866, "ddp_buckets_rebuilt": false}
{"step": 36, "prediction_tokens": 75497472, "loss": 2.8307154178619385, "lr": 6e-05, "grad_norm": 0.08567515015602112, "step_seconds": 13.081103038042784, "tokens_per_second": 160319.20197410043, "mfu": 0.7633288953572548, "elapsed_seconds": 544.48747366108, "unix": 1789443826.2804008, "ddp_buckets_rebuilt": false}
{"step": 37, "prediction_tokens": 77594624, "loss": 2.799576997756958, "lr": 6e-05, "grad_norm": 0.08844318240880966, "step_seconds": 12.976811532862484, "tokens_per_second": 161607.64874246428, "mfu": 0.769463585627112, "elapsed_seconds": 557.4856592323631, "unix": 1789443839.2785842, "ddp_buckets_rebuilt": false}
{"step": 38, "prediction_tokens": 79691776, "loss": 2.765002489089966, "lr": 6e-05, "grad_norm": 0.09642430394887924, "step_seconds": 12.955173952504992, "tokens_per_second": 161877.5639515437, "mfu": 0.770748734728715, "elapsed_seconds": 570.4600242590532, "unix": 1789443852.252953, "ddp_buckets_rebuilt": false}
{"step": 39, "prediction_tokens": 81788928, "loss": 2.823094367980957, "lr": 6e-05, "grad_norm": 0.10417063534259796, "step_seconds": 12.958746947348118, "tokens_per_second": 161832.93095550122, "mfu": 0.770536223344264, "elapsed_seconds": 583.4377430584282, "unix": 1789443865.2306716, "ddp_buckets_rebuilt": false}
{"step": 40, "prediction_tokens": 83886080, "loss": 3.113471269607544, "lr": 6e-05, "grad_norm": 0.13124264776706696, "step_seconds": 12.977588661946356, "tokens_per_second": 161597.9712894886, "mfu": 0.7694175083051267, "elapsed_seconds": 596.4318170612678, "unix": 1789443878.2247436, "ddp_buckets_rebuilt": false}
{"step": 41, "prediction_tokens": 85983232, "loss": 3.0340099334716797, "lr": 6e-05, "grad_norm": 0.09771759808063507, "step_seconds": 12.957530662417412, "tokens_per_second": 161848.1217322272, "mfu": 0.7706085512917281, "elapsed_seconds": 609.408932426013, "unix": 1789443891.2018619, "ddp_buckets_rebuilt": false}
{"step": 42, "prediction_tokens": 88080384, "loss": 2.8409276008605957, "lr": 6e-05, "grad_norm": 0.10372786968946457, "step_seconds": 12.969074808061123, "tokens_per_second": 161704.0560747235, "mfu": 0.7699226105070492, "elapsed_seconds": 622.3963393066078, "unix": 1789443904.189265, "ddp_buckets_rebuilt": false}
{"step": 43, "prediction_tokens": 90177536, "loss": 2.855353355407715, "lr": 6e-05, "grad_norm": 0.08749878406524658, "step_seconds": 12.9887860333547, "tokens_per_second": 161458.66092601686, "mfu": 0.7687542089339268, "elapsed_seconds": 635.4043222423643, "unix": 1789443917.1972506, "ddp_buckets_rebuilt": false}
{"step": 44, "prediction_tokens": 92274688, "loss": 2.848686695098877, "lr": 6e-05, "grad_norm": 0.09885136038064957, "step_seconds": 12.990916492417455, "tokens_per_second": 161432.18234249039, "mfu": 0.768628136275973, "elapsed_seconds": 648.4127291496843, "unix": 1789443930.205658, "ddp_buckets_rebuilt": false}
{"step": 45, "prediction_tokens": 94371840, "loss": 2.8508055210113525, "lr": 6e-05, "grad_norm": 0.0945589542388916, "step_seconds": 12.956439442932606, "tokens_per_second": 161861.7529327427, "mfu": 0.7706734536184846, "elapsed_seconds": 661.3901817463338, "unix": 1789443943.18311, "ddp_buckets_rebuilt": false}
{"step": 46, "prediction_tokens": 96468992, "loss": 2.8730125427246094, "lr": 6e-05, "grad_norm": 0.11297480762004852, "step_seconds": 12.979058124125004, "tokens_per_second": 161579.67550063512, "mfu": 0.7693303964425222, "elapsed_seconds": 674.3892082693055, "unix": 1789443956.182134, "ddp_buckets_rebuilt": false}
{"step": 47, "prediction_tokens": 98566144, "loss": 2.7278077602386475, "lr": 6e-05, "grad_norm": 0.10039286315441132, "step_seconds": 12.951688072644174, "tokens_per_second": 161921.13246067794, "mfu": 0.7709561777644853, "elapsed_seconds": 687.358728592284, "unix": 1789443969.1516547, "ddp_buckets_rebuilt": false}
{"step": 48, "prediction_tokens": 100663296, "loss": 3.0675296783447266, "lr": 6e-05, "grad_norm": 0.10066620260477066, "step_seconds": 12.994207292795181, "tokens_per_second": 161391.29942638325, "mfu": 0.7684334801723574, "elapsed_seconds": 700.372090251185, "unix": 1789443982.1650147, "ddp_buckets_rebuilt": false}
{"step": 49, "prediction_tokens": 102760448, "loss": 2.966078996658325, "lr": 6e-05, "grad_norm": 0.10101482272148132, "step_seconds": 12.978282942436635, "tokens_per_second": 161589.326515813, "mfu": 0.7693763478860431, "elapsed_seconds": 713.3715445306152, "unix": 1789443995.164472, "ddp_buckets_rebuilt": false}
{"step": 50, "prediction_tokens": 104857600, "loss": 3.01522159576416, "lr": 6e-05, "grad_norm": 0.08823299407958984, "step_seconds": 12.972826020792127, "tokens_per_second": 161657.29785004447, "mfu": 0.7696999802571876, "elapsed_seconds": 726.363666465506, "unix": 1789444008.1565967, "ddp_buckets_rebuilt": false}
{"step": 51, "prediction_tokens": 106954752, "loss": 2.816049337387085, "lr": 6e-05, "grad_norm": 0.09569549560546875, "step_seconds": 12.986843227408826, "tokens_per_second": 161482.81482092166, "mfu": 0.7688692130363001, "elapsed_seconds": 739.3710325863212, "unix": 1789444021.163958, "ddp_buckets_rebuilt": false}
{"step": 52, "prediction_tokens": 109051904, "loss": 2.7670388221740723, "lr": 6e-05, "grad_norm": 0.10963807255029678, "step_seconds": 12.974062682129443, "tokens_per_second": 161641.88900433097, "mfu": 0.7696266140163854, "elapsed_seconds": 752.3705210145563, "unix": 1789444034.1634476, "ddp_buckets_rebuilt": false}
{"step": 53, "prediction_tokens": 111149056, "loss": 2.676701784133911, "lr": 6e-05, "grad_norm": 0.10246320813894272, "step_seconds": 12.97815489768982, "tokens_per_second": 161590.92078437933, "mfu": 0.7693839386876978, "elapsed_seconds": 765.3674542261288, "unix": 1789444047.1603801, "ddp_buckets_rebuilt": false}
{"step": 54, "prediction_tokens": 113246208, "loss": 2.707972526550293, "lr": 6e-05, "grad_norm": 0.08578126132488251, "step_seconds": 12.977339277975261, "tokens_per_second": 161601.07669830453, "mfu": 0.7694322941090224, "elapsed_seconds": 778.3659198582172, "unix": 1789444060.1588473, "ddp_buckets_rebuilt": false}
{"step": 55, "prediction_tokens": 115343360, "loss": 2.700608253479004, "lr": 6e-05, "grad_norm": 0.08750654011964798, "step_seconds": 12.983765713870525, "tokens_per_second": 161521.09073869206, "mfu": 0.7690514564211891, "elapsed_seconds": 791.3702089358121, "unix": 1789444073.1631408, "ddp_buckets_rebuilt": false}
{"step": 56, "prediction_tokens": 117440512, "loss": 2.7980117797851562, "lr": 6e-05, "grad_norm": 0.08488421142101288, "step_seconds": 12.984045466408134, "tokens_per_second": 161517.61062649373, "mfu": 0.769034886539557, "elapsed_seconds": 804.3757798252627, "unix": 1789444086.1687045, "ddp_buckets_rebuilt": false}
{"step": 57, "prediction_tokens": 119537664, "loss": 2.8391804695129395, "lr": 6e-05, "grad_norm": 0.08019399642944336, "step_seconds": 12.986258461140096, "tokens_per_second": 161490.08633052307, "mfu": 0.7689038349239048, "elapsed_seconds": 817.3823383990675, "unix": 1789444099.1752636, "ddp_buckets_rebuilt": false}
{"step": 58, "prediction_tokens": 121634816, "loss": 2.7281556129455566, "lr": 6e-05, "grad_norm": 0.08813676238059998, "step_seconds": 12.96261009387672, "tokens_per_second": 161784.70113751653, "mfu": 0.7703065863872919, "elapsed_seconds": 830.3609996214509, "unix": 1789444112.153935, "ddp_buckets_rebuilt": false}
{"step": 59, "prediction_tokens": 123731968, "loss": 2.7228243350982666, "lr": 6e-05, "grad_norm": 0.07097291946411133, "step_seconds": 12.993404256179929, "tokens_per_second": 161401.27395809698, "mfu": 0.7684809719773377, "elapsed_seconds": 843.3773906724527, "unix": 1789444125.1703186, "ddp_buckets_rebuilt": false}
{"step": 60, "prediction_tokens": 125829120, "loss": 2.73476505279541, "lr": 6e-05, "grad_norm": 0.07444915175437927, "step_seconds": 12.979912311770022, "tokens_per_second": 161569.04219594217, "mfu": 0.7692797680173222, "elapsed_seconds": 856.3761509694159, "unix": 1789444138.1690824, "ddp_buckets_rebuilt": false}
{"step": 61, "prediction_tokens": 127926272, "loss": 2.729494094848633, "lr": 6e-05, "grad_norm": 0.08718007057905197, "step_seconds": 12.989461860619485, "tokens_per_second": 161450.26041132575, "mfu": 0.7687142115067899, "elapsed_seconds": 869.3843105034903, "unix": 1789444151.1772366, "ddp_buckets_rebuilt": false}
{"step": 62, "prediction_tokens": 130023424, "loss": 2.7294394969940186, "lr": 6e-05, "grad_norm": 0.06969369947910309, "step_seconds": 12.973169606178999, "tokens_per_second": 161653.0164687854, "mfu": 0.7696795952877837, "elapsed_seconds": 882.3758517988026, "unix": 1789444164.1687763, "ddp_buckets_rebuilt": false}
{"step": 63, "prediction_tokens": 132120576, "loss": 2.704115867614746, "lr": 6e-05, "grad_norm": 0.0712222084403038, "step_seconds": 12.986512239091098, "tokens_per_second": 161486.93054685602, "mfu": 0.7688888092698916, "elapsed_seconds": 895.3798731984571, "unix": 1789444177.1727974, "ddp_buckets_rebuilt": false}
{"step": 64, "prediction_tokens": 134217728, "loss": 2.706238031387329, "lr": 6e-05, "grad_norm": 0.08236344158649445, "step_seconds": 12.994813905097544, "tokens_per_second": 161383.765501816, "mfu": 0.7683976088466097, "elapsed_seconds": 908.3953368943185, "unix": 1789444190.1882625, "ddp_buckets_rebuilt": false}
{"step": 65, "prediction_tokens": 136314880, "loss": 2.752467632293701, "lr": 6e-05, "grad_norm": 0.08746025711297989, "step_seconds": 12.977213238365948, "tokens_per_second": 161602.64622915813, "mfu": 0.7694397671268389, "elapsed_seconds": 921.3927056808025, "unix": 1789444203.1856327, "ddp_buckets_rebuilt": false}
{"step": 66, "prediction_tokens": 138412032, "loss": 2.7367496490478516, "lr": 6e-05, "grad_norm": 0.07782919704914093, "step_seconds": 13.112944071181118, "tokens_per_second": 159929.91265851588, "mfu": 0.761475369518924, "elapsed_seconds": 934.5377835938707, "unix": 1789444216.3307102, "ddp_buckets_rebuilt": false}
{"step": 67, "prediction_tokens": 140509184, "loss": 2.745635509490967, "lr": 6e-05, "grad_norm": 0.07643753290176392, "step_seconds": 12.968432649970055, "tokens_per_second": 161712.06317710588, "mfu": 0.7699607347775127, "elapsed_seconds": 947.5243613859639, "unix": 1789444229.3172865, "ddp_buckets_rebuilt": false}
{"step": 68, "prediction_tokens": 142606336, "loss": 2.727996349334717, "lr": 6e-05, "grad_norm": 0.08145380765199661, "step_seconds": 12.977895700372756, "tokens_per_second": 161594.14811291517, "mfu": 0.7693993049887764, "elapsed_seconds": 960.5185471726581, "unix": 1789444242.3114755, "ddp_buckets_rebuilt": false}
{"step": 69, "prediction_tokens": 144703488, "loss": 2.721513271331787, "lr": 6e-05, "grad_norm": 0.07504715770483017, "step_seconds": 12.990976102650166, "tokens_per_second": 161431.4415967696, "mfu": 0.7686246093583873, "elapsed_seconds": 973.5258657075465, "unix": 1789444255.318792, "ddp_buckets_rebuilt": false}
{"step": 70, "prediction_tokens": 146800640, "loss": 2.7078194618225098, "lr": 6e-05, "grad_norm": 0.07167166471481323, "step_seconds": 12.994158589281142, "tokens_per_second": 161391.9043384569, "mfu": 0.7684363603442849, "elapsed_seconds": 986.5390005586669, "unix": 1789444268.3319297, "ddp_buckets_rebuilt": false}
{"step": 71, "prediction_tokens": 148897792, "loss": 2.7169694900512695, "lr": 6e-05, "grad_norm": 0.08229880779981613, "step_seconds": 12.988155173137784, "tokens_per_second": 161466.50329042482, "mfu": 0.7687915488363638, "elapsed_seconds": 999.5443886658177, "unix": 1789444281.3373125, "ddp_buckets_rebuilt": false}
{"step": 72, "prediction_tokens": 150994944, "loss": 2.6942391395568848, "lr": 6e-05, "grad_norm": 0.07363633811473846, "step_seconds": 12.983778453432024, "tokens_per_second": 161520.93225571455, "mfu": 0.7690507018351217, "elapsed_seconds": 1012.5563535001129, "unix": 1789444294.3492787, "ddp_buckets_rebuilt": false}
{"step": 73, "prediction_tokens": 153092096, "loss": 2.739328384399414, "lr": 6e-05, "grad_norm": 0.07840042561292648, "step_seconds": 12.97958932351321, "tokens_per_second": 161573.06273172286, "mfu": 0.7692989110213944, "elapsed_seconds": 1025.554033092223, "unix": 1789444307.3469586, "ddp_buckets_rebuilt": false}
{"step": 74, "prediction_tokens": 155189248, "loss": 2.711825370788574, "lr": 6e-05, "grad_norm": 0.07509473711252213, "step_seconds": 12.982331260107458, "tokens_per_second": 161538.9376516835, "mfu": 0.7691364310481306, "elapsed_seconds": 1038.5569381443784, "unix": 1789444320.349867, "ddp_buckets_rebuilt": false}
{"step": 75, "prediction_tokens": 157286400, "loss": 2.773686170578003, "lr": 6e-05, "grad_norm": 0.10631632059812546, "step_seconds": 12.978432153351605, "tokens_per_second": 161587.4687497151, "mfu": 0.7693675024918177, "elapsed_seconds": 1051.5566635588184, "unix": 1789444333.349593, "ddp_buckets_rebuilt": false}
{"step": 76, "prediction_tokens": 159383552, "loss": 2.7259671688079834, "lr": 6e-05, "grad_norm": 0.07542824745178223, "step_seconds": 12.980451680719852, "tokens_per_second": 161562.32861410713, "mfu": 0.7692478025949466, "elapsed_seconds": 1064.5591609124094, "unix": 1789444346.3520849, "ddp_buckets_rebuilt": false}
{"step": 77, "prediction_tokens": 161480704, "loss": 2.703850269317627, "lr": 6e-05, "grad_norm": 0.08740491420030594, "step_seconds": 12.980394599959254, "tokens_per_second": 161563.03907791703, "mfu": 0.7692511853310662, "elapsed_seconds": 1077.5567969996482, "unix": 1789444359.349723, "ddp_buckets_rebuilt": false}
{"step": 78, "prediction_tokens": 163577856, "loss": 2.693176746368408, "lr": 6e-05, "grad_norm": 0.09343212097883224, "step_seconds": 12.989801558665931, "tokens_per_second": 161446.03830386614, "mfu": 0.7686941087581264, "elapsed_seconds": 1090.5633533988148, "unix": 1789444372.356278, "ddp_buckets_rebuilt": false}
{"step": 79, "prediction_tokens": 165675008, "loss": 2.6941311359405518, "lr": 6e-05, "grad_norm": 0.09585282951593399, "step_seconds": 12.98967158049345, "tokens_per_second": 161447.65377665797, "mfu": 0.7687018005196026, "elapsed_seconds": 1103.5753348665312, "unix": 1789444385.3682616, "ddp_buckets_rebuilt": false}
{"step": 80, "prediction_tokens": 167772160, "loss": 2.7041778564453125, "lr": 6e-05, "grad_norm": 0.07731571048498154, "step_seconds": 12.97874348796904, "tokens_per_second": 161583.5925830575, "mfu": 0.769349046873423, "elapsed_seconds": 1116.572885448113, "unix": 1789444398.3658135, "ddp_buckets_rebuilt": false}
{"step": 81, "prediction_tokens": 169869312, "loss": 2.6588480472564697, "lr": 6e-05, "grad_norm": 0.07688375562429428, "step_seconds": 12.98675661161542, "tokens_per_second": 161483.89183826675, "mfu": 0.7688743410462339, "elapsed_seconds": 1129.5765815684572, "unix": 1789444411.369507, "ddp_buckets_rebuilt": false}
{"step": 82, "prediction_tokens": 171966464, "loss": 2.7082290649414062, "lr": 6e-05, "grad_norm": 0.08064252883195877, "step_seconds": 12.96988916117698, "tokens_per_second": 161693.90300400142, "mfu": 0.7698742686230866, "elapsed_seconds": 1142.5665080873296, "unix": 1789444424.3594337, "ddp_buckets_rebuilt": false}
{"step": 83, "prediction_tokens": 174063616, "loss": 2.6309468746185303, "lr": 6e-05, "grad_norm": 0.08417978882789612, "step_seconds": 12.981990686617792, "tokens_per_second": 161543.17551327505, "mfu": 0.7691566088070485, "elapsed_seconds": 1155.5643799351528, "unix": 1789444437.3573067, "ddp_buckets_rebuilt": false}
{"step": 84, "prediction_tokens": 176160768, "loss": 2.705573320388794, "lr": 6e-05, "grad_norm": 0.07894301414489746, "step_seconds": 12.979245649650693, "tokens_per_second": 161577.3409802472, "mfu": 0.7693192810748871, "elapsed_seconds": 1168.5630409009755, "unix": 1789444450.355968, "ddp_buckets_rebuilt": false}
{"step": 85, "prediction_tokens": 178257920, "loss": 2.6605472564697266, "lr": 6e-05, "grad_norm": 0.06726464629173279, "step_seconds": 12.99131000135094, "tokens_per_second": 161427.29253492694, "mfu": 0.7686048544023112, "elapsed_seconds": 1181.5753452405334, "unix": 1789444463.3682745, "ddp_buckets_rebuilt": false}
{"step": 86, "prediction_tokens": 180355072, "loss": 2.662388324737549, "lr": 6e-05, "grad_norm": 0.07524394989013672, "step_seconds": 12.979172099381685, "tokens_per_second": 161578.25660543528, "mfu": 0.7693236406472576, "elapsed_seconds": 1194.5723478551954, "unix": 1789444476.3652744, "ddp_buckets_rebuilt": false}
{"step": 87, "prediction_tokens": 182452224, "loss": 2.719679117202759, "lr": 6e-05, "grad_norm": 0.07294397801160812, "step_seconds": 12.991948436014354, "tokens_per_second": 161419.35986957783, "mfu": 0.7685670845493953, "elapsed_seconds": 1207.5833366923034, "unix": 1789444489.3762631, "ddp_buckets_rebuilt": false}
{"step": 88, "prediction_tokens": 184549376, "loss": 2.696881055831909, "lr": 6e-05, "grad_norm": 0.07381042093038559, "step_seconds": 12.993363250046968, "tokens_per_second": 161401.78332907142, "mfu": 0.7684833972487866, "elapsed_seconds": 1220.5941749559715, "unix": 1789444502.3870995, "ddp_buckets_rebuilt": false}
{"step": 89, "prediction_tokens": 186646528, "loss": 2.6868534088134766, "lr": 6e-05, "grad_norm": 0.07211550325155258, "step_seconds": 12.939885288476944, "tokens_per_second": 162068.82466473858, "mfu": 0.7716593856496936, "elapsed_seconds": 1233.5532721122727, "unix": 1789444515.346198, "ddp_buckets_rebuilt": false}
{"step": 90, "prediction_tokens": 188743680, "loss": 2.7195937633514404, "lr": 6e-05, "grad_norm": 0.06857379525899887, "step_seconds": 12.977209269069135, "tokens_per_second": 161602.6956580342, "mfu": 0.7694400024728794, "elapsed_seconds": 1246.5503622191027, "unix": 1789444528.3432908, "ddp_buckets_rebuilt": false}
{"step": 91, "prediction_tokens": 190840832, "loss": 2.6727278232574463, "lr": 6e-05, "grad_norm": 0.06574571877717972, "step_seconds": 12.979132710024714, "tokens_per_second": 161578.7469666767, "mfu": 0.7693259754075367, "elapsed_seconds": 1259.5470298333094, "unix": 1789444541.3399544, "ddp_buckets_rebuilt": false}
{"step": 92, "prediction_tokens": 192937984, "loss": 2.6675219535827637, "lr": 6e-05, "grad_norm": 0.06655289977788925, "step_seconds": 12.973906964994967, "tokens_per_second": 161643.8290838949, "mfu": 0.7696358513302706, "elapsed_seconds": 1272.53913216386, "unix": 1789444554.3320565, "ddp_buckets_rebuilt": false}
{"step": 93, "prediction_tokens": 195035136, "loss": 2.6615986824035645, "lr": 6e-05, "grad_norm": 0.06851723790168762, "step_seconds": 12.968255060724914, "tokens_per_second": 161714.27768654414, "mfu": 0.7699712787362054, "elapsed_seconds": 1285.526609128341, "unix": 1789444567.319533, "ddp_buckets_rebuilt": false}
{"step": 94, "prediction_tokens": 197132288, "loss": 2.6622300148010254, "lr": 6e-05, "grad_norm": 0.07366768270730972, "step_seconds": 12.97746435366571, "tokens_per_second": 161599.51920096186, "mfu": 0.7694248783864422, "elapsed_seconds": 1298.5215301383287, "unix": 1789444580.3144572, "ddp_buckets_rebuilt": false}
{"step": 95, "prediction_tokens": 199229440, "loss": 2.6420509815216064, "lr": 6e-05, "grad_norm": 0.06595555692911148, "step_seconds": 12.976207250729203, "tokens_per_second": 161615.17456359597, "mfu": 0.7694994183699173, "elapsed_seconds": 1311.5166636863723, "unix": 1789444593.3095906, "ddp_buckets_rebuilt": false}
{"step": 96, "prediction_tokens": 201326592, "loss": 2.6704795360565186, "lr": 6e-05, "grad_norm": 0.06714078783988953, "step_seconds": 12.965810747817159, "tokens_per_second": 161744.76404054125, "mfu": 0.7701164336186743, "elapsed_seconds": 1324.503195120953, "unix": 1789444606.2961228, "ddp_buckets_rebuilt": false}
{"step": 97, "prediction_tokens": 203423744, "loss": 2.6632885932922363, "lr": 6e-05, "grad_norm": 0.06736825406551361, "step_seconds": 13.115795832127333, "tokens_per_second": 159895.13917737236, "mfu": 0.7613098023091192, "elapsed_seconds": 1337.6360833952203, "unix": 1789444619.4290104, "ddp_buckets_rebuilt": false}
{"step": 98, "prediction_tokens": 205520896, "loss": 2.642033338546753, "lr": 6e-05, "grad_norm": 0.06994503736495972, "step_seconds": 12.970281994901597, "tokens_per_second": 161689.0057459318, "mfu": 0.7698509512752797, "elapsed_seconds": 1350.626663479954, "unix": 1789444632.41959, "ddp_buckets_rebuilt": false}
{"step": 99, "prediction_tokens": 207618048, "loss": 2.6755549907684326, "lr": 6e-05, "grad_norm": 0.0646049901843071, "step_seconds": 12.987847179174423, "tokens_per_second": 161470.3323090152, "mfu": 0.7688097799683488, "elapsed_seconds": 1363.6351891914383, "unix": 1789444645.4281178, "ddp_buckets_rebuilt": false}
{"step": 100, "prediction_tokens": 209715200, "loss": 2.71939754486084, "lr": 6e-05, "grad_norm": 0.06594643741846085, "step_seconds": 12.972999231889844, "tokens_per_second": 161655.13945648304, "mfu": 0.7696897034833968, "elapsed_seconds": 1376.6304773995653, "unix": 1789444658.4234028, "ddp_buckets_rebuilt": false}
{"step": 101, "prediction_tokens": 211812352, "loss": 2.6829423904418945, "lr": 6e-05, "grad_norm": 0.06742820143699646, "step_seconds": 12.989717358723283, "tokens_per_second": 161447.08480447816, "mfu": 0.7686990914685335, "elapsed_seconds": 1389.6400045780465, "unix": 1789444671.4329302, "ddp_buckets_rebuilt": false}
{"step": 102, "prediction_tokens": 213909504, "loss": 2.6139931678771973, "lr": 6e-05, "grad_norm": 0.06877002865076065, "step_seconds": 12.976829134859145, "tokens_per_second": 161607.42953503976, "mfu": 0.7694625419133264, "elapsed_seconds": 1402.6325942650437, "unix": 1789444684.4255185, "ddp_buckets_rebuilt": false}
{"step": 103, "prediction_tokens": 216006656, "loss": 2.6537485122680664, "lr": 6e-05, "grad_norm": 0.0725756511092186, "step_seconds": 12.945897501893342, "tokens_per_second": 161993.55816723336, "mfu": 0.7713010187685552, "elapsed_seconds": 1415.6090414542705, "unix": 1789444697.4019701, "ddp_buckets_rebuilt": false}
{"step": 104, "prediction_tokens": 218103808, "loss": 2.6472878456115723, "lr": 6e-05, "grad_norm": 0.06738735735416412, "step_seconds": 12.944263394922018, "tokens_per_second": 162014.00852386118, "mfu": 0.7713983891892046, "elapsed_seconds": 1428.5722326431423, "unix": 1789444710.3651612, "ddp_buckets_rebuilt": false}
{"step": 105, "prediction_tokens": 220200960, "loss": 2.686657428741455, "lr": 6e-05, "grad_norm": 0.0628063902258873, "step_seconds": 12.973575601354241, "tokens_per_second": 161647.95769803735, "mfu": 0.7696555089285738, "elapsed_seconds": 1441.5679411841556, "unix": 1789444723.360867, "ddp_buckets_rebuilt": false}
{"step": 106, "prediction_tokens": 222298112, "loss": 2.6888844966888428, "lr": 6e-05, "grad_norm": 0.06364862620830536, "step_seconds": 12.976238359697163, "tokens_per_second": 161614.787110688, "mfu": 0.7694975735877789, "elapsed_seconds": 1454.5619647009298, "unix": 1789444736.3548887, "ddp_buckets_rebuilt": false}
{"step": 107, "prediction_tokens": 224395264, "loss": 2.6477482318878174, "lr": 6e-05, "grad_norm": 0.07020340859889984, "step_seconds": 12.936870448291302, "tokens_per_second": 162106.59358322562, "mfu": 0.7718392150554826, "elapsed_seconds": 1467.5211217552423, "unix": 1789444749.3140492, "ddp_buckets_rebuilt": false}
{"step": 108, "prediction_tokens": 226492416, "loss": 2.7328836917877197, "lr": 6e-05, "grad_norm": 0.06661666929721832, "step_seconds": 12.968553990125656, "tokens_per_second": 161710.5501196807, "mfu": 0.7699535306470108, "elapsed_seconds": 1480.5085695385933, "unix": 1789444762.3014956, "ddp_buckets_rebuilt": false}
{"step": 109, "prediction_tokens": 228589568, "loss": 2.7191038131713867, "lr": 6e-05, "grad_norm": 0.05422580614686012, "step_seconds": 12.980407647788525, "tokens_per_second": 161562.87667570228, "mfu": 0.7692504120843082, "elapsed_seconds": 1493.506836748682, "unix": 1789444775.2997665, "ddp_buckets_rebuilt": false}
{"step": 110, "prediction_tokens": 230686720, "loss": 2.683964252471924, "lr": 6e-05, "grad_norm": 0.06670331954956055, "step_seconds": 12.981679112650454, "tokens_per_second": 161547.05271957896, "mfu": 0.769175069375518, "elapsed_seconds": 1506.5053077144548, "unix": 1789444788.2982323, "ddp_buckets_rebuilt": false}
{"step": 111, "prediction_tokens": 232783872, "loss": 2.6697402000427246, "lr": 6e-05, "grad_norm": 0.0546896755695343, "step_seconds": 12.939812545664608, "tokens_per_second": 162069.7357553789, "mfu": 0.7716637236316913, "elapsed_seconds": 1519.459979412146, "unix": 1789444801.2529037, "ddp_buckets_rebuilt": false}
{"step": 112, "prediction_tokens": 234881024, "loss": 2.7359118461608887, "lr": 6e-05, "grad_norm": 0.06139451637864113, "step_seconds": 12.9784718118608, "tokens_per_second": 161586.9749844854, "mfu": 0.7693651515241063, "elapsed_seconds": 1532.4566915435717, "unix": 1789444814.2496161, "ddp_buckets_rebuilt": false}
{"step": 113, "prediction_tokens": 236978176, "loss": 2.6885509490966797, "lr": 6e-05, "grad_norm": 0.056967925280332565, "step_seconds": 12.983936383388937, "tokens_per_second": 161518.96759776195, "mfu": 0.7690413474959891, "elapsed_seconds": 1545.4569896934554, "unix": 1789444827.2499163, "ddp_buckets_rebuilt": false}
{"step": 114, "prediction_tokens": 239075328, "loss": 2.692373275756836, "lr": 6e-05, "grad_norm": 0.0627264529466629, "step_seconds": 12.961907713674009, "tokens_per_second": 161793.46793123937, "mfu": 0.7703483277812476, "elapsed_seconds": 1558.4387403801084, "unix": 1789444840.2316709, "ddp_buckets_rebuilt": false}
{"step": 115, "prediction_tokens": 241172480, "loss": 2.682429313659668, "lr": 6e-05, "grad_norm": 0.05536642298102379, "step_seconds": 12.984084247611463, "tokens_per_second": 161517.1282014586, "mfu": 0.7690325895659903, "elapsed_seconds": 1571.4401447381824, "unix": 1789444853.2330685, "ddp_buckets_rebuilt": false}
{"step": 116, "prediction_tokens": 243269632, "loss": 2.646497964859009, "lr": 6e-05, "grad_norm": 0.05817064270377159, "step_seconds": 12.971364953555167, "tokens_per_second": 161675.50658770237, "mfu": 0.7697866776423484, "elapsed_seconds": 1584.4302285285667, "unix": 1789444866.2231553, "ddp_buckets_rebuilt": false}
{"step": 117, "prediction_tokens": 245366784, "loss": 2.675476312637329, "lr": 6e-05, "grad_norm": 0.061836812645196915, "step_seconds": 12.926205975934863, "tokens_per_second": 162240.33594268386, "mfu": 0.7724760034516986, "elapsed_seconds": 1597.3740908280015, "unix": 1789444879.167015, "ddp_buckets_rebuilt": false}
{"step": 118, "prediction_tokens": 247463936, "loss": 2.6686770915985107, "lr": 6e-05, "grad_norm": 0.062266647815704346, "step_seconds": 12.977294978685677, "tokens_per_second": 161601.62833968323, "mfu": 0.7694349206428315, "elapsed_seconds": 1610.368929868564, "unix": 1789444892.1618562, "ddp_buckets_rebuilt": false}
{"step": 119, "prediction_tokens": 249561088, "loss": 2.6378231048583984, "lr": 6e-05, "grad_norm": 0.051924705505371094, "step_seconds": 12.984158905223012, "tokens_per_second": 161516.1994941697, "mfu": 0.7690281677057252, "elapsed_seconds": 1623.3737331135198, "unix": 1789444905.1666665, "ddp_buckets_rebuilt": false}
{"step": 120, "prediction_tokens": 251658240, "loss": 2.601719856262207, "lr": 6e-05, "grad_norm": 0.05917684733867645, "step_seconds": 12.993847481906414, "tokens_per_second": 161395.7684912208, "mfu": 0.7684547587608467, "elapsed_seconds": 1636.3873143363744, "unix": 1789444918.180239, "ddp_buckets_rebuilt": false}
{"step": 121, "prediction_tokens": 253755392, "loss": 2.6342263221740723, "lr": 6e-05, "grad_norm": 0.05870860442519188, "step_seconds": 12.968023909255862, "tokens_per_second": 161717.16019918566, "mfu": 0.7699850032630456, "elapsed_seconds": 1649.3750712918118, "unix": 1789444931.1679957, "ddp_buckets_rebuilt": false}
{"step": 122, "prediction_tokens": 255852544, "loss": 2.641707420349121, "lr": 6e-05, "grad_norm": 0.06104551628232002, "step_seconds": 12.97528680600226, "tokens_per_second": 161626.63926857285, "mfu": 0.7695540053468849, "elapsed_seconds": 1662.371723533608, "unix": 1789444944.1646485, "ddp_buckets_rebuilt": false}
{"step": 123, "prediction_tokens": 257949696, "loss": 2.6007049083709717, "lr": 6e-05, "grad_norm": 0.06078964099287987, "step_seconds": 12.97513126116246, "tokens_per_second": 161628.57683584723, "mfu": 0.7695632306989888, "elapsed_seconds": 1675.3668043361977, "unix": 1789444957.1597338, "ddp_buckets_rebuilt": false}
{"step": 124, "prediction_tokens": 260046848, "loss": 2.6789469718933105, "lr": 6e-05, "grad_norm": 0.06250367313623428, "step_seconds": 12.97038722038269, "tokens_per_second": 161687.69400379734, "mfu": 0.7698447056686265, "elapsed_seconds": 1688.353982171975, "unix": 1789444970.1469107, "ddp_buckets_rebuilt": false}
{"step": 125, "prediction_tokens": 262144000, "loss": 2.531825542449951, "lr": 6e-05, "grad_norm": 0.0662044957280159, "step_seconds": 12.987198630347848, "tokens_per_second": 161478.3957411322, "mfu": 0.7688481724419567, "elapsed_seconds": 1701.3548758653924, "unix": 1789444983.1478016, "ddp_buckets_rebuilt": false}
{"step": 126, "prediction_tokens": 264241152, "loss": 2.656383991241455, "lr": 6e-05, "grad_norm": 0.05634050443768501, "step_seconds": 12.961779745295644, "tokens_per_second": 161795.06527729277, "mfu": 0.7703559332357623, "elapsed_seconds": 1714.3344165161252, "unix": 1789444996.127341, "ddp_buckets_rebuilt": false}
{"step": 127, "prediction_tokens": 266338304, "loss": 2.6311697959899902, "lr": 6e-05, "grad_norm": 0.059816379100084305, "step_seconds": 12.991629438474774, "tokens_per_second": 161423.323373839, "mfu": 0.7685859560089096, "elapsed_seconds": 1727.3434663098305, "unix": 1789445009.1363924, "ddp_buckets_rebuilt": false}
{"step": 128, "prediction_tokens": 268435456, "loss": 2.630035877227783, "lr": 6e-05, "grad_norm": 0.058076173067092896, "step_seconds": 13.073677537031472, "tokens_per_second": 160410.2590154738, "mfu": 0.7637624458611878, "elapsed_seconds": 1740.4409782635048, "unix": 1789445022.2339075, "ddp_buckets_rebuilt": false}
{"step": 129, "prediction_tokens": 270532608, "loss": 2.609804630279541, "lr": 6e-05, "grad_norm": 0.061078790575265884, "step_seconds": 12.949443374760449, "tokens_per_second": 161949.2003870626, "mfu": 0.7710898177712866, "elapsed_seconds": 1753.41671126429, "unix": 1789445035.2096426, "ddp_buckets_rebuilt": false}
{"step": 130, "prediction_tokens": 272629760, "loss": 2.4919257164001465, "lr": 6e-05, "grad_norm": 0.12781253457069397, "step_seconds": 12.989276587963104, "tokens_per_second": 161452.56325847952, "mfu": 0.7687251760684419, "elapsed_seconds": 1766.4210435906425, "unix": 1789445048.2139678, "ddp_buckets_rebuilt": false}
{"step": 131, "prediction_tokens": 274726912, "loss": 2.590632915496826, "lr": 6e-05, "grad_norm": 0.055411748588085175, "step_seconds": 12.97023216728121, "tokens_per_second": 161689.6269050826, "mfu": 0.7698539088045251, "elapsed_seconds": 1779.4110661977902, "unix": 1789445061.2039905, "ddp_buckets_rebuilt": false}
{"step": 132, "prediction_tokens": 276824064, "loss": 2.6575446128845215, "lr": 6e-05, "grad_norm": 0.06023517996072769, "step_seconds": 12.981151854619384, "tokens_per_second": 161553.61430840375, "mfu": 0.769206311112551, "elapsed_seconds": 1792.409961629659, "unix": 1789445074.202886, "ddp_buckets_rebuilt": false}
{"step": 133, "prediction_tokens": 278921216, "loss": 2.661357879638672, "lr": 6e-05, "grad_norm": 0.050554923713207245, "step_seconds": 12.982856357470155, "tokens_per_second": 161532.40413796366, "mfu": 0.7691053229852837, "elapsed_seconds": 1805.4115495886654, "unix": 1789445087.2044756, "ddp_buckets_rebuilt": false}
{"step": 134, "prediction_tokens": 281018368, "loss": 2.6401944160461426, "lr": 6e-05, "grad_norm": 0.05164463445544243, "step_seconds": 12.97948107495904, "tokens_per_second": 161574.41024710753, "mfu": 0.7693053269554645, "elapsed_seconds": 1818.4070712812245, "unix": 1789445100.1999993, "ddp_buckets_rebuilt": false}
{"step": 135, "prediction_tokens": 283115520, "loss": 2.6593549251556396, "lr": 6e-05, "grad_norm": 0.051157593727111816, "step_seconds": 12.955175888724625, "tokens_per_second": 161877.53975808463, "mfu": 0.7707486195362355, "elapsed_seconds": 1831.3797435723245, "unix": 1789445113.1726682, "ddp_buckets_rebuilt": false}
{"step": 136, "prediction_tokens": 285212672, "loss": 2.6700048446655273, "lr": 6e-05, "grad_norm": 0.052680328488349915, "step_seconds": 12.978993617929518, "tokens_per_second": 161580.47855905714, "mfu": 0.7693342200499917, "elapsed_seconds": 1844.3728873170912, "unix": 1789445126.1658127, "ddp_buckets_rebuilt": false}
{"step": 137, "prediction_tokens": 287309824, "loss": 2.6236186027526855, "lr": 6e-05, "grad_norm": 0.06310420483350754, "step_seconds": 12.97539047151804, "tokens_per_second": 161625.34796955873, "mfu": 0.7695478570761981, "elapsed_seconds": 1857.3659898471087, "unix": 1789445139.1589184, "ddp_buckets_rebuilt": false}
{"step": 138, "prediction_tokens": 289406976, "loss": 2.6662814617156982, "lr": 6e-05, "grad_norm": 0.08524774014949799, "step_seconds": 12.952008892782032, "tokens_per_second": 161917.12168825892, "mfu": 0.770937081246773, "elapsed_seconds": 1870.333984781988, "unix": 1789445152.1269097, "ddp_buckets_rebuilt": false}
{"step": 139, "prediction_tokens": 291504128, "loss": 2.6689395904541016, "lr": 6e-05, "grad_norm": 0.05389563739299774, "step_seconds": 12.974660127423704, "tokens_per_second": 161634.44586632252, "mfu": 0.7695911749532912, "elapsed_seconds": 1883.327430021949, "unix": 1789445165.120357, "ddp_buckets_rebuilt": false}
{"step": 140, "prediction_tokens": 293601280, "loss": 2.6828479766845703, "lr": 6e-05, "grad_norm": 0.05569310486316681, "step_seconds": 12.961906139738858, "tokens_per_second": 161793.4875774568, "mfu": 0.7703484213229149, "elapsed_seconds": 1896.3098852932453, "unix": 1789445178.1028097, "ddp_buckets_rebuilt": false}
{"step": 141, "prediction_tokens": 295698432, "loss": 2.696751117706299, "lr": 6e-05, "grad_norm": 0.06515396386384964, "step_seconds": 12.929548472166061, "tokens_per_second": 162198.39420646592, "mfu": 0.7722763059807632, "elapsed_seconds": 1909.2589534893632, "unix": 1789445191.0518796, "ddp_buckets_rebuilt": false}
{"step": 142, "prediction_tokens": 297795584, "loss": 2.6410374641418457, "lr": 6e-05, "grad_norm": 0.063868448138237, "step_seconds": 12.978694534860551, "tokens_per_second": 161584.20204490412, "mfu": 0.7693519487082152, "elapsed_seconds": 1922.2545328941196, "unix": 1789445204.0474613, "ddp_buckets_rebuilt": false}
{"step": 143, "prediction_tokens": 299892736, "loss": 2.6810927391052246, "lr": 6e-05, "grad_norm": 0.06305041164159775, "step_seconds": 12.925472285598516, "tokens_per_second": 162249.5452128766, "mfu": 0.7725198516118486, "elapsed_seconds": 1935.207001059316, "unix": 1789445216.99993, "ddp_buckets_rebuilt": false}
{"step": 144, "prediction_tokens": 301989888, "loss": 2.6587305068969727, "lr": 6e-05, "grad_norm": 0.05244196206331253, "step_seconds": 12.928028110414743, "tokens_per_second": 162217.46905938012, "mfu": 0.7723671272063234, "elapsed_seconds": 1948.153774005361, "unix": 1789445229.9466994, "ddp_buckets_rebuilt": false}
{"step": 145, "prediction_tokens": 304087040, "loss": 2.6752429008483887, "lr": 6e-05, "grad_norm": 0.05414534732699394, "step_seconds": 12.977934380061924, "tokens_per_second": 161593.66649455915, "mfu": 0.7693970118560564, "elapsed_seconds": 1961.151489363052, "unix": 1789445242.9444156, "ddp_buckets_rebuilt": false}
{"step": 146, "prediction_tokens": 306184192, "loss": 2.6660804748535156, "lr": 6e-05, "grad_norm": 0.06235628202557564, "step_seconds": 12.932366155087948, "tokens_per_second": 162163.05468391976, "mfu": 0.7721080436742184, "elapsed_seconds": 1974.1042765043676, "unix": 1789445255.8972018, "ddp_buckets_rebuilt": false}
{"step": 147, "prediction_tokens": 308281344, "loss": 2.718626022338867, "lr": 6e-05, "grad_norm": 0.06555719673633575, "step_seconds": 12.935299421660602, "tokens_per_second": 162126.28186157387, "mfu": 0.7719329569876904, "elapsed_seconds": 1987.0586730642244, "unix": 1789445268.8516028, "ddp_buckets_rebuilt": false}
{"step": 148, "prediction_tokens": 310378496, "loss": 2.7431640625, "lr": 6e-05, "grad_norm": 0.06845810264348984, "step_seconds": 12.958624577149749, "tokens_per_second": 161834.45916767727, "mfu": 0.7705434996311832, "elapsed_seconds": 2000.0357583826408, "unix": 1789445281.828682, "ddp_buckets_rebuilt": false}
{"step": 149, "prediction_tokens": 312475648, "loss": 2.6565003395080566, "lr": 6e-05, "grad_norm": 0.05544252321124077, "step_seconds": 12.954572371207178, "tokens_per_second": 161885.08118269718, "mfu": 0.7707845265719993, "elapsed_seconds": 2013.0110764726996, "unix": 1789445294.804002, "ddp_buckets_rebuilt": false}
{"step": 150, "prediction_tokens": 314572800, "loss": 2.589348316192627, "lr": 6e-05, "grad_norm": 0.06482051312923431, "step_seconds": 12.918150900863111, "tokens_per_second": 162341.50042788874, "mfu": 0.772957678595973, "elapsed_seconds": 2025.9493694873527, "unix": 1789445307.742294, "ddp_buckets_rebuilt": false}
{"step": 151, "prediction_tokens": 316669952, "loss": 2.632251024246216, "lr": 6e-05, "grad_norm": 0.05226786062121391, "step_seconds": 12.934926859103143, "tokens_per_second": 162130.95155803673, "mfu": 0.7719551908448874, "elapsed_seconds": 2038.9037371911108, "unix": 1789445320.6966634, "ddp_buckets_rebuilt": false}
{"step": 152, "prediction_tokens": 318767104, "loss": 2.662428379058838, "lr": 6e-05, "grad_norm": 0.0509648434817791, "step_seconds": 12.949840318411589, "tokens_per_second": 161944.2362558208, "mfu": 0.7710661820197949, "elapsed_seconds": 2051.871560261585, "unix": 1789445333.6644921, "ddp_buckets_rebuilt": false}
{"step": 153, "prediction_tokens": 320864256, "loss": 2.5492806434631348, "lr": 6e-05, "grad_norm": 0.07323703169822693, "step_seconds": 12.958847596310079, "tokens_per_second": 161831.6740291896, "mfu": 0.770530238732557, "elapsed_seconds": 2064.8498461311683, "unix": 1789445346.6427712, "ddp_buckets_rebuilt": false}
{"step": 154, "prediction_tokens": 322961408, "loss": 2.593050956726074, "lr": 6e-05, "grad_norm": 0.05202971398830414, "step_seconds": 12.945049899630249, "tokens_per_second": 162004.16500981594, "mfu": 0.771351521199531, "elapsed_seconds": 2077.8145576305687, "unix": 1789445359.6074839, "ddp_buckets_rebuilt": false}
{"step": 155, "prediction_tokens": 325058560, "loss": 2.6500864028930664, "lr": 6e-05, "grad_norm": 0.047620393335819244, "step_seconds": 12.962886993773282, "tokens_per_second": 161781.24525866547, "mfu": 0.7702901318880592, "elapsed_seconds": 2090.793096358888, "unix": 1789445372.586022, "ddp_buckets_rebuilt": false}
{"step": 156, "prediction_tokens": 327155712, "loss": 2.637319803237915, "lr": 6e-05, "grad_norm": 0.04848438501358032, "step_seconds": 12.957855981774628, "tokens_per_second": 161844.05838046572, "mfu": 0.7705892044276385, "elapsed_seconds": 2103.765429054387, "unix": 1789445385.558356, "ddp_buckets_rebuilt": false}
{"step": 157, "prediction_tokens": 329252864, "loss": 2.644965887069702, "lr": 6e-05, "grad_norm": 0.04888046160340309, "step_seconds": 12.944451570510864, "tokens_per_second": 162011.65329998094, "mfu": 0.7713871752458922, "elapsed_seconds": 2116.7296556048095, "unix": 1789445398.5225837, "ddp_buckets_rebuilt": false}
{"step": 158, "prediction_tokens": 331350016, "loss": 2.60377836227417, "lr": 6e-05, "grad_norm": 0.05173635855317116, "step_seconds": 13.053313926793635, "tokens_per_second": 160660.50443292572, "mfu": 0.764953941051531, "elapsed_seconds": 2129.7991765476763, "unix": 1789445411.5921009, "ddp_buckets_rebuilt": false}
{"step": 159, "prediction_tokens": 333447168, "loss": 2.6221556663513184, "lr": 6e-05, "grad_norm": 0.048036567866802216, "step_seconds": 12.905597560107708, "tokens_per_second": 162499.41083568838, "mfu": 0.7737095384834154, "elapsed_seconds": 2142.7206283956766, "unix": 1789445424.5135524, "ddp_buckets_rebuilt": false}
{"step": 160, "prediction_tokens": 335544320, "loss": 2.616640090942383, "lr": 6e-05, "grad_norm": 0.04877561330795288, "step_seconds": 12.945390852168202, "tokens_per_second": 161999.89818374248, "mfu": 0.7713312055318304, "elapsed_seconds": 2155.6839035106823, "unix": 1789445437.4768305, "ddp_buckets_rebuilt": false}
{"step": 161, "prediction_tokens": 337641472, "loss": 2.604466676712036, "lr": 6e-05, "grad_norm": 0.04944298416376114, "step_seconds": 12.939211951568723, "tokens_per_second": 162077.25847985246, "mfu": 0.7716995416303576, "elapsed_seconds": 2168.6388553399593, "unix": 1789445450.4317842, "ddp_buckets_rebuilt": false}
{"step": 162, "prediction_tokens": 339738624, "loss": 2.578789710998535, "lr": 6e-05, "grad_norm": 0.046066612005233765, "step_seconds": 12.9403404770419, "tokens_per_second": 162063.12374242867, "mfu": 0.7716322418099305, "elapsed_seconds": 2181.5989230386913, "unix": 1789445463.3918464, "ddp_buckets_rebuilt": false}
{"step": 163, "prediction_tokens": 341835776, "loss": 2.5906052589416504, "lr": 6e-05, "grad_norm": 0.06068888679146767, "step_seconds": 12.961867076344788, "tokens_per_second": 161793.9751771773, "mfu": 0.7703507429347458, "elapsed_seconds": 2194.5796666983515, "unix": 1789445476.3725908, "ddp_buckets_rebuilt": false}
{"step": 164, "prediction_tokens": 343932928, "loss": 2.6545138359069824, "lr": 6e-05, "grad_norm": 0.05140551179647446, "step_seconds": 12.89883069228381, "tokens_per_second": 162584.65980598802, "mfu": 0.7741154349794552, "elapsed_seconds": 2207.5057207476348, "unix": 1789445489.2986476, "ddp_buckets_rebuilt": false}
{"step": 165, "prediction_tokens": 346030080, "loss": 2.5954365730285645, "lr": 6e-05, "grad_norm": 0.04612039029598236, "step_seconds": 12.934239553287625, "tokens_per_second": 162139.56695018423, "mfu": 0.7719962113695036, "elapsed_seconds": 2220.4638835415244, "unix": 1789445502.2568135, "ddp_buckets_rebuilt": false}
{"step": 166, "prediction_tokens": 348127232, "loss": 2.631683588027954, "lr": 6e-05, "grad_norm": 0.046383652836084366, "step_seconds": 12.947403631173074, "tokens_per_second": 161974.71398441232, "mfu": 0.7712112958340622, "elapsed_seconds": 2233.4269031612203, "unix": 1789445515.2198274, "ddp_buckets_rebuilt": false}
{"step": 167, "prediction_tokens": 350224384, "loss": 2.6295557022094727, "lr": 6e-05, "grad_norm": 0.044864773750305176, "step_seconds": 12.941062382422388, "tokens_per_second": 162054.08319865022, "mfu": 0.7715891970079926, "elapsed_seconds": 2246.3914027018473, "unix": 1789445528.184327, "ddp_buckets_rebuilt": false}
{"step": 168, "prediction_tokens": 352321536, "loss": 2.625826835632324, "lr": 6e-05, "grad_norm": 0.0464799664914608, "step_seconds": 12.926267566159368, "tokens_per_second": 162239.5629106649, "mfu": 0.7724723228091441, "elapsed_seconds": 2259.3350992770866, "unix": 1789445541.128024, "ddp_buckets_rebuilt": false}
{"step": 169, "prediction_tokens": 354418688, "loss": 2.6163835525512695, "lr": 6e-05, "grad_norm": 0.0495566725730896, "step_seconds": 12.946384722366929, "tokens_per_second": 161987.46174882614, "mfu": 0.771271991850562, "elapsed_seconds": 2272.2988063367084, "unix": 1789445554.0917337, "ddp_buckets_rebuilt": false}
{"step": 170, "prediction_tokens": 356515840, "loss": 2.686788558959961, "lr": 6e-05, "grad_norm": 0.046494077891111374, "step_seconds": 12.952355483546853, "tokens_per_second": 161912.7889644455, "mfu": 0.7709164518197196, "elapsed_seconds": 2285.2685638386756, "unix": 1789445567.0614917, "ddp_buckets_rebuilt": false}
{"step": 171, "prediction_tokens": 358612992, "loss": 2.614039182662964, "lr": 6e-05, "grad_norm": 0.05187978968024254, "step_seconds": 12.898248745128512, "tokens_per_second": 162591.9953506917, "mfu": 0.7741503617578233, "elapsed_seconds": 2298.186375970952, "unix": 1789445579.9793003, "ddp_buckets_rebuilt": false}
{"step": 172, "prediction_tokens": 360710144, "loss": 2.6476221084594727, "lr": 6e-05, "grad_norm": 0.047603171318769455, "step_seconds": 12.90665393602103, "tokens_per_second": 162486.11068334937, "mfu": 0.7736462123785697, "elapsed_seconds": 2311.1127990512177, "unix": 1789445592.9057229, "ddp_buckets_rebuilt": false}
{"step": 173, "prediction_tokens": 362807296, "loss": 2.6478593349456787, "lr": 6e-05, "grad_norm": 0.04486990347504616, "step_seconds": 12.906160571612418, "tokens_per_second": 162492.32204756263, "mfu": 0.7736757865888026, "elapsed_seconds": 2324.037746318616, "unix": 1789445605.8306725, "ddp_buckets_rebuilt": false}
{"step": 174, "prediction_tokens": 364904448, "loss": 2.6465530395507812, "lr": 6e-05, "grad_norm": 0.04525664448738098, "step_seconds": 12.925678960978985, "tokens_per_second": 162246.950920802, "mfu": 0.7725074993915334, "elapsed_seconds": 2336.9857448311523, "unix": 1789445618.7786746, "ddp_buckets_rebuilt": false}
{"step": 175, "prediction_tokens": 367001600, "loss": 2.595277786254883, "lr": 6e-05, "grad_norm": 0.04733020439743996, "step_seconds": 12.873494806699455, "tokens_per_second": 162904.63712376126, "mfu": 0.7756389451361156, "elapsed_seconds": 2349.877416665666, "unix": 1789445631.6703424, "ddp_buckets_rebuilt": false}
{"step": 176, "prediction_tokens": 369098752, "loss": 2.618746519088745, "lr": 6e-05, "grad_norm": 0.04693376272916794, "step_seconds": 12.935658384114504, "tokens_per_second": 162121.7828831492, "mfu": 0.7719115359714374, "elapsed_seconds": 2362.8330616420135, "unix": 1789445644.6259856, "ddp_buckets_rebuilt": false}
{"step": 177, "prediction_tokens": 371195904, "loss": 2.600801467895508, "lr": 6e-05, "grad_norm": 0.04777246713638306, "step_seconds": 12.930936114862561, "tokens_per_second": 162180.98839646846, "mfu": 0.7721934315804758, "elapsed_seconds": 2375.7827186165377, "unix": 1789445657.575645, "ddp_buckets_rebuilt": false}
{"step": 178, "prediction_tokens": 373293056, "loss": 2.5990309715270996, "lr": 6e-05, "grad_norm": 0.04929257556796074, "step_seconds": 12.935575262643397, "tokens_per_second": 162122.82464594813, "mfu": 0.7719164961236633, "elapsed_seconds": 2388.7396619198844, "unix": 1789445670.5325909, "ddp_buckets_rebuilt": false}
{"step": 179, "prediction_tokens": 375390208, "loss": 2.676351308822632, "lr": 6e-05, "grad_norm": 0.04689246043562889, "step_seconds": 12.930728598497808, "tokens_per_second": 162183.59112754333, "mfu": 0.7722058239814599, "elapsed_seconds": 2401.690748513676, "unix": 1789445683.4836738, "ddp_buckets_rebuilt": false}
{"step": 180, "prediction_tokens": 377487360, "loss": 2.6874027252197266, "lr": 6e-05, "grad_norm": 0.05359013378620148, "step_seconds": 12.916509125381708, "tokens_per_second": 162362.13512821135, "mfu": 0.773055926733497, "elapsed_seconds": 2414.6272424878553, "unix": 1789445696.4201667, "ddp_buckets_rebuilt": false}
{"step": 181, "prediction_tokens": 379584512, "loss": 2.6114354133605957, "lr": 6e-05, "grad_norm": 0.045958589762449265, "step_seconds": 12.929389094002545, "tokens_per_second": 162200.39359576468, "mfu": 0.772285825686488, "elapsed_seconds": 2427.573873227462, "unix": 1789445709.366797, "ddp_buckets_rebuilt": false}
{"step": 182, "prediction_tokens": 381681664, "loss": 2.5910556316375732, "lr": 6e-05, "grad_norm": 0.05183174088597298, "step_seconds": 12.91554890293628, "tokens_per_second": 162374.20614180973, "mfu": 0.7731134005317846, "elapsed_seconds": 2440.5073847211897, "unix": 1789445722.3003137, "ddp_buckets_rebuilt": false}
{"step": 183, "prediction_tokens": 383778816, "loss": 2.606574058532715, "lr": 6e-05, "grad_norm": 0.05280653014779091, "step_seconds": 12.925619475543499, "tokens_per_second": 162247.69760304416, "mfu": 0.7725110545747184, "elapsed_seconds": 2453.44813105464, "unix": 1789445735.241057, "ddp_buckets_rebuilt": false}
{"step": 184, "prediction_tokens": 385875968, "loss": 2.8471992015838623, "lr": 6e-05, "grad_norm": 0.1118771880865097, "step_seconds": 12.93342845607549, "tokens_per_second": 162149.73524787705, "mfu": 0.7720446257537442, "elapsed_seconds": 2466.4001128468663, "unix": 1789445748.1930375, "ddp_buckets_rebuilt": false}
{"step": 185, "prediction_tokens": 387973120, "loss": 2.748870372772217, "lr": 6e-05, "grad_norm": 0.07132811844348907, "step_seconds": 12.877301284112036, "tokens_per_second": 162856.48318156987, "mfu": 0.7754096694470688, "elapsed_seconds": 2479.2937708543614, "unix": 1789445761.086696, "ddp_buckets_rebuilt": false}
{"step": 186, "prediction_tokens": 390070272, "loss": 2.7019519805908203, "lr": 6e-05, "grad_norm": 0.05130936577916145, "step_seconds": 12.87095109000802, "tokens_per_second": 162936.8323548414, "mfu": 0.7757922365065413, "elapsed_seconds": 2492.1811310295016, "unix": 1789445773.9740577, "ddp_buckets_rebuilt": false}
{"step": 187, "prediction_tokens": 392167424, "loss": 2.652555465698242, "lr": 6e-05, "grad_norm": 0.05235328897833824, "step_seconds": 12.93851332552731, "tokens_per_second": 162086.00997939848, "mfu": 0.7717412102040464, "elapsed_seconds": 2505.1347495792434, "unix": 1789445786.9276783, "ddp_buckets_rebuilt": false}
{"step": 188, "prediction_tokens": 394264576, "loss": 2.6589789390563965, "lr": 6e-05, "grad_norm": 0.05520925670862198, "step_seconds": 12.936186802573502, "tokens_per_second": 162115.1605187702, "mfu": 0.7718800048633491, "elapsed_seconds": 2518.0874723494053, "unix": 1789445799.8803966, "ddp_buckets_rebuilt": false}
{"step": 189, "prediction_tokens": 396361728, "loss": 2.742428779602051, "lr": 6e-05, "grad_norm": 0.049657318741083145, "step_seconds": 13.028963327407837, "tokens_per_second": 160960.77234237152, "mfu": 0.7663836086696716, "elapsed_seconds": 2531.1325369579718, "unix": 1789445812.9254632, "ddp_buckets_rebuilt": false}
{"step": 190, "prediction_tokens": 398458880, "loss": 2.5912084579467773, "lr": 6e-05, "grad_norm": 0.047015897929668427, "step_seconds": 12.927640398964286, "tokens_per_second": 162222.33410576737, "mfu": 0.7723902911844301, "elapsed_seconds": 2544.078913623467, "unix": 1789445825.8718388, "ddp_buckets_rebuilt": false}
{"step": 191, "prediction_tokens": 400556032, "loss": 2.5581555366516113, "lr": 6e-05, "grad_norm": 0.14119620621204376, "step_seconds": 12.92842662986368, "tokens_per_second": 162212.46869713743, "mfu": 0.7723433189479232, "elapsed_seconds": 2557.0266295280308, "unix": 1789445838.8195574, "ddp_buckets_rebuilt": false}
{"step": 192, "prediction_tokens": 402653184, "loss": 2.5813324451446533, "lr": 6e-05, "grad_norm": 0.06813453882932663, "step_seconds": 12.891550107859075, "tokens_per_second": 162676.48052048552, "mfu": 0.7745526215653741, "elapsed_seconds": 2569.932042730972, "unix": 1789445851.7249715, "ddp_buckets_rebuilt": false}
{"step": 193, "prediction_tokens": 404750336, "loss": 2.547567367553711, "lr": 6e-05, "grad_norm": 0.061067454516887665, "step_seconds": 12.895364126190543, "tokens_per_second": 162628.36624680297, "mfu": 0.7743235347502652, "elapsed_seconds": 2582.843203478493, "unix": 1789445864.6361287, "ddp_buckets_rebuilt": false}
{"step": 194, "prediction_tokens": 406847488, "loss": 2.6094698905944824, "lr": 6e-05, "grad_norm": 0.05432409048080444, "step_seconds": 12.90198503434658, "tokens_per_second": 162544.9102922642, "mfu": 0.7739261753522354, "elapsed_seconds": 2595.764626015909, "unix": 1789445877.5575497, "ddp_buckets_rebuilt": false}
{"step": 195, "prediction_tokens": 408944640, "loss": 2.5772876739501953, "lr": 6e-05, "grad_norm": 0.058031920343637466, "step_seconds": 12.944544321857393, "tokens_per_second": 162010.49244034593, "mfu": 0.7713816480370991, "elapsed_seconds": 2608.726982742548, "unix": 1789445890.519909, "ddp_buckets_rebuilt": false}
{"step": 196, "prediction_tokens": 411041792, "loss": 2.7003767490386963, "lr": 6e-05, "grad_norm": 0.09853877127170563, "step_seconds": 12.904052293859422, "tokens_per_second": 162518.87021551825, "mfu": 0.7738021905595671, "elapsed_seconds": 2621.6537296148017, "unix": 1789445903.4466596, "ddp_buckets_rebuilt": false}
{"step": 197, "prediction_tokens": 413138944, "loss": 2.621718406677246, "lr": 6e-05, "grad_norm": 0.17122551798820496, "step_seconds": 12.925915617495775, "tokens_per_second": 162243.98039249273, "mfu": 0.7724933557951019, "elapsed_seconds": 2634.5983336037025, "unix": 1789445916.3912587, "ddp_buckets_rebuilt": false}
{"step": 198, "prediction_tokens": 415236096, "loss": 2.526184320449829, "lr": 6e-05, "grad_norm": 0.09507337957620621, "step_seconds": 12.89043904747814, "tokens_per_second": 162690.502028345, "mfu": 0.7746193822651145, "elapsed_seconds": 2647.509298621677, "unix": 1789445929.3022223, "ddp_buckets_rebuilt": false}
{"step": 199, "prediction_tokens": 417333248, "loss": 2.61588191986084, "lr": 6e-05, "grad_norm": 0.05849034711718559, "step_seconds": 12.93968721292913, "tokens_per_second": 162071.30554937673, "mfu": 0.7716711979024184, "elapsed_seconds": 2660.470424401574, "unix": 1789445942.2633495, "ddp_buckets_rebuilt": false}
{"step": 200, "prediction_tokens": 419430400, "loss": 2.5915212631225586, "lr": 6e-05, "grad_norm": 0.05287711322307587, "step_seconds": 12.937512474134564, "tokens_per_second": 162098.54902113136, "mfu": 0.7718009124278407, "elapsed_seconds": 2673.426513059996, "unix": 1789445955.2194412, "ddp_buckets_rebuilt": false}
{"step": 201, "prediction_tokens": 421527552, "loss": 2.618906021118164, "lr": 6e-05, "grad_norm": 0.05426730960607529, "step_seconds": 12.943979532457888, "tokens_per_second": 162017.56150349684, "mfu": 0.7714153060150564, "elapsed_seconds": 2686.3869383251294, "unix": 1789445968.1798625, "ddp_buckets_rebuilt": false}
{"step": 202, "prediction_tokens": 423624704, "loss": 2.6478140354156494, "lr": 6e-05, "grad_norm": 0.052430421113967896, "step_seconds": 12.935527315363288, "tokens_per_second": 162123.42557610705, "mfu": 0.7719193573364734, "elapsed_seconds": 2699.3393005365506, "unix": 1789445981.1322238, "ddp_buckets_rebuilt": false}
{"step": 203, "prediction_tokens": 425721856, "loss": 2.6315507888793945, "lr": 6e-05, "grad_norm": 0.049651119858026505, "step_seconds": 12.911054284311831, "tokens_per_second": 162430.73213225047, "mfu": 0.7733825381105076, "elapsed_seconds": 2712.272542736493, "unix": 1789445994.0654762, "ddp_buckets_rebuilt": false}
{"step": 204, "prediction_tokens": 427819008, "loss": 2.625359535217285, "lr": 6e-05, "grad_norm": 0.045072007924318314, "step_seconds": 12.937706946395338, "tokens_per_second": 162096.11244783233, "mfu": 0.7717893111549932, "elapsed_seconds": 2725.2355102505535, "unix": 1789446007.0284417, "ddp_buckets_rebuilt": false}
{"step": 205, "prediction_tokens": 429916160, "loss": 2.569746732711792, "lr": 6e-05, "grad_norm": 0.052841491997241974, "step_seconds": 12.963835643604398, "tokens_per_second": 161769.40665200524, "mfu": 0.7702337646504903, "elapsed_seconds": 2738.2231771321967, "unix": 1789446020.0161026, "ddp_buckets_rebuilt": false}
{"step": 206, "prediction_tokens": 432013312, "loss": 2.5919697284698486, "lr": 6e-05, "grad_norm": 0.05371257662773132, "step_seconds": 12.958486788906157, "tokens_per_second": 161836.17996164376, "mfu": 0.7705516928590773, "elapsed_seconds": 2751.198403045535, "unix": 1789446032.9913273, "ddp_buckets_rebuilt": false}
{"step": 207, "prediction_tokens": 434110464, "loss": 2.5978827476501465, "lr": 6e-05, "grad_norm": 0.04272627457976341, "step_seconds": 12.931903160177171, "tokens_per_second": 162168.86053230145, "mfu": 0.7721356870991931, "elapsed_seconds": 2764.149359622039, "unix": 1789446045.9422858, "ddp_buckets_rebuilt": false}
{"step": 208, "prediction_tokens": 436207616, "loss": 2.6001968383789062, "lr": 6e-05, "grad_norm": 0.047592297196388245, "step_seconds": 12.958660322241485, "tokens_per_second": 161834.0127644654, "mfu": 0.770541374168566, "elapsed_seconds": 2777.124207404442, "unix": 1789446058.9171364, "ddp_buckets_rebuilt": false}
{"step": 209, "prediction_tokens": 438304768, "loss": 2.4608702659606934, "lr": 6e-05, "grad_norm": 0.07203315198421478, "step_seconds": 12.966871784999967, "tokens_per_second": 161731.52898958855, "mfu": 0.7700534174814974, "elapsed_seconds": 2790.1130686122924, "unix": 1789446071.9059913, "ddp_buckets_rebuilt": false}
{"step": 210, "prediction_tokens": 440401920, "loss": 2.5621492862701416, "lr": 6e-05, "grad_norm": 0.05221280828118324, "step_seconds": 12.968198947608471, "tokens_per_second": 161714.97742072702, "mfu": 0.7699746103852797, "elapsed_seconds": 2803.098460308276, "unix": 1789446084.8913846, "ddp_buckets_rebuilt": false}
{"step": 211, "prediction_tokens": 442499072, "loss": 2.624929904937744, "lr": 6e-05, "grad_norm": 0.04882584884762764, "step_seconds": 12.954882736317813, "tokens_per_second": 161881.20283951538, "mfu": 0.7707660605905053, "elapsed_seconds": 2816.0692748762667, "unix": 1789446097.8621995, "ddp_buckets_rebuilt": false}
{"step": 212, "prediction_tokens": 444596224, "loss": 2.5458104610443115, "lr": 6e-05, "grad_norm": 0.09447488933801651, "step_seconds": 12.965533041395247, "tokens_per_second": 161748.22842257176, "mfu": 0.7701329286041526, "elapsed_seconds": 2829.050317339599, "unix": 1789446110.843248, "ddp_buckets_rebuilt": false}
{"step": 213, "prediction_tokens": 446693376, "loss": 2.602815628051758, "lr": 6e-05, "grad_norm": 0.06311687082052231, "step_seconds": 12.953912892378867, "tokens_per_second": 161893.32269123182, "mfu": 0.7708237669220532, "elapsed_seconds": 2842.0238472633064, "unix": 1789446123.816772, "ddp_buckets_rebuilt": false}
{"step": 214, "prediction_tokens": 448790528, "loss": 2.710695505142212, "lr": 6e-05, "grad_norm": 0.050191231071949005, "step_seconds": 12.978295375593007, "tokens_per_second": 161589.1717138682, "mfu": 0.7693756108265015, "elapsed_seconds": 2855.0173545712605, "unix": 1789446136.81028, "ddp_buckets_rebuilt": false}
{"step": 215, "prediction_tokens": 450887680, "loss": 2.5758213996887207, "lr": 6e-05, "grad_norm": 0.05496089905500412, "step_seconds": 12.953069712035358, "tokens_per_second": 161903.86114045454, "mfu": 0.7708739437112643, "elapsed_seconds": 2867.9856208972633, "unix": 1789446149.778547, "ddp_buckets_rebuilt": false}
{"step": 216, "prediction_tokens": 452984832, "loss": 2.634512186050415, "lr": 6e-05, "grad_norm": 0.05170154944062233, "step_seconds": 12.951607364229858, "tokens_per_second": 161922.14147812864, "mfu": 0.7709609820060644, "elapsed_seconds": 2880.951250252314, "unix": 1789446162.744182, "ddp_buckets_rebuilt": false}
{"step": 217, "prediction_tokens": 455081984, "loss": 2.649014472961426, "lr": 6e-05, "grad_norm": 0.042237788438797, "step_seconds": 12.960399960167706, "tokens_per_second": 161812.2902414551, "mfu": 0.7704379465735579, "elapsed_seconds": 2893.9342356026173, "unix": 1789446175.7271614, "ddp_buckets_rebuilt": false}
{"step": 218, "prediction_tokens": 457179136, "loss": 2.6583030223846436, "lr": 6e-05, "grad_norm": 0.050500113517045975, "step_seconds": 12.980213269591331, "tokens_per_second": 161565.2960736004, "mfu": 0.7692619315798037, "elapsed_seconds": 2906.9324166215956, "unix": 1789446188.7253423, "ddp_buckets_rebuilt": false}
{"step": 219, "prediction_tokens": 459276288, "loss": 2.5999057292938232, "lr": 6e-05, "grad_norm": 0.04650197923183441, "step_seconds": 13.112367372959852, "tokens_per_second": 159936.94657493496, "mfu": 0.7615088601525107, "elapsed_seconds": 2920.0624330854043, "unix": 1789446201.8553581, "ddp_buckets_rebuilt": false}
{"step": 220, "prediction_tokens": 461373440, "loss": 2.5746593475341797, "lr": 6e-05, "grad_norm": 0.05403291806578636, "step_seconds": 12.977630967274308, "tokens_per_second": 161597.44450188082, "mfu": 0.7694150001077443, "elapsed_seconds": 2933.0616905018687, "unix": 1789446214.8546183, "ddp_buckets_rebuilt": false}
{"step": 221, "prediction_tokens": 463470592, "loss": 2.6160600185394287, "lr": 6e-05, "grad_norm": 0.060260020196437836, "step_seconds": 12.954667246900499, "tokens_per_second": 161883.89558996656, "mfu": 0.7707788816013516, "elapsed_seconds": 2946.035025681369, "unix": 1789446227.8279564, "ddp_buckets_rebuilt": false}
{"step": 222, "prediction_tokens": 465567744, "loss": 2.616579532623291, "lr": 6e-05, "grad_norm": 0.050991225987672806, "step_seconds": 12.984228338114917, "tokens_per_second": 161515.33578964075, "mfu": 0.7690240553435385, "elapsed_seconds": 2959.035717680119, "unix": 1789446240.8286426, "ddp_buckets_rebuilt": false}
{"step": 223, "prediction_tokens": 467664896, "loss": 2.6732566356658936, "lr": 6e-05, "grad_norm": 0.04569036513566971, "step_seconds": 12.962882655672729, "tokens_per_second": 161781.29939965619, "mfu": 0.7702903896699226, "elapsed_seconds": 2972.014820422046, "unix": 1789446253.8077452, "ddp_buckets_rebuilt": false}
{"step": 224, "prediction_tokens": 469762048, "loss": 2.5997838973999023, "lr": 6e-05, "grad_norm": 0.045877017080783844, "step_seconds": 12.984100136905909, "tokens_per_second": 161516.9305448493, "mfu": 0.7690316484622463, "elapsed_seconds": 2985.0112776989117, "unix": 1789446266.8042045, "ddp_buckets_rebuilt": false}
{"step": 225, "prediction_tokens": 471859200, "loss": 2.5960021018981934, "lr": 6e-05, "grad_norm": 0.04315973445773125, "step_seconds": 12.989481074735522, "tokens_per_second": 161450.02159316052, "mfu": 0.7687130744202524, "elapsed_seconds": 2998.0165192186832, "unix": 1789446279.8094492, "ddp_buckets_rebuilt": false}
{"step": 226, "prediction_tokens": 473956352, "loss": 2.6085197925567627, "lr": 6e-05, "grad_norm": 0.040971603244543076, "step_seconds": 12.966412958689034, "tokens_per_second": 161737.25198183354, "mfu": 0.7700806664029909, "elapsed_seconds": 3011.001342168078, "unix": 1789446292.7942655, "ddp_buckets_rebuilt": false}
{"step": 227, "prediction_tokens": 476053504, "loss": 2.5172924995422363, "lr": 6e-05, "grad_norm": 0.10999322682619095, "step_seconds": 12.964333527721465, "tokens_per_second": 161763.1940365995, "mfu": 0.7702041844829461, "elapsed_seconds": 3023.9841753253713, "unix": 1789446305.7771008, "ddp_buckets_rebuilt": false}
{"step": 228, "prediction_tokens": 478150656, "loss": 2.6342477798461914, "lr": 6e-05, "grad_norm": 0.05191771686077118, "step_seconds": 12.945296760648489, "tokens_per_second": 162001.0756628606, "mfu": 0.7713368118710803, "elapsed_seconds": 3036.948600092903, "unix": 1789446318.7415261, "ddp_buckets_rebuilt": false}
{"step": 229, "prediction_tokens": 480247808, "loss": 2.6383285522460938, "lr": 6e-05, "grad_norm": 0.04654461517930031, "step_seconds": 12.952861004509032, "tokens_per_second": 161906.46987333213, "mfu": 0.770886364688672, "elapsed_seconds": 3049.9192091906443, "unix": 1789446331.7121415, "ddp_buckets_rebuilt": false}
{"step": 230, "prediction_tokens": 482344960, "loss": 2.588542938232422, "lr": 6e-05, "grad_norm": 0.047859176993370056, "step_seconds": 12.954806284047663, "tokens_per_second": 161882.1581749469, "mfu": 0.7707706092355252, "elapsed_seconds": 3062.8914640396833, "unix": 1789446344.6843886, "ddp_buckets_rebuilt": false}
{"step": 231, "prediction_tokens": 484442112, "loss": 2.599937915802002, "lr": 6e-05, "grad_norm": 0.0501827672123909, "step_seconds": 12.968490791507065, "tokens_per_second": 161711.338174632, "mfu": 0.7699572828183543, "elapsed_seconds": 3075.8779487563297, "unix": 1789446357.6708744, "ddp_buckets_rebuilt": false}
{"step": 232, "prediction_tokens": 486539264, "loss": 2.537900924682617, "lr": 6e-05, "grad_norm": 0.044862933456897736, "step_seconds": 12.963237579911947, "tokens_per_second": 161776.86994256606, "mfu": 0.7702692996660677, "elapsed_seconds": 3088.8613296020776, "unix": 1789446370.6542542, "ddp_buckets_rebuilt": false}
{"step": 233, "prediction_tokens": 488636416, "loss": 2.583685874938965, "lr": 6e-05, "grad_norm": 0.04809081181883812, "step_seconds": 12.96891344152391, "tokens_per_second": 161706.06808781158, "mfu": 0.7699321903185069, "elapsed_seconds": 3101.8491966323927, "unix": 1789446383.6421275, "ddp_buckets_rebuilt": false}
{"step": 234, "prediction_tokens": 490733568, "loss": 2.623157262802124, "lr": 6e-05, "grad_norm": 0.04939422011375427, "step_seconds": 12.98596852645278, "tokens_per_second": 161493.69188197577, "mfu": 0.7689210020603031, "elapsed_seconds": 3114.8526305668056, "unix": 1789446396.645557, "ddp_buckets_rebuilt": false}
{"step": 235, "prediction_tokens": 492830720, "loss": 2.5603809356689453, "lr": 6e-05, "grad_norm": 0.04984317347407341, "step_seconds": 12.987116417847574, "tokens_per_second": 161479.41794977552, "mfu": 0.76885303949085, "elapsed_seconds": 3127.8605862120166, "unix": 1789446409.6535125, "ddp_buckets_rebuilt": false}
{"step": 236, "prediction_tokens": 494927872, "loss": 2.567072868347168, "lr": 6e-05, "grad_norm": 0.06259501725435257, "step_seconds": 12.96943950559944, "tokens_per_second": 161699.508995325, "mfu": 0.7699009604673058, "elapsed_seconds": 3140.847538058646, "unix": 1789446422.6404626, "ddp_buckets_rebuilt": false}
{"step": 237, "prediction_tokens": 497025024, "loss": 2.6184277534484863, "lr": 6e-05, "grad_norm": 0.04588174447417259, "step_seconds": 12.985172582790256, "tokens_per_second": 161503.59085557595, "mfu": 0.7689681341099287, "elapsed_seconds": 3153.848461570218, "unix": 1789446435.6413906, "ddp_buckets_rebuilt": false}
{"step": 238, "prediction_tokens": 499122176, "loss": 2.5915327072143555, "lr": 6e-05, "grad_norm": 0.061468709260225296, "step_seconds": 12.98882878664881, "tokens_per_second": 161458.1294778216, "mfu": 0.7687516785460579, "elapsed_seconds": 3166.8536371812224, "unix": 1789446448.6465662, "ddp_buckets_rebuilt": false}
{"step": 239, "prediction_tokens": 501219328, "loss": 2.5506269931793213, "lr": 6e-05, "grad_norm": 0.05006159096956253, "step_seconds": 12.95127454586327, "tokens_per_second": 161926.3025097283, "mfu": 0.7709807939538249, "elapsed_seconds": 3179.822560513392, "unix": 1789446461.615486, "ddp_buckets_rebuilt": false}
{"step": 240, "prediction_tokens": 503316480, "loss": 2.5794339179992676, "lr": 6e-05, "grad_norm": 0.0638265460729599, "step_seconds": 12.97509863320738, "tokens_per_second": 161628.9832766839, "mfu": 0.7695651658884799, "elapsed_seconds": 3192.814795270562, "unix": 1789446474.6077197, "ddp_buckets_rebuilt": false}
{"step": 241, "prediction_tokens": 505413632, "loss": 2.7342164516448975, "lr": 6e-05, "grad_norm": 0.04965876415371895, "step_seconds": 12.981627936474979, "tokens_per_second": 161547.6895703929, "mfu": 0.7691781016175847, "elapsed_seconds": 3205.8123969389126, "unix": 1789446487.605325, "ddp_buckets_rebuilt": false}
{"step": 242, "prediction_tokens": 507510784, "loss": 2.6794917583465576, "lr": 6e-05, "grad_norm": 0.04910358041524887, "step_seconds": 12.953272987157106, "tokens_per_second": 161901.32039055158, "mfu": 0.7708618464216515, "elapsed_seconds": 3218.7841520104557, "unix": 1789446500.5770805, "ddp_buckets_rebuilt": false}
{"step": 243, "prediction_tokens": 509607936, "loss": 2.65442156791687, "lr": 6e-05, "grad_norm": 0.04943346232175827, "step_seconds": 12.940791171975434, "tokens_per_second": 162057.4794948852, "mfu": 0.7716053678161142, "elapsed_seconds": 3231.7400167863816, "unix": 1789446513.5329437, "ddp_buckets_rebuilt": false}
{"step": 244, "prediction_tokens": 511705088, "loss": 2.5568668842315674, "lr": 6e-05, "grad_norm": 0.05368394777178764, "step_seconds": 12.947658514603972, "tokens_per_second": 161971.52540241714, "mfu": 0.7711961140171484, "elapsed_seconds": 3244.7056220034137, "unix": 1789446526.4985456, "ddp_buckets_rebuilt": false}
{"step": 245, "prediction_tokens": 513802240, "loss": 2.550372362136841, "lr": 6e-05, "grad_norm": 0.045817043632268906, "step_seconds": 12.958378618583083, "tokens_per_second": 161837.53089237257, "mfu": 0.7705581250546486, "elapsed_seconds": 3257.682362295687, "unix": 1789446539.47529, "ddp_buckets_rebuilt": false}
{"step": 246, "prediction_tokens": 515899392, "loss": 2.6013236045837402, "lr": 6e-05, "grad_norm": 0.051775041967630386, "step_seconds": 12.972969039343297, "tokens_per_second": 161655.51568341363, "mfu": 0.7696914948152135, "elapsed_seconds": 3270.6772811198607, "unix": 1789446552.4702096, "ddp_buckets_rebuilt": false}
{"step": 247, "prediction_tokens": 517996544, "loss": 2.6193599700927734, "lr": 6e-05, "grad_norm": 0.04053850099444389, "step_seconds": 12.969974090345204, "tokens_per_second": 161692.8442101601, "mfu": 0.7698692273808441, "elapsed_seconds": 3283.6649238253012, "unix": 1789446565.4578493, "ddp_buckets_rebuilt": false}
{"step": 248, "prediction_tokens": 520093696, "loss": 2.5509510040283203, "lr": 6e-05, "grad_norm": 0.04121996834874153, "step_seconds": 12.944010651670396, "tokens_per_second": 162017.1719906123, "mfu": 0.7714134514247376, "elapsed_seconds": 3296.624828023836, "unix": 1789446578.4177535, "ddp_buckets_rebuilt": false}
{"step": 249, "prediction_tokens": 522190848, "loss": 2.6045889854431152, "lr": 6e-05, "grad_norm": 0.041934579610824585, "step_seconds": 12.973839087411761, "tokens_per_second": 161644.67478518534, "mfu": 0.7696398779735165, "elapsed_seconds": 3309.6169031830505, "unix": 1789446591.409833, "ddp_buckets_rebuilt": false}
{"step": 250, "prediction_tokens": 524288000, "loss": 2.5967586040496826, "lr": 6e-05, "grad_norm": 0.04124985635280609, "step_seconds": 13.083499376662076, "tokens_per_second": 160289.83833949137, "mfu": 0.7631890860861642, "elapsed_seconds": 3322.7188190501183, "unix": 1789446604.5117474, "ddp_buckets_rebuilt": false}
{"step": 251, "prediction_tokens": 526385152, "loss": 2.626101493835449, "lr": 6e-05, "grad_norm": 0.040164753794670105, "step_seconds": 12.980003873817623, "tokens_per_second": 161567.90247422282, "mfu": 0.7692743414526292, "elapsed_seconds": 3335.7200382445008, "unix": 1789446617.512965, "ddp_buckets_rebuilt": false}
{"step": 252, "prediction_tokens": 528482304, "loss": 2.5661745071411133, "lr": 6e-05, "grad_norm": 0.0420508086681366, "step_seconds": 12.970725639723241, "tokens_per_second": 161683.47540845428, "mfu": 0.7698246196422271, "elapsed_seconds": 3348.708016462624, "unix": 1789446630.500942, "ddp_buckets_rebuilt": false}
{"step": 253, "prediction_tokens": 530579456, "loss": 2.520477533340454, "lr": 6e-05, "grad_norm": 0.0433812141418457, "step_seconds": 12.966151268221438, "tokens_per_second": 161740.51625788765, "mfu": 0.7700962086225368, "elapsed_seconds": 3361.693402714096, "unix": 1789446643.4863293, "ddp_buckets_rebuilt": false}
{"step": 254, "prediction_tokens": 532676608, "loss": 2.57379150390625, "lr": 6e-05, "grad_norm": 0.0434972420334816, "step_seconds": 12.971233654767275, "tokens_per_second": 161677.14311654857, "mfu": 0.7697944696581582, "elapsed_seconds": 3374.6844364590943, "unix": 1789446656.4773655, "ddp_buckets_rebuilt": false}
{"step": 255, "prediction_tokens": 534773760, "loss": 2.557708501815796, "lr": 6e-05, "grad_norm": 0.06489107012748718, "step_seconds": 12.959935109131038, "tokens_per_second": 161818.09417567475, "mfu": 0.77046558088462, "elapsed_seconds": 3387.665611206554, "unix": 1789446669.4585347, "ddp_buckets_rebuilt": false}
{"step": 256, "prediction_tokens": 536870912, "loss": 2.385241746902466, "lr": 6e-05, "grad_norm": 0.0884002149105072, "step_seconds": 12.955812119878829, "tokens_per_second": 161869.59031168892, "mfu": 0.7707107697836093, "elapsed_seconds": 3400.6436117999256, "unix": 1789446682.4365356, "ddp_buckets_rebuilt": false}
{"step": 257, "prediction_tokens": 538968064, "loss": 2.3989782333374023, "lr": 6e-05, "grad_norm": 0.08172497153282166, "step_seconds": 12.93238303437829, "tokens_per_second": 162162.84302940292, "mfu": 0.7721070359221428, "elapsed_seconds": 3413.5911203520373, "unix": 1789446695.3840451, "ddp_buckets_rebuilt": false}
{"step": 258, "prediction_tokens": 541065216, "loss": 2.4819393157958984, "lr": 6e-05, "grad_norm": 0.061626676470041275, "step_seconds": 12.962536334991455, "tokens_per_second": 161785.62171809585, "mfu": 0.7703109695538, "elapsed_seconds": 3426.571727618575, "unix": 1789446708.3646567, "ddp_buckets_rebuilt": false}
{"step": 259, "prediction_tokens": 543162368, "loss": 2.6342408657073975, "lr": 6e-05, "grad_norm": 0.04530895873904228, "step_seconds": 12.948811350390315, "tokens_per_second": 161957.10503858607, "mfu": 0.771127454241786, "elapsed_seconds": 3439.5411745375022, "unix": 1789446721.334099, "ddp_buckets_rebuilt": false}
{"step": 260, "prediction_tokens": 545259520, "loss": 2.600905418395996, "lr": 6e-05, "grad_norm": 0.048422981053590775, "step_seconds": 12.93483650777489, "tokens_per_second": 162132.08406147544, "mfu": 0.7719605830411324, "elapsed_seconds": 3452.4939622757956, "unix": 1789446734.2868862, "ddp_buckets_rebuilt": false}
{"step": 261, "prediction_tokens": 547356672, "loss": 2.5923173427581787, "lr": 6e-05, "grad_norm": 0.06777996569871902, "step_seconds": 12.964646489359438, "tokens_per_second": 161759.28913458687, "mfu": 0.7701855920467122, "elapsed_seconds": 3465.4761709915474, "unix": 1789446747.2690969, "ddp_buckets_rebuilt": false}
{"step": 262, "prediction_tokens": 549453824, "loss": 2.6302554607391357, "lr": 6e-05, "grad_norm": 0.056465938687324524, "step_seconds": 12.954318474978209, "tokens_per_second": 161888.25402515262, "mfu": 0.7707996334481366, "elapsed_seconds": 3478.4483502320945, "unix": 1789446760.2412803, "ddp_buckets_rebuilt": false}
{"step": 263, "prediction_tokens": 551550976, "loss": 2.651228427886963, "lr": 6e-05, "grad_norm": 0.047974880784749985, "step_seconds": 12.949799248948693, "tokens_per_second": 161944.74985164372, "mfu": 0.7710686274070431, "elapsed_seconds": 3491.418349597603, "unix": 1789446773.211274, "ddp_buckets_rebuilt": false}
{"step": 264, "prediction_tokens": 553648128, "loss": 2.5503153800964355, "lr": 6e-05, "grad_norm": 0.049630675464868546, "step_seconds": 12.956300972029567, "tokens_per_second": 161863.48283567908, "mfu": 0.7706816902169785, "elapsed_seconds": 3504.394517899491, "unix": 1789446786.1874428, "ddp_buckets_rebuilt": false}
{"step": 265, "prediction_tokens": 555745280, "loss": 2.6419334411621094, "lr": 6e-05, "grad_norm": 0.049814991652965546, "step_seconds": 12.94934219494462, "tokens_per_second": 161950.465778773, "mfu": 0.7710958426893538, "elapsed_seconds": 3517.3630800545216, "unix": 1789446799.156008, "ddp_buckets_rebuilt": false}
{"step": 266, "prediction_tokens": 557842432, "loss": 2.483184337615967, "lr": 6e-05, "grad_norm": 0.053824327886104584, "step_seconds": 12.92718196194619, "tokens_per_second": 162228.08700097183, "mfu": 0.7724176824830861, "elapsed_seconds": 3530.3085051616654, "unix": 1789446812.1014335, "ddp_buckets_rebuilt": false}
{"step": 267, "prediction_tokens": 559939584, "loss": 2.6083195209503174, "lr": 6e-05, "grad_norm": 0.04418168216943741, "step_seconds": 12.949546026997268, "tokens_per_second": 161947.91660092553, "mfu": 0.7710837052717118, "elapsed_seconds": 3543.278044750914, "unix": 1789446825.07097, "ddp_buckets_rebuilt": false}
{"step": 268, "prediction_tokens": 562036736, "loss": 2.6469366550445557, "lr": 6e-05, "grad_norm": 0.04318654537200928, "step_seconds": 12.963668880052865, "tokens_per_second": 161771.4876401138, "mfu": 0.7702436728731774, "elapsed_seconds": 3556.2606619745493, "unix": 1789446838.053586, "ddp_buckets_rebuilt": false}
{"step": 269, "prediction_tokens": 564133888, "loss": 2.478912591934204, "lr": 6e-05, "grad_norm": 0.06331802159547806, "step_seconds": 12.940392015501857, "tokens_per_second": 162062.47828409917, "mfu": 0.7716291685848422, "elapsed_seconds": 3569.2311925804242, "unix": 1789446851.0241191, "ddp_buckets_rebuilt": false}
{"step": 270, "prediction_tokens": 566231040, "loss": 2.5829169750213623, "lr": 6e-05, "grad_norm": 0.04335631802678108, "step_seconds": 12.9391820570454, "tokens_per_second": 162077.6329411099, "mfu": 0.771701324555263, "elapsed_seconds": 3582.188008254394, "unix": 1789446863.9809375, "ddp_buckets_rebuilt": false}
{"step": 271, "prediction_tokens": 568328192, "loss": 2.586843967437744, "lr": 6e-05, "grad_norm": 0.04373602196574211, "step_seconds": 12.934449339285493, "tokens_per_second": 162136.93718142065, "mfu": 0.7719836902337904, "elapsed_seconds": 3595.142410375178, "unix": 1789446876.9353364, "ddp_buckets_rebuilt": false}
{"step": 272, "prediction_tokens": 570425344, "loss": 2.635817050933838, "lr": 6e-05, "grad_norm": 0.03931635990738869, "step_seconds": 12.938858676701784, "tokens_per_second": 162081.68374048432, "mfu": 0.7717206116535874, "elapsed_seconds": 3608.099039246328, "unix": 1789446889.8919637, "ddp_buckets_rebuilt": false}
{"step": 273, "prediction_tokens": 572522496, "loss": 2.6041152477264404, "lr": 6e-05, "grad_norm": 0.04209033027291298, "step_seconds": 12.903770263306797, "tokens_per_second": 162522.42230036197, "mfu": 0.7738191031250401, "elapsed_seconds": 3621.0225901072845, "unix": 1789446902.8155162, "ddp_buckets_rebuilt": false}
{"step": 274, "prediction_tokens": 574619648, "loss": 2.5678882598876953, "lr": 6e-05, "grad_norm": 0.04012107476592064, "step_seconds": 12.940579891204834, "tokens_per_second": 162060.12540638505, "mfu": 0.7716179658123463, "elapsed_seconds": 3633.9825584301725, "unix": 1789446915.7754877, "ddp_buckets_rebuilt": false}
{"step": 275, "prediction_tokens": 576716800, "loss": 2.6216907501220703, "lr": 6e-05, "grad_norm": 0.0396973118185997, "step_seconds": 12.917964909225702, "tokens_per_second": 162343.837805463, "mfu": 0.7729688075675486, "elapsed_seconds": 3646.9233294716105, "unix": 1789446928.7162547, "ddp_buckets_rebuilt": false}
{"step": 276, "prediction_tokens": 578813952, "loss": 2.6095306873321533, "lr": 6e-05, "grad_norm": 0.039496444165706635, "step_seconds": 12.941464797593653, "tokens_per_second": 162049.0441228837, "mfu": 0.7715652044226308, "elapsed_seconds": 3659.8827399006113, "unix": 1789446941.6756651, "ddp_buckets_rebuilt": false}
{"step": 277, "prediction_tokens": 580911104, "loss": 2.602569341659546, "lr": 6e-05, "grad_norm": 0.03996069356799126, "step_seconds": 12.935057206079364, "tokens_per_second": 162129.3177593646, "mfu": 0.7719474118282739, "elapsed_seconds": 3672.8370555983856, "unix": 1789446954.629983, "ddp_buckets_rebuilt": false}
{"step": 278, "prediction_tokens": 583008256, "loss": 2.590391159057617, "lr": 6e-05, "grad_norm": 0.04061546549201012, "step_seconds": 12.948692961595953, "tokens_per_second": 161958.58579857173, "mfu": 0.7711345045942716, "elapsed_seconds": 3685.804708887823, "unix": 1789446967.597633, "ddp_buckets_rebuilt": false}
{"step": 279, "prediction_tokens": 585105408, "loss": 2.577723979949951, "lr": 6e-05, "grad_norm": 0.04356323927640915, "step_seconds": 12.952715402469039, "tokens_per_second": 161908.28987103677, "mfu": 0.7708950302559923, "elapsed_seconds": 3698.776284016669, "unix": 1789446980.569209, "ddp_buckets_rebuilt": false}
{"step": 280, "prediction_tokens": 587202560, "loss": 2.6168277263641357, "lr": 6e-05, "grad_norm": 0.047213997691869736, "step_seconds": 12.95318322815001, "tokens_per_second": 161902.4422848003, "mfu": 0.7708671881042884, "elapsed_seconds": 3711.749652946368, "unix": 1789446993.5425768, "ddp_buckets_rebuilt": false}
{"step": 281, "prediction_tokens": 589299712, "loss": 2.5378623008728027, "lr": 6e-05, "grad_norm": 0.048458345234394073, "step_seconds": 13.038844822905958, "tokens_per_second": 160838.78813526744, "mfu": 0.7658028044433953, "elapsed_seconds": 3724.8070985348895, "unix": 1789447006.6000242, "ddp_buckets_rebuilt": false}
{"step": 282, "prediction_tokens": 591396864, "loss": 2.5972933769226074, "lr": 6e-05, "grad_norm": 0.04044566676020622, "step_seconds": 12.950699063017964, "tokens_per_second": 161933.49793669675, "mfu": 0.7710150535886772, "elapsed_seconds": 3737.7729492979124, "unix": 1789447019.5658755, "ddp_buckets_rebuilt": false}
{"step": 283, "prediction_tokens": 593494016, "loss": 2.5506772994995117, "lr": 6e-05, "grad_norm": 0.04326334223151207, "step_seconds": 12.967862596735358, "tokens_per_second": 161719.17186475705, "mfu": 0.7699945814198698, "elapsed_seconds": 3750.7635560324416, "unix": 1789447032.556484, "ddp_buckets_rebuilt": false}
{"step": 284, "prediction_tokens": 595591168, "loss": 2.60955548286438, "lr": 6e-05, "grad_norm": 0.04216991364955902, "step_seconds": 12.977479794993997, "tokens_per_second": 161599.32692085305, "mfu": 0.7694239628818661, "elapsed_seconds": 3763.7552702752873, "unix": 1789447045.5481958, "ddp_buckets_rebuilt": false}
{"step": 285, "prediction_tokens": 597688320, "loss": 2.6063895225524902, "lr": 6e-05, "grad_norm": 0.04273596778512001, "step_seconds": 12.968477103859186, "tokens_per_second": 161711.5088537208, "mfu": 0.7699580954738484, "elapsed_seconds": 3776.7390647763386, "unix": 1789447058.5319905, "ddp_buckets_rebuilt": false}
{"step": 286, "prediction_tokens": 599785472, "loss": 2.5792672634124756, "lr": 6e-05, "grad_norm": 0.040201421827077866, "step_seconds": 12.955316950567067, "tokens_per_second": 161875.77718105968, "mfu": 0.7707402273663838, "elapsed_seconds": 3789.717152427882, "unix": 1789447071.5100834, "ddp_buckets_rebuilt": false}
{"step": 287, "prediction_tokens": 601882624, "loss": 2.5938966274261475, "lr": 6e-05, "grad_norm": 0.04144706949591637, "step_seconds": 12.975598828867078, "tokens_per_second": 161622.75264972151, "mfu": 0.7695354999623899, "elapsed_seconds": 3802.711690193042, "unix": 1789447084.504616, "ddp_buckets_rebuilt": false}
{"step": 288, "prediction_tokens": 603979776, "loss": 2.596757411956787, "lr": 6e-05, "grad_norm": 0.0407145731151104, "step_seconds": 12.966938234865665, "tokens_per_second": 161730.70018650597, "mfu": 0.770049471295802, "elapsed_seconds": 3815.6951222410426, "unix": 1789447097.4880476, "ddp_buckets_rebuilt": false}
{"step": 289, "prediction_tokens": 606076928, "loss": 2.5892302989959717, "lr": 6e-05, "grad_norm": 0.0387505441904068, "step_seconds": 12.939504249952734, "tokens_per_second": 162073.59721742512, "mfu": 0.7716821092369209, "elapsed_seconds": 3828.6534421695396, "unix": 1789447110.44637, "ddp_buckets_rebuilt": false}
{"step": 290, "prediction_tokens": 608174080, "loss": 2.602503776550293, "lr": 6e-05, "grad_norm": 0.03961538150906563, "step_seconds": 12.978498986922204, "tokens_per_second": 161586.6366452081, "mfu": 0.7693635405870284, "elapsed_seconds": 3841.649487390183, "unix": 1789447123.4424133, "ddp_buckets_rebuilt": false}
{"step": 291, "prediction_tokens": 610271232, "loss": 2.5593862533569336, "lr": 6e-05, "grad_norm": 0.0399569496512413, "step_seconds": 12.971617130562663, "tokens_per_second": 161672.36350654092, "mfu": 0.7697717124688606, "elapsed_seconds": 3854.640484620817, "unix": 1789447136.4334126, "ddp_buckets_rebuilt": false}
{"step": 292, "prediction_tokens": 612368384, "loss": 2.624176263809204, "lr": 6e-05, "grad_norm": 0.038610417395830154, "step_seconds": 12.980651424266398, "tokens_per_second": 161559.8425268184, "mfu": 0.7692359655708065, "elapsed_seconds": 3867.641830100678, "unix": 1789447149.4347556, "ddp_buckets_rebuilt": false}
{"step": 293, "prediction_tokens": 614465536, "loss": 2.6339380741119385, "lr": 6e-05, "grad_norm": 0.03860948979854584, "step_seconds": 12.97897616494447, "tokens_per_second": 161580.69583826626, "mfu": 0.7693352545829526, "elapsed_seconds": 3880.640353584662, "unix": 1789447162.433282, "ddp_buckets_rebuilt": false}
{"step": 294, "prediction_tokens": 616562688, "loss": 2.5677688121795654, "lr": 6e-05, "grad_norm": 0.03944214805960655, "step_seconds": 12.966796630062163, "tokens_per_second": 161732.46637785406, "mfu": 0.7700578806745547, "elapsed_seconds": 3893.6313262153417, "unix": 1789447175.424253, "ddp_buckets_rebuilt": false}
{"step": 295, "prediction_tokens": 618659840, "loss": 2.59421706199646, "lr": 6e-05, "grad_norm": 0.045150451362133026, "step_seconds": 12.960387983359396, "tokens_per_second": 161812.439773613, "mfu": 0.7704386585420276, "elapsed_seconds": 3906.610131717287, "unix": 1789447188.403059, "ddp_buckets_rebuilt": false}
{"step": 296, "prediction_tokens": 620756992, "loss": 2.583481788635254, "lr": 6e-05, "grad_norm": 0.04080900177359581, "step_seconds": 12.939575644209981, "tokens_per_second": 162072.70297449082, "mfu": 0.7716778514720193, "elapsed_seconds": 3919.567618583329, "unix": 1789447201.360543, "ddp_buckets_rebuilt": false}
{"step": 297, "prediction_tokens": 622854144, "loss": 2.6264796257019043, "lr": 6e-05, "grad_norm": 0.04519056901335716, "step_seconds": 12.947152112610638, "tokens_per_second": 161977.86059509998, "mfu": 0.771226277812707, "elapsed_seconds": 3932.531852210872, "unix": 1789447214.3247766, "ddp_buckets_rebuilt": false}
{"step": 298, "prediction_tokens": 624951296, "loss": 2.613677501678467, "lr": 6e-05, "grad_norm": 0.0435321182012558, "step_seconds": 12.968376282602549, "tokens_per_second": 161712.7660625787, "mfu": 0.769964081430845, "elapsed_seconds": 3945.518504695967, "unix": 1789447227.311435, "ddp_buckets_rebuilt": false}
{"step": 299, "prediction_tokens": 627048448, "loss": 2.6094446182250977, "lr": 6e-05, "grad_norm": 0.04503795504570007, "step_seconds": 12.94493640679866, "tokens_per_second": 162005.58535757495, "mfu": 0.7713582839108754, "elapsed_seconds": 3958.479894015938, "unix": 1789447240.2728188, "ddp_buckets_rebuilt": false}
{"step": 300, "prediction_tokens": 629145600, "loss": 2.606325626373291, "lr": 6e-05, "grad_norm": 0.039516571909189224, "step_seconds": 12.981954611837864, "tokens_per_second": 161543.62441597728, "mfu": 0.7691587461705058, "elapsed_seconds": 3971.4807912055403, "unix": 1789447253.2737176, "ddp_buckets_rebuilt": false}
{"step": 301, "prediction_tokens": 631242752, "loss": 2.5890140533447266, "lr": 6e-05, "grad_norm": 0.04154277965426445, "step_seconds": 12.955861336551607, "tokens_per_second": 161868.97540215476, "mfu": 0.7707078420107059, "elapsed_seconds": 3984.4562347438186, "unix": 1789447266.2491627, "ddp_buckets_rebuilt": false}
{"step": 302, "prediction_tokens": 633339904, "loss": 2.5532472133636475, "lr": 6e-05, "grad_norm": 0.04027320072054863, "step_seconds": 12.972795204259455, "tokens_per_second": 161657.68186268958, "mfu": 0.7697018086591791, "elapsed_seconds": 3997.4456089911982, "unix": 1789447279.2385383, "ddp_buckets_rebuilt": false}
{"step": 303, "prediction_tokens": 635437056, "loss": 2.5728936195373535, "lr": 6e-05, "grad_norm": 0.04074594005942345, "step_seconds": 12.961556986905634, "tokens_per_second": 161797.8459006615, "mfu": 0.7703691726365223, "elapsed_seconds": 4010.4281013049185, "unix": 1789447292.221026, "ddp_buckets_rebuilt": false}
{"step": 304, "prediction_tokens": 637534208, "loss": 2.5261807441711426, "lr": 6e-05, "grad_norm": 0.046087272465229034, "step_seconds": 12.956351047381759, "tokens_per_second": 161862.85724511888, "mfu": 0.7706787115884338, "elapsed_seconds": 4023.4047809569165, "unix": 1789447305.1977086, "ddp_buckets_rebuilt": false}
{"step": 305, "prediction_tokens": 639631360, "loss": 2.539505958557129, "lr": 6e-05, "grad_norm": 0.040633294731378555, "step_seconds": 12.924744518473744, "tokens_per_second": 162258.68116793138, "mfu": 0.7725633506961387, "elapsed_seconds": 4036.3500416530296, "unix": 1789447318.1429694, "ddp_buckets_rebuilt": false}
{"step": 306, "prediction_tokens": 641728512, "loss": 2.5276434421539307, "lr": 6e-05, "grad_norm": 0.040562182664871216, "step_seconds": 12.968586949631572, "tokens_per_second": 161710.13913428545, "mfu": 0.7699515738194822, "elapsed_seconds": 4049.341274733655, "unix": 1789447331.1342041, "ddp_buckets_rebuilt": false}
{"step": 307, "prediction_tokens": 643825664, "loss": 2.565553665161133, "lr": 6e-05, "grad_norm": 0.039756372570991516, "step_seconds": 12.962691640481353, "tokens_per_second": 161783.6833710352, "mfu": 0.7703017404888944, "elapsed_seconds": 4062.3202655268833, "unix": 1789447344.1131926, "ddp_buckets_rebuilt": false}
{"step": 308, "prediction_tokens": 645922816, "loss": 2.579805850982666, "lr": 6e-05, "grad_norm": 0.04352011904120445, "step_seconds": 12.983121313154697, "tokens_per_second": 161529.10763262556, "mfu": 0.769089627312231, "elapsed_seconds": 4075.321612057276, "unix": 1789447357.1145382, "ddp_buckets_rebuilt": false}
{"step": 309, "prediction_tokens": 648019968, "loss": 2.5320518016815186, "lr": 6e-05, "grad_norm": 0.044866327196359634, "step_seconds": 12.933036480098963, "tokens_per_second": 162154.64970094577, "mfu": 0.7720680249722162, "elapsed_seconds": 4088.2724179234356, "unix": 1789447370.0653434, "ddp_buckets_rebuilt": false}
{"step": 310, "prediction_tokens": 650117120, "loss": 2.6209988594055176, "lr": 6e-05, "grad_norm": 0.049522217363119125, "step_seconds": 12.983555592596531, "tokens_per_second": 161523.7047389265, "mfu": 0.7690639024780983, "elapsed_seconds": 4101.273279974237, "unix": 1789447383.0662088, "ddp_buckets_rebuilt": false}
{"step": 311, "prediction_tokens": 652214272, "loss": 2.6365256309509277, "lr": 6e-05, "grad_norm": 0.040178656578063965, "step_seconds": 13.100155532360077, "tokens_per_second": 160086.0382779123, "mfu": 0.7622187314813301, "elapsed_seconds": 4114.394802235998, "unix": 1789447396.1877291, "ddp_buckets_rebuilt": false}
{"step": 312, "prediction_tokens": 654311424, "loss": 2.6175360679626465, "lr": 6e-05, "grad_norm": 0.043262630701065063, "step_seconds": 12.967693188227713, "tokens_per_second": 161721.28454610796, "mfu": 0.7700046405438049, "elapsed_seconds": 4127.379091675393, "unix": 1789447409.1720183, "ddp_buckets_rebuilt": false}
{"step": 313, "prediction_tokens": 656408576, "loss": 2.5900089740753174, "lr": 6e-05, "grad_norm": 0.04082617536187172, "step_seconds": 12.982389143668115, "tokens_per_second": 161538.2174106868, "mfu": 0.7691330017598255, "elapsed_seconds": 4140.376138044521, "unix": 1789447422.1690657, "ddp_buckets_rebuilt": false}
{"step": 314, "prediction_tokens": 658505728, "loss": 2.5372862815856934, "lr": 6e-05, "grad_norm": 0.04558314010500908, "step_seconds": 12.918553596362472, "tokens_per_second": 162336.43993941424, "mfu": 0.7729335840581406, "elapsed_seconds": 4153.308795759454, "unix": 1789447435.1017256, "ddp_buckets_rebuilt": false}
{"step": 315, "prediction_tokens": 660602880, "loss": 2.5761184692382812, "lr": 6e-05, "grad_norm": 0.04313606396317482, "step_seconds": 12.959341463632882, "tokens_per_second": 161825.50678868423, "mfu": 0.7705008746088313, "elapsed_seconds": 4166.284210866317, "unix": 1789447448.0771356, "ddp_buckets_rebuilt": false}
{"step": 316, "prediction_tokens": 662700032, "loss": 2.5715596675872803, "lr": 6e-05, "grad_norm": 0.04220011457800865, "step_seconds": 12.93100630119443, "tokens_per_second": 162180.10811782585, "mfu": 0.7721892403038503, "elapsed_seconds": 4179.229751183651, "unix": 1789447461.0226777, "ddp_buckets_rebuilt": false}
{"step": 317, "prediction_tokens": 664797184, "loss": 2.6189606189727783, "lr": 6e-05, "grad_norm": 0.05334002524614334, "step_seconds": 12.956571100279689, "tokens_per_second": 161860.10818516093, "mfu": 0.770665622470754, "elapsed_seconds": 4192.2039866466075, "unix": 1789447473.9969153, "ddp_buckets_rebuilt": false}
{"step": 318, "prediction_tokens": 666894336, "loss": 2.6118106842041016, "lr": 6e-05, "grad_norm": 0.05284074321389198, "step_seconds": 12.97540711145848, "tokens_per_second": 161625.14069774517, "mfu": 0.7695468701915171, "elapsed_seconds": 4205.197204429656, "unix": 1789447486.990133, "ddp_buckets_rebuilt": false}
{"step": 319, "prediction_tokens": 668991488, "loss": 2.5952975749969482, "lr": 6e-05, "grad_norm": 0.05852968245744705, "step_seconds": 12.972021297551692, "tokens_per_second": 161667.32630910893, "mfu": 0.7697477288268257, "elapsed_seconds": 4218.1895659072325, "unix": 1789447499.9824927, "ddp_buckets_rebuilt": false}
{"step": 320, "prediction_tokens": 671088640, "loss": 2.5762252807617188, "lr": 6e-05, "grad_norm": 0.04747065529227257, "step_seconds": 12.9627380752936, "tokens_per_second": 161783.10383336974, "mfu": 0.7702989811323074, "elapsed_seconds": 4231.170568052679, "unix": 1789447512.9634995, "ddp_buckets_rebuilt": false}
{"step": 321, "prediction_tokens": 673185792, "loss": 2.5826520919799805, "lr": 6e-05, "grad_norm": 0.0476403571665287, "step_seconds": 12.966444837860763, "tokens_per_second": 161736.85433624175, "mfu": 0.7700787730903584, "elapsed_seconds": 4244.153353115544, "unix": 1789447525.9462864, "ddp_buckets_rebuilt": false}
{"step": 322, "prediction_tokens": 675282944, "loss": 2.551251173019409, "lr": 6e-05, "grad_norm": 0.043237026780843735, "step_seconds": 12.946502384729683, "tokens_per_second": 161985.98954985535, "mfu": 0.7712649822596942, "elapsed_seconds": 4257.118119828403, "unix": 1789447538.9110498, "ddp_buckets_rebuilt": false}
{"step": 323, "prediction_tokens": 677380096, "loss": 2.5742335319519043, "lr": 6e-05, "grad_norm": 0.04015212506055832, "step_seconds": 12.963349090889096, "tokens_per_second": 161775.47833483253, "mfu": 0.7702626737948001, "elapsed_seconds": 4270.099895861, "unix": 1789447551.892821, "ddp_buckets_rebuilt": false}
{"step": 324, "prediction_tokens": 679477248, "loss": 2.544452428817749, "lr": 6e-05, "grad_norm": 0.04899100214242935, "step_seconds": 12.957616494037211, "tokens_per_second": 161847.04964567054, "mfu": 0.7706034467587904, "elapsed_seconds": 4283.078315433115, "unix": 1789447564.871242, "ddp_buckets_rebuilt": false}
{"step": 325, "prediction_tokens": 681574400, "loss": 2.5013177394866943, "lr": 6e-05, "grad_norm": 0.04967176914215088, "step_seconds": 12.959152383729815, "tokens_per_second": 161827.86789612638, "mfu": 0.7705121165655867, "elapsed_seconds": 4296.055165118538, "unix": 1789447577.8480947, "ddp_buckets_rebuilt": false}
{"step": 326, "prediction_tokens": 683671552, "loss": 2.517435312271118, "lr": 6e-05, "grad_norm": 0.04219181090593338, "step_seconds": 12.940123518928885, "tokens_per_second": 162065.84094288392, "mfu": 0.7716451792347456, "elapsed_seconds": 4309.0231414670125, "unix": 1789447590.8160708, "ddp_buckets_rebuilt": false}
{"step": 327, "prediction_tokens": 685768704, "loss": 2.504915714263916, "lr": 6e-05, "grad_norm": 0.043332550674676895, "step_seconds": 12.959635273553431, "tokens_per_second": 161821.83801728065, "mfu": 0.7704834064628555, "elapsed_seconds": 4322.002283085138, "unix": 1789447603.795209, "ddp_buckets_rebuilt": false}
{"step": 328, "prediction_tokens": 687865856, "loss": 2.499357223510742, "lr": 6e-05, "grad_norm": 0.04836739972233772, "step_seconds": 12.955324061214924, "tokens_per_second": 161875.68833406188, "mfu": 0.7707398043385754, "elapsed_seconds": 4334.977760975249, "unix": 1789447616.7706861, "ddp_buckets_rebuilt": false}
{"step": 329, "prediction_tokens": 689963008, "loss": 2.5290896892547607, "lr": 6e-05, "grad_norm": 0.04302380606532097, "step_seconds": 12.937445227056742, "tokens_per_second": 162099.39158730648, "mfu": 0.7718049241438412, "elapsed_seconds": 4347.935571374372, "unix": 1789447629.7285001, "ddp_buckets_rebuilt": false}
{"step": 330, "prediction_tokens": 692060160, "loss": 2.4796595573425293, "lr": 6e-05, "grad_norm": 0.04490789771080017, "step_seconds": 12.943668303079903, "tokens_per_second": 162021.45720166437, "mfu": 0.7714338546289607, "elapsed_seconds": 4360.898535311222, "unix": 1789447642.6914637, "ddp_buckets_rebuilt": false}
{"step": 331, "prediction_tokens": 694157312, "loss": 2.5853233337402344, "lr": 6e-05, "grad_norm": 0.03952210023999214, "step_seconds": 12.948916074819863, "tokens_per_second": 161955.79520961366, "mfu": 0.7711212177442841, "elapsed_seconds": 4373.865097225644, "unix": 1789447655.658021, "ddp_buckets_rebuilt": false}
{"step": 332, "prediction_tokens": 696254464, "loss": 2.5525999069213867, "lr": 6e-05, "grad_norm": 0.03969087451696396, "step_seconds": 12.949225434102118, "tokens_per_second": 161951.92605706718, "mfu": 0.7711027955222239, "elapsed_seconds": 4386.832005203702, "unix": 1789447668.6249347, "ddp_buckets_rebuilt": false}
{"step": 333, "prediction_tokens": 698351616, "loss": 2.5850799083709717, "lr": 6e-05, "grad_norm": 0.04082043841481209, "step_seconds": 12.94337294716388, "tokens_per_second": 162025.1543829248, "mfu": 0.7714514580429793, "elapsed_seconds": 4399.797500160523, "unix": 1789447681.5904295, "ddp_buckets_rebuilt": false}
{"step": 334, "prediction_tokens": 700448768, "loss": 2.56217622756958, "lr": 6e-05, "grad_norm": 0.043155238032341, "step_seconds": 12.919359429739416, "tokens_per_second": 162326.3143505792, "mfu": 0.7728853730238721, "elapsed_seconds": 4412.7334308875725, "unix": 1789447694.5263565, "ddp_buckets_rebuilt": false}
{"step": 335, "prediction_tokens": 702545920, "loss": 2.517605781555176, "lr": 6e-05, "grad_norm": 0.07128947228193283, "step_seconds": 12.939499763771892, "tokens_per_second": 162073.65340904615, "mfu": 0.7716823767824642, "elapsed_seconds": 4425.692830066197, "unix": 1789447707.4857554, "ddp_buckets_rebuilt": false}
{"step": 336, "prediction_tokens": 704643072, "loss": 2.580423355102539, "lr": 6e-05, "grad_norm": 0.039198119193315506, "step_seconds": 12.935467862524092, "tokens_per_second": 162124.17071327977, "mfu": 0.7719229051631089, "elapsed_seconds": 4438.650865093805, "unix": 1789447720.4437919, "ddp_buckets_rebuilt": false}
{"step": 337, "prediction_tokens": 706740224, "loss": 2.514828681945801, "lr": 6e-05, "grad_norm": 0.04427932947874069, "step_seconds": 12.887655346654356, "tokens_per_second": 162725.64276359408, "mfu": 0.774786698084364, "elapsed_seconds": 4451.558426342905, "unix": 1789447733.351354, "ddp_buckets_rebuilt": false}
{"step": 338, "prediction_tokens": 708837376, "loss": 2.5203287601470947, "lr": 6e-05, "grad_norm": 0.044739507138729095, "step_seconds": 12.90487698186189, "tokens_per_second": 162508.48442395823, "mfu": 0.7737527406203129, "elapsed_seconds": 4464.486829786561, "unix": 1789447746.2797542, "ddp_buckets_rebuilt": false}
{"step": 339, "prediction_tokens": 710934528, "loss": 2.562755584716797, "lr": 6e-05, "grad_norm": 0.04356269910931587, "step_seconds": 12.876968495547771, "tokens_per_second": 162860.6919963416, "mfu": 0.7754297089051679, "elapsed_seconds": 4477.380975344218, "unix": 1789447759.173899, "ddp_buckets_rebuilt": false}
{"step": 340, "prediction_tokens": 713031680, "loss": 2.5965542793273926, "lr": 6e-05, "grad_norm": 0.04220534488558769, "step_seconds": 12.935413863509893, "tokens_per_second": 162124.84750224752, "mfu": 0.7719261275629762, "elapsed_seconds": 4490.332718721591, "unix": 1789447772.1256478, "ddp_buckets_rebuilt": false}
{"step": 341, "prediction_tokens": 715128832, "loss": 2.4601049423217773, "lr": 6e-05, "grad_norm": 0.06267330795526505, "step_seconds": 12.94561777357012, "tokens_per_second": 161997.05851671, "mfu": 0.7713176850060768, "elapsed_seconds": 4503.2965112430975, "unix": 1789447785.0894375, "ddp_buckets_rebuilt": false}
{"step": 342, "prediction_tokens": 717225984, "loss": 2.515580892562866, "lr": 6e-05, "grad_norm": 0.047046322375535965, "step_seconds": 13.046120099723339, "tokens_per_second": 160749.09505428153, "mfu": 0.7653757481732348, "elapsed_seconds": 4516.358988841064, "unix": 1789447798.1519127, "ddp_buckets_rebuilt": false}
{"step": 343, "prediction_tokens": 719323136, "loss": 2.5787346363067627, "lr": 6e-05, "grad_norm": 0.042507100850343704, "step_seconds": 12.918270229361951, "tokens_per_second": 162340.00084882733, "mfu": 0.7729505386400953, "elapsed_seconds": 4529.295081468299, "unix": 1789447811.0880077, "ddp_buckets_rebuilt": false}
{"step": 344, "prediction_tokens": 721420288, "loss": 2.549886703491211, "lr": 6e-05, "grad_norm": 0.04898097738623619, "step_seconds": 12.928952038288116, "tokens_per_second": 162205.87668586304, "mfu": 0.7723119323602763, "elapsed_seconds": 4542.239436262287, "unix": 1789447824.032364, "ddp_buckets_rebuilt": false}
{"step": 345, "prediction_tokens": 723517440, "loss": 2.6415722370147705, "lr": 6e-05, "grad_norm": 0.048041410744190216, "step_seconds": 12.916977495886385, "tokens_per_second": 162356.2478658704, "mfu": 0.7730278956716898, "elapsed_seconds": 4555.174858862534, "unix": 1789447836.9677837, "ddp_buckets_rebuilt": false}
{"step": 346, "prediction_tokens": 725614592, "loss": 2.5815837383270264, "lr": 6e-05, "grad_norm": 0.042283814400434494, "step_seconds": 12.920092940330505, "tokens_per_second": 162317.09862192007, "mfu": 0.7728414941129828, "elapsed_seconds": 4568.121303095482, "unix": 1789447849.9142284, "ddp_buckets_rebuilt": false}
{"step": 347, "prediction_tokens": 727711744, "loss": 2.5731966495513916, "lr": 6e-05, "grad_norm": 0.045951955020427704, "step_seconds": 12.937157376669347, "tokens_per_second": 162102.99828167574, "mfu": 0.7718220967220156, "elapsed_seconds": 4581.075326072052, "unix": 1789447862.8682566, "ddp_buckets_rebuilt": false}
{"step": 348, "prediction_tokens": 729808896, "loss": 2.5742950439453125, "lr": 6e-05, "grad_norm": 0.0645524337887764, "step_seconds": 12.929304722696543, "tokens_per_second": 162201.45204858447, "mfu": 0.7722908653050226, "elapsed_seconds": 4594.0255981665105, "unix": 1789447875.8185258, "ddp_buckets_rebuilt": false}
{"step": 349, "prediction_tokens": 731906048, "loss": 2.6179873943328857, "lr": 6e-05, "grad_norm": 0.048788610845804214, "step_seconds": 12.932987090200186, "tokens_per_second": 162155.2689547716, "mfu": 0.7720709734296248, "elapsed_seconds": 4606.977138590999, "unix": 1789447888.7700636, "ddp_buckets_rebuilt": false}
{"step": 350, "prediction_tokens": 734003200, "loss": 2.5937318801879883, "lr": 6e-05, "grad_norm": 0.045444704592227936, "step_seconds": 12.879558977670968, "tokens_per_second": 162827.9356176551, "mfu": 0.7752737457388674, "elapsed_seconds": 4619.87343194522, "unix": 1789447901.6663687, "ddp_buckets_rebuilt": false}
{"step": 351, "prediction_tokens": 736100352, "loss": 2.6156973838806152, "lr": 6e-05, "grad_norm": 0.08185720443725586, "step_seconds": 12.896834643557668, "tokens_per_second": 162609.82310474038, "mfu": 0.7742352451631616, "elapsed_seconds": 4632.786768395454, "unix": 1789447914.579697, "ddp_buckets_rebuilt": false}
{"step": 352, "prediction_tokens": 738197504, "loss": 2.589308023452759, "lr": 6e-05, "grad_norm": 0.05523447319865227, "step_seconds": 12.93137897271663, "tokens_per_second": 162175.43422280735, "mfu": 0.7721669864560419, "elapsed_seconds": 4645.738319026306, "unix": 1789447927.5312426, "ddp_buckets_rebuilt": false}
{"step": 353, "prediction_tokens": 740294656, "loss": 2.5828404426574707, "lr": 6e-05, "grad_norm": 0.07666514813899994, "step_seconds": 12.881729491055012, "tokens_per_second": 162800.49984408138, "mfu": 0.7751431156054995, "elapsed_seconds": 4658.635508126579, "unix": 1789447940.4284325, "ddp_buckets_rebuilt": false}
{"step": 354, "prediction_tokens": 742391808, "loss": 2.5897490978240967, "lr": 6e-05, "grad_norm": 0.0441088005900383, "step_seconds": 12.92879948951304, "tokens_per_second": 162207.790576462, "mfu": 0.7723210449804662, "elapsed_seconds": 4671.578231039457, "unix": 1789447953.3711576, "ddp_buckets_rebuilt": false}
{"step": 355, "prediction_tokens": 744488960, "loss": 2.5745809078216553, "lr": 6e-05, "grad_norm": 0.0491066537797451, "step_seconds": 12.891540776006877, "tokens_per_second": 162676.59827777295, "mfu": 0.7745531822439393, "elapsed_seconds": 4684.485678323545, "unix": 1789447966.278607, "ddp_buckets_rebuilt": false}
{"step": 356, "prediction_tokens": 746586112, "loss": 2.5189952850341797, "lr": 6e-05, "grad_norm": 0.04772118106484413, "step_seconds": 12.929892460815609, "tokens_per_second": 162194.07905792538, "mfu": 0.7722557602349749, "elapsed_seconds": 4697.431132559665, "unix": 1789447979.2240567, "ddp_buckets_rebuilt": false}
{"step": 357, "prediction_tokens": 748683264, "loss": 2.505368232727051, "lr": 6e-05, "grad_norm": 0.04550136625766754, "step_seconds": 12.91048059426248, "tokens_per_second": 162437.9499034289, "mfu": 0.7734169041329974, "elapsed_seconds": 4710.358611536212, "unix": 1789447992.1515365, "ddp_buckets_rebuilt": false}
{"step": 358, "prediction_tokens": 750780416, "loss": 2.474877119064331, "lr": 6e-05, "grad_norm": 0.042294472455978394, "step_seconds": 12.916450724937022, "tokens_per_second": 162362.86923242416, "mfu": 0.7730594220288263, "elapsed_seconds": 4723.292844119482, "unix": 1789448005.085775, "ddp_buckets_rebuilt": false}
{"step": 359, "prediction_tokens": 752877568, "loss": 2.59635591506958, "lr": 6e-05, "grad_norm": 0.042830221354961395, "step_seconds": 12.940013226121664, "tokens_per_second": 162067.22229360125, "mfu": 0.771651756269213, "elapsed_seconds": 4736.250446907245, "unix": 1789448018.0433712, "ddp_buckets_rebuilt": false}
{"step": 360, "prediction_tokens": 754974720, "loss": 2.5642647743225098, "lr": 6e-05, "grad_norm": 0.04569052904844284, "step_seconds": 12.866451078094542, "tokens_per_second": 162993.81914026427, "mfu": 0.776063568071514, "elapsed_seconds": 4749.135254541412, "unix": 1789448030.9281788, "ddp_buckets_rebuilt": false}
{"step": 361, "prediction_tokens": 757071872, "loss": 2.5325398445129395, "lr": 6e-05, "grad_norm": 0.05680564418435097, "step_seconds": 12.931331062689424, "tokens_per_second": 162176.0350758385, "mfu": 0.7721698473016231, "elapsed_seconds": 4762.083186997101, "unix": 1789448043.8761148, "ddp_buckets_rebuilt": false}
{"step": 362, "prediction_tokens": 759169024, "loss": 2.57144832611084, "lr": 6e-05, "grad_norm": 0.04903451353311539, "step_seconds": 12.885645532049239, "tokens_per_second": 162751.02359318774, "mfu": 0.7749075439991292, "elapsed_seconds": 4774.991987728514, "unix": 1789448056.7849169, "ddp_buckets_rebuilt": false}
{"step": 363, "prediction_tokens": 761266176, "loss": 2.559446096420288, "lr": 6e-05, "grad_norm": 0.04765196144580841, "step_seconds": 12.894814823754132, "tokens_per_second": 162635.29400490032, "mfu": 0.7743565199315201, "elapsed_seconds": 4787.906849529594, "unix": 1789448069.6997752, "ddp_buckets_rebuilt": false}
{"step": 364, "prediction_tokens": 763363328, "loss": 2.5600411891937256, "lr": 6e-05, "grad_norm": 0.04490530863404274, "step_seconds": 12.936111811548471, "tokens_per_second": 162116.10030517878, "mfu": 0.7718844794747014, "elapsed_seconds": 4800.8624924579635, "unix": 1789448082.6554163, "ddp_buckets_rebuilt": false}
{"step": 365, "prediction_tokens": 765460480, "loss": 2.5813939571380615, "lr": 6e-05, "grad_norm": 0.04980422183871269, "step_seconds": 12.897490337491035, "tokens_per_second": 162601.55620383754, "mfu": 0.774195883912254, "elapsed_seconds": 4813.779281081632, "unix": 1789448095.5722086, "ddp_buckets_rebuilt": false}
{"step": 366, "prediction_tokens": 767557632, "loss": 2.6161768436431885, "lr": 6e-05, "grad_norm": 0.0756089836359024, "step_seconds": 12.888128906488419, "tokens_per_second": 162719.66359245573, "mfu": 0.7747582294165813, "elapsed_seconds": 4826.688937242143, "unix": 1789448108.4818668, "ddp_buckets_rebuilt": false}
{"step": 367, "prediction_tokens": 769654784, "loss": 2.5308756828308105, "lr": 6e-05, "grad_norm": 0.04844457283616066, "step_seconds": 12.93367281369865, "tokens_per_second": 162146.67173108086, "mfu": 0.7720300394106041, "elapsed_seconds": 4839.645874463022, "unix": 1789448121.4387982, "ddp_buckets_rebuilt": false}
{"step": 368, "prediction_tokens": 771751936, "loss": 2.509875774383545, "lr": 6e-05, "grad_norm": 0.043113093823194504, "step_seconds": 12.879419612698257, "tokens_per_second": 162829.69753795012, "mfu": 0.7752821347818264, "elapsed_seconds": 4852.550719852559, "unix": 1789448134.3436453, "ddp_buckets_rebuilt": false}
{"step": 369, "prediction_tokens": 773849088, "loss": 2.5286428928375244, "lr": 6e-05, "grad_norm": 0.045359011739492416, "step_seconds": 12.927206171676517, "tokens_per_second": 162227.78318449474, "mfu": 0.7724162359196489, "elapsed_seconds": 4865.4945555161685, "unix": 1789448147.287489, "ddp_buckets_rebuilt": false}
{"step": 370, "prediction_tokens": 775946240, "loss": 2.569011688232422, "lr": 6e-05, "grad_norm": 0.042300425469875336, "step_seconds": 12.92441492062062, "tokens_per_second": 162262.8190815849, "mfu": 0.7725830525722667, "elapsed_seconds": 4878.438122197054, "unix": 1789448160.2310476, "ddp_buckets_rebuilt": false}
{"step": 371, "prediction_tokens": 778043392, "loss": 2.585249185562134, "lr": 6e-05, "grad_norm": 0.04208485037088394, "step_seconds": 12.93398894648999, "tokens_per_second": 162142.708539203, "mfu": 0.7720111694384426, "elapsed_seconds": 4891.386645950377, "unix": 1789448173.1795833, "ddp_buckets_rebuilt": false}
{"step": 372, "prediction_tokens": 780140544, "loss": 2.58786678314209, "lr": 6e-05, "grad_norm": 0.03811576962471008, "step_seconds": 13.033956192433834, "tokens_per_second": 160899.11374854777, "mfu": 0.7660900331919169, "elapsed_seconds": 4904.435211889446, "unix": 1789448186.2281358, "ddp_buckets_rebuilt": false}
{"step": 373, "prediction_tokens": 782237696, "loss": 2.5715296268463135, "lr": 6e-05, "grad_norm": 0.04149022698402405, "step_seconds": 12.929901219904423, "tokens_per_second": 162193.96918296814, "mfu": 0.7722552370866016, "elapsed_seconds": 4917.378628804348, "unix": 1789448199.1715567, "ddp_buckets_rebuilt": false}
{"step": 374, "prediction_tokens": 784334848, "loss": 2.5472705364227295, "lr": 6e-05, "grad_norm": 0.040948331356048584, "step_seconds": 12.918604579754174, "tokens_per_second": 162335.79927716206, "mfu": 0.7729305336686475, "elapsed_seconds": 4930.318847087212, "unix": 1789448212.111775, "ddp_buckets_rebuilt": false}
{"step": 375, "prediction_tokens": 786432000, "loss": 2.5053725242614746, "lr": 6e-05, "grad_norm": 0.03976522013545036, "step_seconds": 12.915767394937575, "tokens_per_second": 162371.4593081007, "mfu": 0.7731003220139587, "elapsed_seconds": 4943.249944175594, "unix": 1789448225.0428681, "ddp_buckets_rebuilt": false}
{"step": 376, "prediction_tokens": 788529152, "loss": 2.5215396881103516, "lr": 6e-05, "grad_norm": 0.05723971500992775, "step_seconds": 12.939037783071399, "tokens_per_second": 162079.44015309843, "mfu": 0.7717099292458669, "elapsed_seconds": 4956.207179294899, "unix": 1789448238.0001018, "ddp_buckets_rebuilt": false}
{"step": 377, "prediction_tokens": 790626304, "loss": 2.5559120178222656, "lr": 6e-05, "grad_norm": 0.04170769453048706, "step_seconds": 12.930963180027902, "tokens_per_second": 162180.64894338945, "mfu": 0.7721918153402462, "elapsed_seconds": 4969.156002199277, "unix": 1789448250.948931, "ddp_buckets_rebuilt": false}
{"step": 378, "prediction_tokens": 792723456, "loss": 2.5696141719818115, "lr": 6e-05, "grad_norm": 0.05580358952283859, "step_seconds": 12.880623701028526, "tokens_per_second": 162814.4761214118, "mfu": 0.7752096609488176, "elapsed_seconds": 4982.055711067282, "unix": 1789448263.84864, "ddp_buckets_rebuilt": false}
{"step": 379, "prediction_tokens": 794820608, "loss": 2.661069869995117, "lr": 6e-05, "grad_norm": 0.05062444135546684, "step_seconds": 12.893961478024721, "tokens_per_second": 162646.05750328884, "mfu": 0.7744077682488392, "elapsed_seconds": 4994.969997822307, "unix": 1789448276.7629242, "ddp_buckets_rebuilt": false}
{"step": 380, "prediction_tokens": 796917760, "loss": 2.6013023853302, "lr": 6e-05, "grad_norm": 0.046652745455503464, "step_seconds": 12.939389931969345, "tokens_per_second": 162075.0291185342, "mfu": 0.7716889269573086, "elapsed_seconds": 5007.928292153403, "unix": 1789448289.7212179, "ddp_buckets_rebuilt": false}
{"step": 381, "prediction_tokens": 799014912, "loss": 2.5515799522399902, "lr": 6e-05, "grad_norm": 0.04375266283750534, "step_seconds": 12.924133008345962, "tokens_per_second": 162266.35849737318, "mfu": 0.7725999048164808, "elapsed_seconds": 5020.870954100974, "unix": 1789448302.663882, "ddp_buckets_rebuilt": false}
{"step": 382, "prediction_tokens": 801112064, "loss": 2.4586572647094727, "lr": 6e-05, "grad_norm": 0.07999592274427414, "step_seconds": 12.94508315436542, "tokens_per_second": 162003.7488359266, "mfu": 0.7713495396679908, "elapsed_seconds": 5033.834149016999, "unix": 1789448315.6270769, "ddp_buckets_rebuilt": false}
{"step": 383, "prediction_tokens": 803209216, "loss": 2.508470296859741, "lr": 6e-05, "grad_norm": 0.043575674295425415, "step_seconds": 12.937273199670017, "tokens_per_second": 162101.54702874256, "mfu": 0.7718151868616575, "elapsed_seconds": 5046.791429511271, "unix": 1789448328.5843554, "ddp_buckets_rebuilt": false}
{"step": 384, "prediction_tokens": 805306368, "loss": 2.5462379455566406, "lr": 6e-05, "grad_norm": 0.04929044842720032, "step_seconds": 12.911687798798084, "tokens_per_second": 162422.76243662107, "mfu": 0.7733445919450688, "elapsed_seconds": 5059.721934595145, "unix": 1789448341.5148606, "ddp_buckets_rebuilt": false}
{"step": 385, "prediction_tokens": 807403520, "loss": 2.48573899269104, "lr": 6e-05, "grad_norm": 0.045222967863082886, "step_seconds": 12.920478083193302, "tokens_per_second": 162312.26015761236, "mfu": 0.77281845670031, "elapsed_seconds": 5072.658283486031, "unix": 1789448354.451209, "ddp_buckets_rebuilt": false}
{"step": 386, "prediction_tokens": 809500672, "loss": 2.5801239013671875, "lr": 6e-05, "grad_norm": 0.04398906230926514, "step_seconds": 12.930209093727171, "tokens_per_second": 162190.1072750162, "mfu": 0.7722368493582781, "elapsed_seconds": 5085.611671765335, "unix": 1789448367.404598, "ddp_buckets_rebuilt": false}
{"step": 387, "prediction_tokens": 811597824, "loss": 2.531768798828125, "lr": 6e-05, "grad_norm": 0.04555438086390495, "step_seconds": 12.937730370089412, "tokens_per_second": 162095.81897365718, "mfu": 0.7717879138344279, "elapsed_seconds": 5098.568313794211, "unix": 1789448380.3612373, "ddp_buckets_rebuilt": false}
{"step": 388, "prediction_tokens": 813694976, "loss": 2.5377838611602783, "lr": 6e-05, "grad_norm": 0.04483943432569504, "step_seconds": 12.918650576844811, "tokens_per_second": 162335.22127759247, "mfu": 0.7729277816354068, "elapsed_seconds": 5111.507298497483, "unix": 1789448393.3002262, "ddp_buckets_rebuilt": false}
{"step": 389, "prediction_tokens": 815792128, "loss": 2.525820016860962, "lr": 6e-05, "grad_norm": 0.09615031629800797, "step_seconds": 12.933785895816982, "tokens_per_second": 162145.2540573025, "mfu": 0.7720232894309017, "elapsed_seconds": 5124.461376861669, "unix": 1789448406.2543015, "ddp_buckets_rebuilt": false}
{"step": 390, "prediction_tokens": 817889280, "loss": 2.541879892349243, "lr": 6e-05, "grad_norm": 0.05820492282509804, "step_seconds": 12.92619283683598, "tokens_per_second": 162240.50085526437, "mfu": 0.7724767886510782, "elapsed_seconds": 5137.4021334163845, "unix": 1789448419.19506, "ddp_buckets_rebuilt": false}
{"step": 391, "prediction_tokens": 819986432, "loss": 2.5524816513061523, "lr": 6e-05, "grad_norm": 0.06476718932390213, "step_seconds": 12.917483280412853, "tokens_per_second": 162349.89080109523, "mfu": 0.7729976277363909, "elapsed_seconds": 5150.341236877255, "unix": 1789448432.1341608, "ddp_buckets_rebuilt": false}
{"step": 392, "prediction_tokens": 822083584, "loss": 2.574533224105835, "lr": 6e-05, "grad_norm": 0.04501793533563614, "step_seconds": 12.924155434593558, "tokens_per_second": 162266.07692961034, "mfu": 0.7725985641859966, "elapsed_seconds": 5163.282941217534, "unix": 1789448445.0758674, "ddp_buckets_rebuilt": false}
{"step": 393, "prediction_tokens": 824180736, "loss": 2.5246803760528564, "lr": 6e-05, "grad_norm": 0.04474470019340515, "step_seconds": 12.93858222477138, "tokens_per_second": 162085.14685518845, "mfu": 0.771737100604936, "elapsed_seconds": 5176.247489668429, "unix": 1789448458.0404186, "ddp_buckets_rebuilt": false}
{"step": 394, "prediction_tokens": 826277888, "loss": 2.5740442276000977, "lr": 6e-05, "grad_norm": 0.04162759706377983, "step_seconds": 12.914541900157928, "tokens_per_second": 162386.8671620752, "mfu": 0.7731736835327873, "elapsed_seconds": 5189.182937278412, "unix": 1789448470.9758615, "ddp_buckets_rebuilt": false}
{"step": 395, "prediction_tokens": 828375040, "loss": 2.5558552742004395, "lr": 6e-05, "grad_norm": 0.04227747023105621, "step_seconds": 12.912351660430431, "tokens_per_second": 162414.4118090176, "mfu": 0.7733048320456579, "elapsed_seconds": 5202.111788856797, "unix": 1789448483.9047143, "ddp_buckets_rebuilt": false}
{"step": 396, "prediction_tokens": 830472192, "loss": 2.5293946266174316, "lr": 6e-05, "grad_norm": 0.042784929275512695, "step_seconds": 12.918245481327176, "tokens_per_second": 162340.31185050262, "mfu": 0.7729520194144649, "elapsed_seconds": 5215.046754359268, "unix": 1789448496.8396819, "ddp_buckets_rebuilt": false}
{"step": 397, "prediction_tokens": 832569344, "loss": 2.5103759765625, "lr": 6e-05, "grad_norm": 0.043045829981565475, "step_seconds": 12.939995363354683, "tokens_per_second": 162067.44601617192, "mfu": 0.7716528214809945, "elapsed_seconds": 5228.008067871444, "unix": 1789448509.8009973, "ddp_buckets_rebuilt": false}
{"step": 398, "prediction_tokens": 834666496, "loss": 2.573678970336914, "lr": 6e-05, "grad_norm": 0.03905409201979637, "step_seconds": 12.918427634052932, "tokens_per_second": 162338.02281571127, "mfu": 0.772941120617707, "elapsed_seconds": 5240.944206863642, "unix": 1789448522.737131, "ddp_buckets_rebuilt": false}
{"step": 399, "prediction_tokens": 836763648, "loss": 2.588535785675049, "lr": 6e-05, "grad_norm": 0.03964221104979515, "step_seconds": 12.89569884724915, "tokens_per_second": 162624.14506115383, "mfu": 0.7743034363906242, "elapsed_seconds": 5253.858595172875, "unix": 1789448535.6515188, "ddp_buckets_rebuilt": false}
{"step": 400, "prediction_tokens": 838860800, "loss": 2.552297830581665, "lr": 6e-05, "grad_norm": 0.0423615537583828, "step_seconds": 12.87006062362343, "tokens_per_second": 162948.10578829804, "mfu": 0.7758459127811321, "elapsed_seconds": 5266.745012163185, "unix": 1789448548.5379386, "ddp_buckets_rebuilt": false}
{"step": 401, "prediction_tokens": 840957952, "loss": 2.526562452316284, "lr": 6e-05, "grad_norm": 0.03973781690001488, "step_seconds": 12.93669162876904, "tokens_per_second": 162108.83432795788, "mfu": 0.7718498839284572, "elapsed_seconds": 5279.69954524748, "unix": 1789448561.4924703, "ddp_buckets_rebuilt": false}
{"step": 402, "prediction_tokens": 843055104, "loss": 2.528316020965576, "lr": 6e-05, "grad_norm": 0.04421822726726532, "step_seconds": 12.921135746873915, "tokens_per_second": 162303.9987415484, "mfu": 0.7727791215644028, "elapsed_seconds": 5292.638293735683, "unix": 1789448574.4312205, "ddp_buckets_rebuilt": false}
{"step": 403, "prediction_tokens": 845152256, "loss": 2.6103646755218506, "lr": 6e-05, "grad_norm": 0.04503174126148224, "step_seconds": 13.044397696852684, "tokens_per_second": 160770.32061863577, "mfu": 0.7654768095956493, "elapsed_seconds": 5305.6973125441, "unix": 1789448587.4902408, "ddp_buckets_rebuilt": false}
{"step": 404, "prediction_tokens": 847249408, "loss": 2.5753121376037598, "lr": 6e-05, "grad_norm": 0.04352964088320732, "step_seconds": 12.864549802616239, "tokens_per_second": 163017.90829660484, "mfu": 0.7761782639337258, "elapsed_seconds": 5318.580326911993, "unix": 1789448600.373255, "ddp_buckets_rebuilt": false}
{"step": 405, "prediction_tokens": 849346560, "loss": 2.4917478561401367, "lr": 6e-05, "grad_norm": 0.03951643779873848, "step_seconds": 12.932885555550456, "tokens_per_second": 162156.54201779875, "mfu": 0.772077034873184, "elapsed_seconds": 5331.531702589244, "unix": 1789448613.3246286, "ddp_buckets_rebuilt": false}
{"step": 406, "prediction_tokens": 851443712, "loss": 2.5424747467041016, "lr": 6e-05, "grad_norm": 0.04128659889101982, "step_seconds": 12.918612581677735, "tokens_per_second": 162335.69872467246, "mfu": 0.7729300549074022, "elapsed_seconds": 5344.468746443279, "unix": 1789448626.261671, "ddp_buckets_rebuilt": false}
{"step": 407, "prediction_tokens": 853540864, "loss": 2.5856552124023438, "lr": 6e-05, "grad_norm": 0.040568288415670395, "step_seconds": 12.91326140332967, "tokens_per_second": 162402.96966800746, "mfu": 0.7732503525026574, "elapsed_seconds": 5357.399102883413, "unix": 1789448639.1920328, "ddp_buckets_rebuilt": false}
{"step": 408, "prediction_tokens": 855638016, "loss": 2.60040020942688, "lr": 6e-05, "grad_norm": 0.044720619916915894, "step_seconds": 12.938239273615181, "tokens_per_second": 162089.44321169733, "mfu": 0.7717575568760976, "elapsed_seconds": 5370.355081002228, "unix": 1789448652.1480055, "ddp_buckets_rebuilt": false}
{"step": 409, "prediction_tokens": 857735168, "loss": 2.6001644134521484, "lr": 6e-05, "grad_norm": 0.04719194769859314, "step_seconds": 12.903494858182967, "tokens_per_second": 162525.89108988998, "mfu": 0.7738356190959659, "elapsed_seconds": 5383.27932313364, "unix": 1789448665.0722463, "ddp_buckets_rebuilt": false}
{"step": 410, "prediction_tokens": 859832320, "loss": 2.559760570526123, "lr": 6e-05, "grad_norm": 0.05643443018198013, "step_seconds": 12.938064150512218, "tokens_per_second": 162091.6371725498, "mfu": 0.7717680029966705, "elapsed_seconds": 5396.251855299808, "unix": 1789448678.044783, "ddp_buckets_rebuilt": false}
{"step": 411, "prediction_tokens": 861929472, "loss": 2.528235912322998, "lr": 6e-05, "grad_norm": 0.04904548078775406, "step_seconds": 12.910920670256019, "tokens_per_second": 162432.41311453385, "mfu": 0.773390541782767, "elapsed_seconds": 5409.180923229083, "unix": 1789448690.9738517, "ddp_buckets_rebuilt": false}
{"step": 412, "prediction_tokens": 864026624, "loss": 2.5737721920013428, "lr": 6e-05, "grad_norm": 0.041689205914735794, "step_seconds": 12.9217090299353, "tokens_per_second": 162296.79798094791, "mfu": 0.7727448365344924, "elapsed_seconds": 5422.119460698217, "unix": 1789448703.9123843, "ddp_buckets_rebuilt": false}
{"step": 413, "prediction_tokens": 866123776, "loss": 2.5018997192382812, "lr": 6e-05, "grad_norm": 0.04323207587003708, "step_seconds": 12.930807210505009, "tokens_per_second": 162182.60514287694, "mfu": 0.7722011294060318, "elapsed_seconds": 5435.069649743848, "unix": 1789448716.8625772, "ddp_buckets_rebuilt": false}
{"step": 414, "prediction_tokens": 868220928, "loss": 2.5604209899902344, "lr": 6e-05, "grad_norm": 0.04583326354622841, "step_seconds": 12.873148234561086, "tokens_per_second": 162909.02285811387, "mfu": 0.7756598269626059, "elapsed_seconds": 5447.959078965709, "unix": 1789448729.7520044, "ddp_buckets_rebuilt": false}
{"step": 415, "prediction_tokens": 870318080, "loss": 2.5126171112060547, "lr": 6e-05, "grad_norm": 0.047256551682949066, "step_seconds": 12.866221499629319, "tokens_per_second": 162996.72752100683, "mfu": 0.7760774157643179, "elapsed_seconds": 5460.8424146985635, "unix": 1789448742.6353416, "ddp_buckets_rebuilt": false}
{"step": 416, "prediction_tokens": 872415232, "loss": 2.5082149505615234, "lr": 6e-05, "grad_norm": 0.04684235528111458, "step_seconds": 12.882149547338486, "tokens_per_second": 162795.19130666216, "mfu": 0.7751178400305573, "elapsed_seconds": 5473.743431802839, "unix": 1789448755.5363572, "ddp_buckets_rebuilt": false}
{"step": 417, "prediction_tokens": 874512384, "loss": 2.532597780227661, "lr": 6e-05, "grad_norm": 0.043476883322000504, "step_seconds": 12.880522342398763, "tokens_per_second": 162815.7573312701, "mfu": 0.7752157611819388, "elapsed_seconds": 5486.644746708684, "unix": 1789448768.4376786, "ddp_buckets_rebuilt": false}
{"step": 418, "prediction_tokens": 876609536, "loss": 2.5112972259521484, "lr": 6e-05, "grad_norm": 0.04449775815010071, "step_seconds": 12.929240544326603, "tokens_per_second": 162202.25718673304, "mfu": 0.7722946988147082, "elapsed_seconds": 5499.593056740239, "unix": 1789448781.385983, "ddp_buckets_rebuilt": false}
{"step": 419, "prediction_tokens": 878706688, "loss": 2.5268361568450928, "lr": 6e-05, "grad_norm": 0.04734327644109726, "step_seconds": 12.914563670754433, "tokens_per_second": 162386.5934200385, "mfu": 0.7731723801629855, "elapsed_seconds": 5512.525898269378, "unix": 1789448794.3188221, "ddp_buckets_rebuilt": false}
{"step": 420, "prediction_tokens": 880803840, "loss": 2.5372626781463623, "lr": 6e-05, "grad_norm": 0.040390290319919586, "step_seconds": 12.872799155302346, "tokens_per_second": 162913.4405578119, "mfu": 0.7756808609859106, "elapsed_seconds": 5525.419779414311, "unix": 1789448807.2127066, "ddp_buckets_rebuilt": false}
{"step": 421, "prediction_tokens": 882900992, "loss": 2.5032145977020264, "lr": 6e-05, "grad_norm": 0.05584026128053665, "step_seconds": 12.906417975202203, "tokens_per_second": 162489.08132600161, "mfu": 0.773660356519423, "elapsed_seconds": 5538.34406622313, "unix": 1789448820.1369948, "ddp_buckets_rebuilt": false}
{"step": 422, "prediction_tokens": 884998144, "loss": 2.5929245948791504, "lr": 6e-05, "grad_norm": 0.04216701537370682, "step_seconds": 12.908364951610565, "tokens_per_second": 162464.5730006526, "mfu": 0.7735436648649902, "elapsed_seconds": 5551.27539429348, "unix": 1789448833.0683181, "ddp_buckets_rebuilt": false}
{"step": 423, "prediction_tokens": 887095296, "loss": 2.429786205291748, "lr": 6e-05, "grad_norm": 0.049961965531110764, "step_seconds": 12.926556075923145, "tokens_per_second": 162235.94186127666, "mfu": 0.772455081882321, "elapsed_seconds": 5564.221427456476, "unix": 1789448846.0143502, "ddp_buckets_rebuilt": false}
{"step": 424, "prediction_tokens": 889192448, "loss": 2.5482401847839355, "lr": 6e-05, "grad_norm": 0.04445207491517067, "step_seconds": 12.878451655618846, "tokens_per_second": 162841.93597799595, "mfu": 0.775340405748785, "elapsed_seconds": 5577.117274502292, "unix": 1789448858.910203, "ddp_buckets_rebuilt": false}
{"step": 425, "prediction_tokens": 891289600, "loss": 2.513967514038086, "lr": 6e-05, "grad_norm": 0.040991298854351044, "step_seconds": 12.937306197360158, "tokens_per_second": 162101.13357508084, "mfu": 0.7718132182819553, "elapsed_seconds": 5590.071264975704, "unix": 1789448871.864191, "ddp_buckets_rebuilt": false}
{"step": 426, "prediction_tokens": 893386752, "loss": 2.5849461555480957, "lr": 6e-05, "grad_norm": 0.04553874209523201, "step_seconds": 12.920123022980988, "tokens_per_second": 162316.7206898728, "mfu": 0.7728396946625825, "elapsed_seconds": 5603.012946983799, "unix": 1789448884.8058708, "ddp_buckets_rebuilt": false}
{"step": 427, "prediction_tokens": 895483904, "loss": 2.5122761726379395, "lr": 6e-05, "grad_norm": 0.04387509077787399, "step_seconds": 12.887999416328967, "tokens_per_second": 162721.29849283895, "mfu": 0.7747660136787793, "elapsed_seconds": 5615.918049123138, "unix": 1789448897.710975, "ddp_buckets_rebuilt": false}
{"step": 428, "prediction_tokens": 897581056, "loss": 2.4859626293182373, "lr": 6e-05, "grad_norm": 0.0418025478720665, "step_seconds": 12.928765337914228, "tokens_per_second": 162208.21905166772, "mfu": 0.7723230850823468, "elapsed_seconds": 5628.864251318388, "unix": 1789448910.6571803, "ddp_buckets_rebuilt": false}
{"step": 429, "prediction_tokens": 899678208, "loss": 2.5854318141937256, "lr": 6e-05, "grad_norm": 0.041996557265520096, "step_seconds": 12.879790942184627, "tokens_per_second": 162825.0030931238, "mfu": 0.7752597830900798, "elapsed_seconds": 5641.761649920605, "unix": 1789448923.554574, "ddp_buckets_rebuilt": false}
{"step": 430, "prediction_tokens": 901775360, "loss": 2.578521251678467, "lr": 6e-05, "grad_norm": 0.054197635501623154, "step_seconds": 12.924076322466135, "tokens_per_second": 162267.07020868378, "mfu": 0.772603293492334, "elapsed_seconds": 5654.701178208925, "unix": 1789448936.4941018, "ddp_buckets_rebuilt": false}
{"step": 431, "prediction_tokens": 903872512, "loss": 2.534194231033325, "lr": 6e-05, "grad_norm": 0.04226544499397278, "step_seconds": 12.925998869352043, "tokens_per_second": 162242.93543552866, "mfu": 0.772488380434476, "elapsed_seconds": 5667.6428351206705, "unix": 1789448949.435761, "ddp_buckets_rebuilt": false}
{"step": 432, "prediction_tokens": 905969664, "loss": 2.3273167610168457, "lr": 6e-05, "grad_norm": 0.09595358371734619, "step_seconds": 12.936900100670755, "tokens_per_second": 162106.22202232716, "mfu": 0.771837445940076, "elapsed_seconds": 5680.598270091228, "unix": 1789448962.391194, "ddp_buckets_rebuilt": false}
{"step": 433, "prediction_tokens": 908066816, "loss": 2.466564655303955, "lr": 6e-05, "grad_norm": 0.05415913090109825, "step_seconds": 13.044813009910285, "tokens_per_second": 160765.20210805404, "mfu": 0.7654524387967673, "elapsed_seconds": 5693.662315321155, "unix": 1789448975.4552405, "ddp_buckets_rebuilt": false}
{"step": 434, "prediction_tokens": 910163968, "loss": 2.5207138061523438, "lr": 6e-05, "grad_norm": 0.051170412451028824, "step_seconds": 12.913975880481303, "tokens_per_second": 162393.9845798937, "mfu": 0.7732075717421488, "elapsed_seconds": 5706.59787762817, "unix": 1789448988.3908048, "ddp_buckets_rebuilt": false}
{"step": 435, "prediction_tokens": 912261120, "loss": 2.643639087677002, "lr": 6e-05, "grad_norm": 0.08706453442573547, "step_seconds": 12.915558912791312, "tokens_per_second": 162374.08029806768, "mfu": 0.7731128013511286, "elapsed_seconds": 5719.5303064044565, "unix": 1789449001.3232365, "ddp_buckets_rebuilt": false}
{"step": 436, "prediction_tokens": 914358272, "loss": 2.607813835144043, "lr": 6e-05, "grad_norm": 0.06387355178594589, "step_seconds": 12.931611417792737, "tokens_per_second": 162172.5191273925, "mfu": 0.7721531067926236, "elapsed_seconds": 5732.4774018116295, "unix": 1789449014.2703254, "ddp_buckets_rebuilt": false}
{"step": 437, "prediction_tokens": 916455424, "loss": 2.6076316833496094, "lr": 6e-05, "grad_norm": 0.05488450080156326, "step_seconds": 12.926221107132733, "tokens_per_second": 162240.14602711573, "mfu": 0.7724750992054259, "elapsed_seconds": 5745.422275342047, "unix": 1789449027.2152083, "ddp_buckets_rebuilt": false}
{"step": 438, "prediction_tokens": 918552576, "loss": 2.5932698249816895, "lr": 6e-05, "grad_norm": 0.05214634910225868, "step_seconds": 12.929358284920454, "tokens_per_second": 162200.7800994976, "mfu": 0.772287665949313, "elapsed_seconds": 5758.371409312822, "unix": 1789449040.1643388, "ddp_buckets_rebuilt": false}
{"step": 439, "prediction_tokens": 920649728, "loss": 2.4673571586608887, "lr": 6e-05, "grad_norm": 0.056649964302778244, "step_seconds": 12.896633128635585, "tokens_per_second": 162612.3639466412, "mfu": 0.7742473428908048, "elapsed_seconds": 5771.285071211867, "unix": 1789449053.0779972, "ddp_buckets_rebuilt": false}
{"step": 440, "prediction_tokens": 922746880, "loss": 2.388645648956299, "lr": 6e-05, "grad_norm": 0.07264992594718933, "step_seconds": 12.880013554356992, "tokens_per_second": 162822.18890139172, "mfu": 0.7752463838600453, "elapsed_seconds": 5784.180308894254, "unix": 1789449065.973235, "ddp_buckets_rebuilt": false}
{"step": 441, "prediction_tokens": 924844032, "loss": 2.4034547805786133, "lr": 6e-05, "grad_norm": 0.08274614810943604, "step_seconds": 12.928400902077556, "tokens_per_second": 162212.79150331684, "mfu": 0.7723448559271578, "elapsed_seconds": 5797.138584316708, "unix": 1789449078.9315124, "ddp_buckets_rebuilt": false}
{"step": 442, "prediction_tokens": 926941184, "loss": 2.464170455932617, "lr": 6e-05, "grad_norm": 0.052072394639253616, "step_seconds": 12.923008319921792, "tokens_per_second": 162280.4805261235, "mfu": 0.7726671441270152, "elapsed_seconds": 5810.080773876049, "unix": 1789449091.8737016, "ddp_buckets_rebuilt": false}
{"step": 443, "prediction_tokens": 929038336, "loss": 2.5157289505004883, "lr": 6e-05, "grad_norm": 0.04798201099038124, "step_seconds": 12.87343165744096, "tokens_per_second": 162905.43623524247, "mfu": 0.7756427499509893, "elapsed_seconds": 5822.975657032803, "unix": 1789449104.7685823, "ddp_buckets_rebuilt": false}
{"step": 444, "prediction_tokens": 931135488, "loss": 2.4812610149383545, "lr": 6e-05, "grad_norm": 0.04515516385436058, "step_seconds": 12.89695536531508, "tokens_per_second": 162608.30099792825, "mfu": 0.7742279979457527, "elapsed_seconds": 5835.889555054717, "unix": 1789449117.6824818, "ddp_buckets_rebuilt": false}
{"step": 445, "prediction_tokens": 933232640, "loss": 2.5109846591949463, "lr": 6e-05, "grad_norm": 0.06020926684141159, "step_seconds": 12.88771728426218, "tokens_per_second": 162724.86071376927, "mfu": 0.7747829745052697, "elapsed_seconds": 5848.797032687813, "unix": 1789449130.5899618, "ddp_buckets_rebuilt": false}
{"step": 446, "prediction_tokens": 935329792, "loss": 2.481794595718384, "lr": 6e-05, "grad_norm": 0.0454011932015419, "step_seconds": 12.894379793666303, "tokens_per_second": 162640.78098817266, "mfu": 0.7743826451419038, "elapsed_seconds": 5861.716061473824, "unix": 1789449143.508985, "ddp_buckets_rebuilt": false}
{"step": 447, "prediction_tokens": 937426944, "loss": 2.53844952583313, "lr": 6e-05, "grad_norm": 0.048016857355833054, "step_seconds": 12.882498620077968, "tokens_per_second": 162790.78010002594, "mfu": 0.7750968369227114, "elapsed_seconds": 5874.617411428131, "unix": 1789449156.4103358, "ddp_buckets_rebuilt": false}
{"step": 448, "prediction_tokens": 939524096, "loss": 2.591792345046997, "lr": 6e-05, "grad_norm": 0.04644537717103958, "step_seconds": 12.902305318042636, "tokens_per_second": 162540.87531685786, "mfu": 0.7739069635966764, "elapsed_seconds": 5887.537147603929, "unix": 1789449169.3300786, "ddp_buckets_rebuilt": false}
{"step": 449, "prediction_tokens": 941621248, "loss": 2.5181121826171875, "lr": 6e-05, "grad_norm": 0.051477041095495224, "step_seconds": 12.932167884893715, "tokens_per_second": 162165.54089509763, "mfu": 0.7721198812882324, "elapsed_seconds": 5900.492989942431, "unix": 1789449182.2859163, "ddp_buckets_rebuilt": false}
{"step": 450, "prediction_tokens": 943718400, "loss": 2.516925573348999, "lr": 6e-05, "grad_norm": 0.043155718594789505, "step_seconds": 12.926177029497921, "tokens_per_second": 162240.69925812067, "mfu": 0.7724777333079331, "elapsed_seconds": 5913.437534636818, "unix": 1789449195.2304595, "ddp_buckets_rebuilt": false}
{"step": 451, "prediction_tokens": 945815552, "loss": 2.5216238498687744, "lr": 6e-05, "grad_norm": 0.04515751078724861, "step_seconds": 12.888238649815321, "tokens_per_second": 162718.27803483844, "mfu": 0.7747516323517728, "elapsed_seconds": 5926.345482691191, "unix": 1789449208.1384118, "ddp_buckets_rebuilt": false}
{"step": 452, "prediction_tokens": 947912704, "loss": 2.506953716278076, "lr": 6e-05, "grad_norm": 0.045666296035051346, "step_seconds": 12.886301056481898, "tokens_per_second": 162742.7444701145, "mfu": 0.7748681245547194, "elapsed_seconds": 5939.251136397943, "unix": 1789449221.0440648, "ddp_buckets_rebuilt": false}
{"step": 453, "prediction_tokens": 950009856, "loss": 2.544672727584839, "lr": 6e-05, "grad_norm": 0.05799784138798714, "step_seconds": 12.938294163905084, "tokens_per_second": 162088.7555525349, "mfu": 0.7717542827198993, "elapsed_seconds": 5952.20713781938, "unix": 1789449234.0000632, "ddp_buckets_rebuilt": false}
{"step": 454, "prediction_tokens": 952107008, "loss": 2.5290544033050537, "lr": 6e-05, "grad_norm": 0.07169725000858307, "step_seconds": 12.938512195833027, "tokens_per_second": 162086.02413153872, "mfu": 0.7717412775867271, "elapsed_seconds": 5965.168295044452, "unix": 1789449246.961221, "ddp_buckets_rebuilt": false}
{"step": 455, "prediction_tokens": 954204160, "loss": 2.5546517372131348, "lr": 6e-05, "grad_norm": 0.04819200187921524, "step_seconds": 12.892713085748255, "tokens_per_second": 162661.80640583823, "mfu": 0.7744827536045426, "elapsed_seconds": 5978.080941908993, "unix": 1789449259.873872, "ddp_buckets_rebuilt": false}
{"step": 456, "prediction_tokens": 956301312, "loss": 2.522249698638916, "lr": 6e-05, "grad_norm": 0.049171082675457, "step_seconds": 12.912298921495676, "tokens_per_second": 162415.07517369956, "mfu": 0.773307990528383, "elapsed_seconds": 5991.016242608428, "unix": 1789449272.8091683, "ddp_buckets_rebuilt": false}
{"step": 457, "prediction_tokens": 958398464, "loss": 2.495361328125, "lr": 6e-05, "grad_norm": 0.09639193117618561, "step_seconds": 12.908039725385606, "tokens_per_second": 162468.66639832495, "mfu": 0.7735631547868774, "elapsed_seconds": 6003.947295373306, "unix": 1789449285.7402208, "ddp_buckets_rebuilt": false}
{"step": 458, "prediction_tokens": 960495616, "loss": 2.4824483394622803, "lr": 6e-05, "grad_norm": 0.08251747488975525, "step_seconds": 12.898299840278924, "tokens_per_second": 162591.35126096196, "mfu": 0.7741472950490582, "elapsed_seconds": 6016.869984088466, "unix": 1789449298.6629143, "ddp_buckets_rebuilt": false}
{"step": 459, "prediction_tokens": 962592768, "loss": 2.5426323413848877, "lr": 6e-05, "grad_norm": 0.05182961747050285, "step_seconds": 12.924939301796257, "tokens_per_second": 162256.23587327378, "mfu": 0.7725517078982279, "elapsed_seconds": 6029.813143547624, "unix": 1789449311.6060681, "ddp_buckets_rebuilt": false}
{"step": 460, "prediction_tokens": 964689920, "loss": 2.5948569774627686, "lr": 6e-05, "grad_norm": 0.04400433599948883, "step_seconds": 12.933706787414849, "tokens_per_second": 162146.24581103347, "mfu": 0.7720280114746159, "elapsed_seconds": 6042.767434694804, "unix": 1789449324.5603583, "ddp_buckets_rebuilt": false}
{"step": 461, "prediction_tokens": 966787072, "loss": 2.502401113510132, "lr": 6e-05, "grad_norm": 0.041673172265291214, "step_seconds": 12.89054133091122, "tokens_per_second": 162689.21111723044, "mfu": 0.7746132358413366, "elapsed_seconds": 6055.683307978325, "unix": 1789449337.476235, "ddp_buckets_rebuilt": false}
{"step": 462, "prediction_tokens": 968884224, "loss": 2.5114622116088867, "lr": 6e-05, "grad_norm": 0.04656868427991867, "step_seconds": 12.936442424543202, "tokens_per_second": 162111.9571499235, "mfu": 0.7718647526416996, "elapsed_seconds": 6068.637276661582, "unix": 1789449350.430203, "ddp_buckets_rebuilt": false}
{"step": 463, "prediction_tokens": 970981376, "loss": 2.5254335403442383, "lr": 5.994309986211133e-05, "grad_norm": 0.052352599799633026, "step_seconds": 12.992358461022377, "tokens_per_second": 161414.2656463447, "mfu": 0.7685428293900295, "elapsed_seconds": 6081.646882893518, "unix": 1789449363.4398096, "ddp_buckets_rebuilt": false}
{"step": 464, "prediction_tokens": 973078528, "loss": 2.52933931350708, "lr": 5.9772615290158074e-05, "grad_norm": 0.049368780106306076, "step_seconds": 13.040730277076364, "tokens_per_second": 160815.53375016712, "mfu": 0.7656920831831079, "elapsed_seconds": 6094.705964026973, "unix": 1789449376.4988914, "ddp_buckets_rebuilt": false}
{"step": 465, "prediction_tokens": 975175680, "loss": 2.5862059593200684, "lr": 5.948919299051706e-05, "grad_norm": 0.047336168587207794, "step_seconds": 12.913482314907014, "tokens_per_second": 162400.19143241463, "mfu": 0.7732371244708308, "elapsed_seconds": 6107.636391500942, "unix": 1789449389.4293208, "ddp_buckets_rebuilt": false}
{"step": 466, "prediction_tokens": 977272832, "loss": 2.5275018215179443, "lr": 5.909390808105029e-05, "grad_norm": 0.0464639812707901, "step_seconds": 12.927146153524518, "tokens_per_second": 162228.53637561935, "mfu": 0.7724198220936196, "elapsed_seconds": 6120.580500870012, "unix": 1789449402.3734243, "ddp_buckets_rebuilt": false}
{"step": 467, "prediction_tokens": 979369984, "loss": 2.485208034515381, "lr": 5.85882600128147e-05, "grad_norm": 0.055177535861730576, "step_seconds": 12.934718415141106, "tokens_per_second": 162133.56431053948, "mfu": 0.7719676309609634, "elapsed_seconds": 6133.533932750113, "unix": 1789449415.326861, "ddp_buckets_rebuilt": false}
{"step": 468, "prediction_tokens": 981467136, "loss": 2.4987313747406006, "lr": 5.797416688213067e-05, "grad_norm": 0.051453445106744766, "step_seconds": 12.939596361480653, "tokens_per_second": 162072.4434838574, "mfu": 0.77167661595752, "elapsed_seconds": 6146.49340519961, "unix": 1789449428.2863357, "ddp_buckets_rebuilt": false}
{"step": 469, "prediction_tokens": 983564288, "loss": 2.5023226737976074, "lr": 5.725395815458571e-05, "grad_norm": 0.05105680972337723, "step_seconds": 12.935758008621633, "tokens_per_second": 162120.53430516063, "mfu": 0.7719055911086571, "elapsed_seconds": 6159.446888268925, "unix": 1789449441.2398143, "ddp_buckets_rebuilt": false}
{"step": 470, "prediction_tokens": 985661440, "loss": 2.4994735717773438, "lr": 5.6430365828573536e-05, "grad_norm": 0.04517721012234688, "step_seconds": 12.894130375236273, "tokens_per_second": 162643.92704045167, "mfu": 0.7743976244617938, "elapsed_seconds": 6172.357419603504, "unix": 1789449454.150346, "ddp_buckets_rebuilt": false}
{"step": 471, "prediction_tokens": 987758592, "loss": 2.518019676208496, "lr": 5.550651407188843e-05, "grad_norm": 0.04416196420788765, "step_seconds": 12.93117047753185, "tokens_per_second": 162178.04905161838, "mfu": 0.7721794364580584, "elapsed_seconds": 6185.308843480423, "unix": 1789449467.1017725, "ddp_buckets_rebuilt": false}
{"step": 472, "prediction_tokens": 989855744, "loss": 2.560959577560425, "lr": 5.4485907370686655e-05, "grad_norm": 0.05890422686934471, "step_seconds": 12.941621971316636, "tokens_per_second": 162047.07606574008, "mfu": 0.7715558338989074, "elapsed_seconds": 6198.2693158034235, "unix": 1789449480.06224, "ddp_buckets_rebuilt": false}
{"step": 473, "prediction_tokens": 991952896, "loss": 2.4098992347717285, "lr": 5.3372417235770114e-05, "grad_norm": 0.04856240749359131, "step_seconds": 12.948720502667129, "tokens_per_second": 161958.241323383, "mfu": 0.7711328644422372, "elapsed_seconds": 6211.236144489609, "unix": 1789449493.02907, "ddp_buckets_rebuilt": false}
{"step": 474, "prediction_tokens": 994050048, "loss": 2.5018117427825928, "lr": 5.2170267516619774e-05, "grad_norm": 0.04138317331671715, "step_seconds": 12.91268399450928, "tokens_per_second": 162410.23174513906, "mfu": 0.7732849294793801, "elapsed_seconds": 6224.1663695639, "unix": 1789449505.9592962, "ddp_buckets_rebuilt": false}
{"step": 475, "prediction_tokens": 996147200, "loss": 2.5380311012268066, "lr": 5.0884018378887804e-05, "grad_norm": 0.04136555269360542, "step_seconds": 12.943628581240773, "tokens_per_second": 162021.9544185165, "mfu": 0.7714362220309052, "elapsed_seconds": 6237.129599976353, "unix": 1789449518.9225278, "ddp_buckets_rebuilt": false}
{"step": 476, "prediction_tokens": 998244352, "loss": 2.471773147583008, "lr": 4.9518549006127265e-05, "grad_norm": 0.04459386691451073, "step_seconds": 12.930133574642241, "tokens_per_second": 162191.05455436299, "mfu": 0.7722413596458074, "elapsed_seconds": 6250.084566457197, "unix": 1789449531.877494, "ddp_buckets_rebuilt": false}
{"step": 477, "prediction_tokens": 1000341504, "loss": 2.5628104209899902, "lr": 4.8079039091377696e-05, "grad_norm": 0.04180668294429779, "step_seconds": 12.940476628951728, "tokens_per_second": 162061.41861174122, "mfu": 0.7716241231597123, "elapsed_seconds": 6263.042181936093, "unix": 1789449544.8351088, "ddp_buckets_rebuilt": false}
{"step": 478, "prediction_tokens": 1002438656, "loss": 2.5741159915924072, "lr": 4.6570949188815176e-05, "grad_norm": 0.0442078597843647, "step_seconds": 12.929232420399785, "tokens_per_second": 162202.35910455958, "mfu": 0.7722951840767417, "elapsed_seconds": 6275.9905316522345, "unix": 1789449557.7834585, "ddp_buckets_rebuilt": false}
{"step": 479, "prediction_tokens": 1004535808, "loss": 2.548194169998169, "lr": 4.5e-05, "grad_norm": 0.04065636917948723, "step_seconds": 12.941742213442922, "tokens_per_second": 162045.5704813556, "mfu": 0.7715486653498445, "elapsed_seconds": 6288.949026344344, "unix": 1789449570.7419505, "ddp_buckets_rebuilt": false}
{"step": 480, "prediction_tokens": 1006632960, "loss": 2.556631326675415, "lr": 4.337215067329615e-05, "grad_norm": 0.03925558179616928, "step_seconds": 12.897167845629156, "tokens_per_second": 162605.62203280343, "mfu": 0.7742152425710737, "elapsed_seconds": 6301.865111786872, "unix": 1789449583.6580374, "ddp_buckets_rebuilt": false}
{"step": 481, "prediction_tokens": 1008730112, "loss": 2.4988749027252197, "lr": 4.169357619878038e-05, "grad_norm": 0.04629325121641159, "step_seconds": 12.94424928817898, "tokens_per_second": 162014.18508798134, "mfu": 0.7713992298651381, "elapsed_seconds": 6314.830592534505, "unix": 1789449596.6235213, "ddp_buckets_rebuilt": false}
{"step": 482, "prediction_tokens": 1010827264, "loss": 2.562671184539795, "lr": 3.997064398438979e-05, "grad_norm": 0.04672212153673172, "step_seconds": 12.950841554440558, "tokens_per_second": 161931.71626603158, "mfu": 0.771006570508148, "elapsed_seconds": 6327.810244670138, "unix": 1789449609.6031682, "ddp_buckets_rebuilt": false}
{"step": 483, "prediction_tokens": 1012924416, "loss": 2.5675048828125, "lr": 3.8209889702162495e-05, "grad_norm": 0.04737874120473862, "step_seconds": 12.891026617959142, "tokens_per_second": 162683.0866269682, "mfu": 0.7745840752646311, "elapsed_seconds": 6340.720818674192, "unix": 1789449622.513745, "ddp_buckets_rebuilt": false}
{"step": 484, "prediction_tokens": 1015021568, "loss": 2.6157898902893066, "lr": 3.6417992496194923e-05, "grad_norm": 0.04487058147788048, "step_seconds": 12.928987193852663, "tokens_per_second": 162205.4356274041, "mfu": 0.7723098323456672, "elapsed_seconds": 6353.6695721093565, "unix": 1789449635.4624987, "ddp_buckets_rebuilt": false}
{"step": 485, "prediction_tokens": 1017118720, "loss": 2.484424591064453, "lr": 3.460174964636057e-05, "grad_norm": 0.04003533348441124, "step_seconds": 12.93390381988138, "tokens_per_second": 162143.7757080239, "mfu": 0.7720162505565318, "elapsed_seconds": 6366.6229281825945, "unix": 1789449648.415852, "ddp_buckets_rebuilt": false}
{"step": 486, "prediction_tokens": 1019215872, "loss": 2.535266637802124, "lr": 3.276805078389906e-05, "grad_norm": 0.042288269847631454, "step_seconds": 12.932852462865412, "tokens_per_second": 162156.9569452394, "mfu": 0.7720790104699998, "elapsed_seconds": 6379.576105860062, "unix": 1789449661.3690302, "ddp_buckets_rebuilt": false}
{"step": 487, "prediction_tokens": 1021313024, "loss": 2.5650973320007324, "lr": 3.0923851756685116e-05, "grad_norm": 0.04036018252372742, "step_seconds": 12.937150101177394, "tokens_per_second": 162103.08944387533, "mfu": 0.7718225307732101, "elapsed_seconds": 6392.5317336488515, "unix": 1789449674.3246636, "ddp_buckets_rebuilt": false}
{"step": 488, "prediction_tokens": 1023410176, "loss": 2.47735595703125, "lr": 2.9076148243314895e-05, "grad_norm": 0.042326919734478, "step_seconds": 12.916577036492527, "tokens_per_second": 162361.28148154318, "mfu": 0.7730518622598705, "elapsed_seconds": 6405.466229332611, "unix": 1789449687.2591536, "ddp_buckets_rebuilt": false}
{"step": 489, "prediction_tokens": 1025507328, "loss": 2.5336666107177734, "lr": 2.7231949216100944e-05, "grad_norm": 0.04368352144956589, "step_seconds": 12.938883513212204, "tokens_per_second": 162081.37262063977, "mfu": 0.7717191303165777, "elapsed_seconds": 6418.426386672072, "unix": 1789449700.2193105, "ddp_buckets_rebuilt": false}
{"step": 490, "prediction_tokens": 1027604480, "loss": 2.496676445007324, "lr": 2.5398250353639434e-05, "grad_norm": 0.044789958745241165, "step_seconds": 12.928797195665538, "tokens_per_second": 162207.81935562292, "mfu": 0.7723211820068787, "elapsed_seconds": 6431.37645613309, "unix": 1789449713.169385, "ddp_buckets_rebuilt": false}
{"step": 491, "prediction_tokens": 1029701632, "loss": 2.6045782566070557, "lr": 2.3582007503805085e-05, "grad_norm": 0.046750687062740326, "step_seconds": 12.929043226875365, "tokens_per_second": 162204.7326472456, "mfu": 0.7723064852415074, "elapsed_seconds": 6444.323113544844, "unix": 1789449726.1160374, "ddp_buckets_rebuilt": false}
{"step": 492, "prediction_tokens": 1031798784, "loss": 2.5189199447631836, "lr": 2.1790110297837517e-05, "grad_norm": 0.041278205811977386, "step_seconds": 12.902486791834235, "tokens_per_second": 162538.58917547986, "mfu": 0.7738960785763471, "elapsed_seconds": 6457.246153835207, "unix": 1789449739.039078, "ddp_buckets_rebuilt": false}
{"step": 493, "prediction_tokens": 1033895936, "loss": 2.564270257949829, "lr": 2.0029356015610215e-05, "grad_norm": 0.03799842298030853, "step_seconds": 12.936707399785519, "tokens_per_second": 162108.6367026257, "mfu": 0.7718489429736329, "elapsed_seconds": 6470.199263623916, "unix": 1789449751.9921894, "ddp_buckets_rebuilt": false}
{"step": 494, "prediction_tokens": 1035993088, "loss": 2.5006227493286133, "lr": 1.830642380121962e-05, "grad_norm": 0.041222792118787766, "step_seconds": 12.93986649531871, "tokens_per_second": 162069.06004468378, "mfu": 0.7716605063658108, "elapsed_seconds": 6483.155883613974, "unix": 1789449764.948814, "ddp_buckets_rebuilt": false}
{"step": 495, "prediction_tokens": 1038090240, "loss": 2.544368267059326, "lr": 1.6627849326703855e-05, "grad_norm": 0.04724520444869995, "step_seconds": 13.07072271592915, "tokens_per_second": 160446.5220155136, "mfu": 0.7639351051273386, "elapsed_seconds": 6496.244815268554, "unix": 1789449778.037742, "ddp_buckets_rebuilt": false}
{"step": 496, "prediction_tokens": 1040187392, "loss": 2.4726219177246094, "lr": 1.5000000000000007e-05, "grad_norm": 0.03833667188882828, "step_seconds": 12.936027731746435, "tokens_per_second": 162117.1540049623, "mfu": 0.7718894964625723, "elapsed_seconds": 6509.196531469934, "unix": 1789449790.9894555, "ddp_buckets_rebuilt": false}
{"step": 497, "prediction_tokens": 1042284544, "loss": 2.490648031234741, "lr": 1.3429050811184827e-05, "grad_norm": 0.03815630078315735, "step_seconds": 12.943728109821677, "tokens_per_second": 162020.70857844155, "mfu": 0.7714302902041714, "elapsed_seconds": 6522.157107556239, "unix": 1789449803.9500368, "ddp_buckets_rebuilt": false}
{"step": 498, "prediction_tokens": 1044381696, "loss": 2.412045955657959, "lr": 1.192096090862231e-05, "grad_norm": 0.04446851834654808, "step_seconds": 12.918493906967342, "tokens_per_second": 162337.19000857687, "mfu": 0.772937155367493, "elapsed_seconds": 6535.094244486652, "unix": 1789449816.887169, "ddp_buckets_rebuilt": false}
{"step": 499, "prediction_tokens": 1046478848, "loss": 2.439756393432617, "lr": 1.0481450993872745e-05, "grad_norm": 0.051366593688726425, "step_seconds": 12.882908535189927, "tokens_per_second": 162785.6003379661, "mfu": 0.7750721744867546, "elapsed_seconds": 6547.997158336453, "unix": 1789449829.7900848, "ddp_buckets_rebuilt": false}
{"step": 500, "prediction_tokens": 1048576000, "loss": 2.544610023498535, "lr": 9.115981621112205e-06, "grad_norm": 0.03765813633799553, "step_seconds": 12.916096014901996, "tokens_per_second": 162367.32814469657, "mfu": 0.7730806522778387, "elapsed_seconds": 6560.929688936099, "unix": 1789449842.7226186, "ddp_buckets_rebuilt": false}
{"step": 501, "prediction_tokens": 1050673152, "loss": 2.5033693313598633, "lr": 7.82973248338023e-06, "grad_norm": 0.037474505603313446, "step_seconds": 12.936738666146994, "tokens_per_second": 162108.24490780287, "mfu": 0.7718470775183063, "elapsed_seconds": 6573.880763247609, "unix": 1789449855.6736906, "ddp_buckets_rebuilt": false}
{"step": 502, "prediction_tokens": 1052770304, "loss": 2.491450309753418, "lr": 6.627582764229886e-06, "grad_norm": 0.03854374960064888, "step_seconds": 12.927659511566162, "tokens_per_second": 162222.09427187598, "mfu": 0.772389149261709, "elapsed_seconds": 6586.824981901795, "unix": 1789449868.6179063, "ddp_buckets_rebuilt": false}
{"step": 503, "prediction_tokens": 1054867456, "loss": 2.5579349994659424, "lr": 5.514092629313352e-06, "grad_norm": 0.037082377821207047, "step_seconds": 12.900407932698727, "tokens_per_second": 162564.78174495077, "mfu": 0.774020789433653, "elapsed_seconds": 6599.74037152715, "unix": 1789449881.5333025, "ddp_buckets_rebuilt": false}
{"step": 504, "prediction_tokens": 1056964608, "loss": 2.5441269874572754, "lr": 4.4934859281115805e-06, "grad_norm": 0.04294741153717041, "step_seconds": 12.903895309194922, "tokens_per_second": 162520.84736813026, "mfu": 0.7738116043896055, "elapsed_seconds": 6612.658324754797, "unix": 1789449894.4512508, "ddp_buckets_rebuilt": false}
{"step": 505, "prediction_tokens": 1059061760, "loss": 2.5989413261413574, "lr": 3.569634171426466e-06, "grad_norm": 0.03891320526599884, "step_seconds": 12.89618247654289, "tokens_per_second": 162618.04637260284, "mfu": 0.7742743986637802, "elapsed_seconds": 6625.574722278863, "unix": 1789449907.3676474, "ddp_buckets_rebuilt": false}
{"step": 506, "prediction_tokens": 1061158912, "loss": 2.4630770683288574, "lr": 2.7460418454142877e-06, "grad_norm": 0.0405394546687603, "step_seconds": 12.884909224696457, "tokens_per_second": 162760.32399051727, "mfu": 0.7749518260435287, "elapsed_seconds": 6638.478089142591, "unix": 1789449920.2710161, "ddp_buckets_rebuilt": false}
{"step": 507, "prediction_tokens": 1063256064, "loss": 2.4480743408203125, "lr": 2.025833117869329e-06, "grad_norm": 0.03952745348215103, "step_seconds": 12.900818838737905, "tokens_per_second": 162559.60386814995, "mfu": 0.7739961359739925, "elapsed_seconds": 6651.402118341997, "unix": 1789449933.195047, "ddp_buckets_rebuilt": false}
{"step": 508, "prediction_tokens": 1065353216, "loss": 2.53800630569458, "lr": 1.4117399871853055e-06, "grad_norm": 0.0378047451376915, "step_seconds": 12.8980253348127, "tokens_per_second": 162594.81165226398, "mfu": 0.7741637710334539, "elapsed_seconds": 6664.316046225838, "unix": 1789449946.1089706, "ddp_buckets_rebuilt": false}
{"step": 509, "prediction_tokens": 1067450368, "loss": 2.5226454734802246, "lr": 9.060919189497185e-07, "grad_norm": 0.03805568441748619, "step_seconds": 12.87308289296925, "tokens_per_second": 162909.84975676483, "mfu": 0.7756637640807181, "elapsed_seconds": 6677.20633582212, "unix": 1789449958.999262, "ddp_buckets_rebuilt": false}
{"step": 510, "prediction_tokens": 1069547520, "loss": 2.501610040664673, "lr": 5.108070094829465e-07, "grad_norm": 0.04272041469812393, "step_seconds": 12.914586466737092, "tokens_per_second": 162386.3067858534, "mfu": 0.7731710154097109, "elapsed_seconds": 6690.1366773033515, "unix": 1789449971.9296048, "ddp_buckets_rebuilt": false}
{"step": 511, "prediction_tokens": 1071644672, "loss": 2.544116973876953, "lr": 2.2738470984192793e-07, "grad_norm": 0.03702951595187187, "step_seconds": 12.928029235452414, "tokens_per_second": 162217.45494270694, "mfu": 0.7723670599925124, "elapsed_seconds": 6703.081967560574, "unix": 1789449984.8748913, "ddp_buckets_rebuilt": false}
{"step": 512, "prediction_tokens": 1073741824, "loss": 2.5235536098480225, "lr": 5.690013788867687e-08, "grad_norm": 0.04223295673727989, "step_seconds": 12.917912994511425, "tokens_per_second": 162344.4902354614, "mfu": 0.7729719139868909, "elapsed_seconds": 6716.024169734679, "unix": 1789449997.8170965, "ddp_buckets_rebuilt": false}
{"status": "QUALIFICATION_COMPLETED", "formal_promotion": false, "mfu_window_passed": true, "step": 512, "tokens": 1073741824, "unix": 1789450045.169337, "model_checkpoint_sha256": "fa2d820153dfb7ea989fe6d9f30bee17ff484a84cc96ce0c334152839cc6c52b", "model_checkpoint_resumable": false}
