image_sha256,questions,before_sum,after_sum
09cf31be6a014d3aed8edfb0a84149e18e18805b29046e2e58fe9085dfb04ac1,5,0.0,1.5
ca886fcfe19bd4b2b0e5b56f12c9f0b9af0e4a5912e53099f90231c634f5bba3,3,1.8722222222222222,0.9
8677fb8898aaabe7cc4c11e96f53627fbda881a18ec45af2c579e86b15f66f37,4,0.0,0.9166666666666666
de4291c07407ffbb66b596a35276c5fe0f91e775ff664a21fd61cbf3f3fcc396,10,1.4190476190476191,1.3263157894736843
10b21865f0e321db43312cda7e2bb653cccaa60a33cf260e24736ab63c47a8e7,5,0.7,1.4333333333333333
fdc7467542ef5c4c230f891c50e74a20392e445836873dcf9414c3878fc6d946,5,0.0,0.5238095238095238
c7f48bea02e7a16646508e2b2cff6bd06f0d88e0909502f046abf5e131ab84d7,5,0.0,0.0
9b3844477ffff5c79b54428482908f7120f5b0ecf6b7acb58468941a0896fcb4,6,0.0,0.875
b1f2316f3cb1996e7ae0971e7724954312307a4064ffc6528e4ee6cc92f70769,2,0.0,0.0
50fec56ef8676d6d32accb7deedd5ffaf521038efde706220c0b8c8049c2bc64,3,0.0,0.0
8bd848ae0363db9ccd493129ef276323739112be422d46700bee3943c48131e8,2,0.0,0.5454545454545454
cbb356fa496b64ce5ee93b119cd56042d267100c0a5bff1860f1088086296809,4,0.0,0.5714285714285714
137821ba2ae90464da0f954057f9661c521795e654c73b4b21ce10a8489dbb80,6,0.0,1.4285714285714286
20415b0ef10ffa501669dcc1e402a726432b5d7c4cffc22e4baec6e93f1c9de8,9,0.0,1.1454545454545455
e588c2c46a61c709e703f517f2a4cf994cfc5b2c1caca9a89c12348564a87d95,1,0.0,0.9375
ae59f690d8d85083a921269952e5edd84c1284b951e7b3635248948164550f44,3,0.0,1.1008403361344539
2ce0665dad6561f59d60dd01d01d074ad5ea05866d0c7521af19e294eda5bb88,2,0.0,0.0
7399a2433d1344f3e5a6374d10fc7e0a6c224ccec7ea10aedf902f31354700ba,5,0.8947368421052632,0.9090909090909091
f6bc9d1aef26f7a5cf7dbd2b9550d1d6bd3aff770fb7f2751f32bb710eab5edf,1,0.0,0.0
bc9cd1169564a85ac06227194612ba9d092e9286fdd2ef31ae3c974279e340be,7,0.0,0.0
ab21b08fce0c0bc41691bddcc9faef6a914fe153fda1fc1007eec2f08e30a7fc,5,0.0,0.0
833b86dcfc0462ea0991dbd7824a9b8e448f68635a97a038c8c2080be9fbde41,4,0.0,0.6
523e51e514634c31e01302f65be2c3051da89c58a4ae024977ad87cfdbf6b4ce,1,0.0,0.0
436f7c7cddd5e12124116a56470c57ebcc6d351f6aea5eec7f7f7d4480967c75,4,0.0,0.0
f95c497ecb5a1b20a6faac9b3d26771aa6903e073987c5099960536024321d36,10,0.0,0.6666666666666667
e9fc467eeb2c4c0999aa61ac91b5944f78df03e3e3453121b402333cb29bb9cb,4,1.6875,0.9090909090909091
48a166dffb7f6ff609e4208182b08e35be2a6a184371119a6ed94427f3004275,4,0.0,0.0
9f2aa63972d1b5e11fff0a07c3e49f4f6a6289dcd0e7697eb8851183a130d152,8,0.0,0.625
ab29ec72654e76f71f210b9d68f283762fbe1bb05e6f99c694b750c78ff7c9d0,3,0.0,0.0
0bb3a93c8ee4f2720947e54f4c2b53b209a7f9ddbf6877686f5d6bc453bf27a2,6,1.10989010989011,1.2527472527472527
781bb4feb3b554e393231485a2883e44719765534e036d77e77a7cd65a20e182,7,0.6,0.6
85b1795ec8895211e5567a86b1bb04931dc502a4553686f036cc0055e9836602,5,0.0,0.0
88bcbfd8eaae5f0fd0cbb370502cfb266315fab357e88ca455b3ff82cbb13348,4,0.0,0.5555555555555556
cf538af232d88e76d3b69582243de4c76dd306a3ae62c62cefb64103af86990c,4,0.0,0.0
9d2b37330e2ecbd57608b1115d3bb69a2647e7d1ff1dff017ce378a163e9a109,2,0.75,0.75
72bb342054ce68886b7159f06ce32dc41f87e2cc59df111117e9ff6c52cdff71,7,1.3555555555555556,1.4
5b22189479805ce0b77a3bee6dda82d0cad952d192705fc744e78fee0afa8b6c,8,0.0,0.0
2bb999aa80508996535adfff24b9fc1cc4e1eb1ad5e4bb1ad8e133b0a7ee2431,3,0.0,0.0
47a5e8128009ef9e91cc60f6a5bc6c9957a9a1fb80eca4a90856d45333d818bc,3,0.0,0.5789473684210527
50a7471bae8af290ed6fbad7e1856431adb4684ed8dab4c307aa26f2e1a933ce,2,0.0,0.0
a05e60654806348732d1d1085278a1366c403e7223ce85f236a66f9921775a00,2,0.0,0.5384615384615384
dc66afc54f431df4fd5c89b6ba71d11a54f4c859304bfe77026661923fbfcdbe,2,0.0,0.0
97f9e3edbef6bef3d8ccd1121ab75a047000203e3be3f0c8e4f1ebec1ce3f4df,2,0.0,0.0
19d70a870885ce1a4f981f585cae386d98da9c8ae2cd7e41744f807a96f3ed5b,2,0.0,0.0
80483c3a50ceb1c6347229d925dee640043c9b03845fcb9856d14b3886b1916e,7,0.0,0.5882352941176471
1a0f7f6d6bc81371150d9a8db1ea408930fff305080c89bf168488629d84473d,7,0.6511627906976745,1.5910852713178294
3383fde2eb0425219df2ba64cc0397a5b2a4da22a5b6524e54af587f02af2297,3,0.5625,0.7647058823529411
f43b02e38fa2bca8ea1ae614ecc46b0df83e0697f1eb170455f201d998e093e5,3,0.0,0.0
92099c92af53a17b4ca9164ba0e0b78f1ab450b7b410c4adcb2ad20eedd533ad,1,0.0,0.0
6f2e33d37eee4ba12426fed5a26f5d3c723a06d7d2b0018f5f86f7083a012fb0,3,0.0,0.0
674bfd1d85dacd272075c0117f201981ee506256a5637aa972c0b93114017dee,3,0.0,0.0
7f7646cb43c6f40ee650630863e2e01629386d315312c97915c41707330eb3ca,3,0.0,0.0
9d96180576f50b046a2872362f8160b1e542b2a5124e6d4f3f92cb53bd11930c,2,0.0,0.0
80b5f5b228e608a9f2caeb2dacd46d037308773e684856b9b78046c4e8ef80a4,5,0.0,0.0
b6598cea17c0fa704aecab2645e4526d4c2af653d39a8021a09b9f4605498a2e,4,0.0,0.0
9b0de8f777cb0e8e00d031042b04d61c7e3080b98da5ee1792234d65794d0781,2,0.0,0.6
d059f902cc0bd6ad8712fec6e86334b41d3d5a544c2b243020bef070362544b9,2,0.0,0.0
88fb4578ecc4e880c1645df71f05265872e1d033251c94788231f862b694e44b,4,0.0,0.0
23e859a3f881e6ec4683cbc30571e3d9c7ba34e70ba815b5fd4de04418392b58,9,0.7857142857142857,1.4761904761904763
083cd27b188706485cef1157cc8d93fd5ab4580f9948c9775406dde981e53f27,5,0.0,0.9444444444444444
0794d62eef44b89b3f9dbd7aff57156bf9653cec9121f6ef113040a8fd6317d4,4,0.0,0.0
9960e98ec72010b7845f5f54e4e6c7898177da72602132dc312a4ff6eead63d1,4,0.0,0.0
61e99194ead3089c86dd02909c39abcd22084f429b5675e464cbc6bca81ec2dc,2,0.0,0.0
1291d6d8718a82046ce186ac15ba7fc74c7e0740cd44f88ee4fd64d6d49a18c4,3,0.0,0.0
fc85ed5240a470578b90459615d1f16b2df42569be7e3bd226cf7f533069218a,11,0.0,0.0
47f422568f588b5db54e5ed2f8675f0657d0428ed2b2b16057c01864392775b2,3,0.0,0.9090909090909091
0a7c22a4838d2e811302b6912d5c9d837b9a832eecc08750b1022827c30e1206,3,0.0,0.0
ec0e499ff04020a5287751f02e06a29b28550088137077a5bd574e0cc3417f57,2,0.0,0.0
1aa8c69d8fd6cf587739c208613d55ca4ad906d0f0893cca29b122a96ea3cafa,1,0.0,0.0
fe037b95e0a1c23e681631fa822c455eb3c95141a34dc044475bfe15c8a9a362,9,0.0,0.0
b3123ca0e68f4979b54dbb3bc876a505f2855e47e3cd602b49a20ef4e1370a42,4,0.0,0.8
46d3e4e522dd8cb7377e6290dc9540757d7fa85aa8b6340026a0a97a44aa94e4,2,0.0,0.0
526d0591c49a483e5b4923d8c58095cac2fecd3d618279234f8fc617f13d673b,4,0.0,0.0
288e1bfb7dfedafe1782aa1abc9c0d131d869d8a48d6fb0f7083399a12d98a42,8,0.0,1.8111111111111113
cbc83f46eebfac3cb90ec653a65f69bb22b340c2f1d7c108d329104a62bf34a4,5,0.0,0.6363636363636364
226732f4c3029b398c01a147f52ccc867b39f740b7b47f3c7bb217b2e34fa8c7,6,0.0,0.0
6f0a5e7e22904ee1ca299234cc9888c1b257fc9705b894782afe6c71c9b7c42b,4,0.5555555555555556,0.5555555555555556
f8e1cb2f1046b2b13301ea5acfe0bb47356a16257954ac7c95e6525f70f88c3d,3,0.0,0.0
90145ea1e7581fd57150d9c0cd6a2bb25a38da41f0a8ee22213d3d2b2492b7c5,5,0.0,0.0
d338e5a0cf3e4ef9b4e0c03ef7d64b1343f56d9ff8d264362c9cc267570faf30,7,0.0,0.6799999999999999
74195a95318c0b048e3d4212dcb41ba051e2951b1735ddc49c4d4f6e3bb3729a,3,0.0,0.0
d64b177cd276174ae68f545f7df73685c335f854d72ed7376db663763861e257,5,0.8888888888888888,1.5888888888888888
e26f9f65e19526372e85e9c17f165d820025d63f4fd7f472615b00643eed9629,3,0.0,0.0
17b9f66482c87085c97eac11b17a4b7881c7fa92a9efa1978349c33e0d1d4119,5,0.0,0.0
8582b8f450c7062a00772d70c03bf641e071155c2900a44c097b325d34867ad9,5,0.0,0.0
a731ae951c1ac0e30ffdb06c1a64ac3d4e8681630bcf760a222797918ecebdc2,3,0.0,0.0
1a4a4b885a674de5c47a2da2e1ad64342685d788ebce09ecc7da402cb122a88b,4,0.0,0.5555555555555556
6623c2ecd6e6edde314918c9aa568ee14a15cfe44e31e221305afd66f09b0f65,4,0.0,0.0
e367934b51b1fcc8e665a32a311538d26ccfe7e4be753e8c688b2c0d721c519a,3,0.0,0.0
45a5169b28c3a73636a0b717dd35e94e7d41d2e11d48ad89c51b97f25469618f,7,0.0,0.0
85125b3089a841b95248bd00686f37569c9fdda6f55014ce2253d9dc85ff48d5,2,0.9285714285714286,1.7285714285714286
9c98aa096e42030ce4f55b58f18f7105cc36faaff574f10b840599eac0d9a1c2,5,0.0,0.0
07965c038f5ad3c5d8fe7f7becd6accd39d485b3eac5e37051bb49fa0cf3f06b,4,0.0,0.0
082d0ffd56502a1667765a01c30aad1bccd8c96bb850b9ddfd42c3cc28d6fda6,5,0.6,0.0
101311e7c518e193680527f8a82a962a956208133bfa729ce7e1be504e22a1ee,5,0.0,0.0
d5885fb60b749e9b2f171975703bd275d4770965f462d9adab87a0c617e7c6b1,9,0.0,0.0
f7a46659839f6f5c1aee8baeaf94bf9a57ad9fa3b79250ed68330f29729929d1,6,0.0,0.5238095238095238
7aef713376f6ab8ade419c7cee363e174779db274294f179d79a64e461c9e6c5,6,0.0,1.5208333333333333
74b96b0ad63c6b8ba1fcc14594b2b536d783ce67c3ff12f6c8a281a45b2ef968,3,0.0,1.5128205128205128
7b9aa73e80aa30b38098e2636ab901e265dc2dc5baf72d98bd43f8a93e799377,6,0.0,0.0
6d7960d301f4a38d2c9870f9aa1690aff88198b77ccc4963baccc9541820451c,2,0.0,0.6666666666666667
761ebadec37dfebfc4561016428993207f0ec3961f7787d44923fe721b649e54,4,0.0,0.0
4ce38e4a7f96107ac06f471e0d10d3a0e29135311ebedd27f88c21c5a0b20b04,5,0.0,0.6666666666666667
013433c8bf34cca0260fb12e9aaf31d1b29891e601ad6ed9ab4466e7a65cf1a5,5,0.0,0.0
a7e6649475abaad309946e3c0af0b081f5cd85afab1e45f75b62b993da1c0393,2,0.0,0.9545454545454546
d545f59c353c56e7599045d53210bacf18e14959620b4fc9537696e6ddc382f7,2,0.0,0.0
b0a83eb265cd3eee9eff0496efa4865b8821e97acdacb49c54c90c4ec9a60592,4,1.5833333333333335,1.5833333333333335
f6337cbb5f4d5853d10811ba37defd5248d55df6e7c551da6608f4d9e2f57f8e,4,0.6,0.6
4d3f4bac4e515d57f72186367aa16886d052ffec036baaae33f20e0df70a7d42,2,0.0,0.7272727272727273
c04601472ef9fff9b876a187ffeeef8ffc5bae615a0af746accf12cdbda6988a,6,0.8125,1.5626598465473145
9c8c4f12909f08dee0f108e45ee864f6a98b1230ea0df73103e96641e563c920,3,1.4,0.6
4c739814134716fc78d7908bb23a2ec031aa520fa740eda13ba141c0dc8b8c2e,8,0.0,0.0
cba4a324cd2266f73830c8e6e5a9a93cef84060a01c6139c05425647e98b9b14,3,0.0,0.0
42ae7ecae313f67c428fbe6c32c749da1202a5068d74a7fdf5827d44caa4216e,2,0.75,0.75
c3ff8a9079bfdb5cb97f27c649f140da5060a380cec0fd5b1b0e7346e3e38f95,2,0.0,0.9473684210526316
3b15c6f020bad4abf866244f3543bf1945e53d57b3f2364ff7c6b645f840a6b0,2,0.0,0.7857142857142857
d4cb48e30f6068774c47991cd3ae88e499c5b0d4debe8470b51af4d9655a6839,2,0.0,0.0
5eb6578dfaa57092f653b9350df56a55bc2fbb100afa025724d45e69aa627c15,5,0.0,0.0
79a1cc4de4342f8d1d47c13177d3b23b9d6a79e05071e66f384692634e0da8bc,5,0.0,1.6923076923076923
9fbf821efe36504820bbdfdee0b456213dd87ccbc30d5325bd721e50598c2e27,3,0.0,0.0
70356cfe4e2defd4a087446f5585213a4714988ded86a5e045ae1b82352f3f5e,1,0.0,0.0
666933433a2e5c850d4c2da0b4d80b7648f907b6c95a9e332b388f02e48e57b6,5,0.0,0.0
cd3db85e334516150eb9c3a4fce996ec28c279b6640d43a5373f740dd5035f7e,9,0.6,0.0
4f333170056e1a7fc5fba0b7387814d8220e64a19a18c00c98239036a0bff665,9,0.0,0.0
27610f644070a68ef7d9777161ba0a4080d885cf356c2a9a0c05d953f6438f9a,6,0.0,0.0
0993bb6762d0c8c8d14cbd49d08f7accd86fe13ca23dc19ffd27cfcaf11b11ba,3,0.0,0.0
b5a6235873f22f78544fe5a7a0d118c749d1427cef16c8d5999a02c8333b0973,4,0.0,0.9230769230769231
63e4d73faf08a53f456ddd193d2313ae0e35cea981688f5ca355a73cae0a1a38,6,0.0,0.8461538461538461
bc3cc724c5347f2d8064c4b9b442a8402ff16b7999c5f082b3963e7350888206,10,0.0,1.1428571428571428
7baf47443381ca6cb5f8cafddc77deda69dabdec8142547c9ac5cf4b0f2aa4d4,5,0.0,0.0
66569de6724fe687306c148359ffe6ad72751afcb5cf4ec253cbcbd4b7802870,3,0.0,0.0
a01ed42e6bdb4fa7364bc1dc42ac39cefe04fcea0fd9be620b05c6283e1fc175,5,0.0,0.0
3e32b275037df041c6a0911cee9102b78e73c9cc6f636d601c024e054644d39b,3,0.0,0.0
5cf3b5b26ee7228a8736b6782561252efcae5d1eb8717b2378eb61a9a290c600,6,0.0,0.0
900cc74573e6d7d6486265995228cc644746587cfcaa907f96ca3eab267102a5,5,0.0,0.5625
cb176410963c8f21651aacc5185573d4d62ac2122942733469640f7117cca4af,2,0.0,0.8333333333333334
c6886d8ec318b7c7dbd08f8fbf8b2698fc5fb3748f84e220d0f1a06dd19e8e63,4,0.0,0.0
aa7173054fdb8dc9eec92897e7b583f873db5e4d89c3278535b61615813f0116,3,0.9655172413793104,0.9655172413793104
f6ccc2c2bf2bc9d21e9eb40549db5daaf7723f1af6994820a31bbe1a4ca97e5b,3,0.0,0.0
eea02d22db3a12c3727fdf1739bdbfd4384f704dc40edc526616d4736c125d78,3,0.0,0.0
72e6ad493b4e273b5138a3eb30873d172718759646a2b828cc951f2bded64e1f,3,0.0,0.0
85b00ef25b97814264282cbeb8174819a5007220af6eaf200ec6a306c4a2078b,3,0.0,0.0
f48838ca8949507b593028a33792747f0ed1cfb45b1f7e16bcda6aa7f8db56f9,5,0.0,0.0
7cc46ae33d8592a9cec807a513b99c59cf22284b229c389d6b9068459e49bfa8,5,0.6,1.2
5003f56fe8268fdd21711c4c08f2562e32ca7e269bc49b40a1de2dbb9dca046d,4,0.5789473684210527,1.6644444444444444
701ae667a42a8d5034f46eec8c352fd27452e1150e6c6524b2988cb6c14b058c,8,0.0,0.0
77d1d3a7b8f1877ad5246050943d329bf4b533c9e6fde4558e38076bcf348d1c,3,0.875,0.875
822ec8dc5195b6ec04e394f19277af85a93d9966fcb1a3252815ca11dbb10e93,4,0.0,0.0
e6747a57b515934761e848e7166558ea44019429d744c9b64a629c268abd10a5,4,0.0,0.0
ea6514219fdab162af47723fa8b729e7422032d7fefdd9e1b0d934b136d37de2,6,0.0,0.8181818181818181
f46d42974e68a29c149bf0a4548e2fc0cf3864321a18332c1cd550334efb877f,1,0.0,0.0
627b13b5d0ea63cf586f014341761d658c80abc9dedcaca60fabd0d4e23b5ebb,9,0.0,0.0
f0c1cef511984b62c9d422062342ec9a356861bb406e1a7e96b3ffe196d2f518,4,0.75,0.75
897db22d222db5784a2269ccc31108cc53cc8f447050b2c4e83e7fb4650eca6c,4,0.625,1.1168831168831168
ce5ba8199ffcceb6b5d0958f01ecc144512206fa3130e913a3f0afeb068a8a3b,7,0.6666666666666667,0.6666666666666667
9fdb08db6e8166d0fd7a06dcef0fe427524a497dec413daa33d4c52b11ef7cbf,3,0.0,0.0
7e4b2b4240d649af31a76916dda0cf9ef8d6359383a07cb83c6b8f8fd56531f8,2,0.0,0.0
e36bc1a4455315fae3cba626c3ffe3dffb2165f693cc4e198b9b0f749cedcff2,2,0.0,0.0
10452a079b746c6cbf22bb648b2a6c0066a393cce4721037144024a0b698b405,5,0.5882352941176471,0.9444444444444444
5fa42267725d4d4af86f8a6ea7fe4f7d5d234a2795bfc45603d5e3591ac3ec86,1,0.0,0.0
c65308d4818aa20ef4cac9b974e00ebbb6f6831268b35b90c149363ea20bb18a,9,0.0,0.0
6e10af04caab16b4088dcaedbae50c235cdf9e20ba7c7afd14b3eb47d06fdd59,7,4.005952380952381,4.005952380952381
0ba07059d6b02024d3c6404592aa7067eba54c4a706c22869a107989e5f402fb,5,0.0,0.0
c1e9a75bd6ea0b9c377015595d498d6bb3e2a89768bef333cc08f44901fa4328,4,0.5714285714285714,0.5714285714285714
b011ca289d14aa949d7716c30e996fc49d27e8c76c0da5d0df832e3e6e5ae40f,4,0.0,0.875
f6f1f2ddaf4c0c6caa93a7c633a9988a7513182a99452c42d57917689b4ca296,5,0.0,0.0
d60a565747baec1191d49e2e11410addd313385ab16733a893b6cd088cb8ae3d,3,1.25,0.0
d1ffbaef7d9461312007dd3fea201a630650d03e7cae6bb75060f360053d918b,3,0.5384615384615384,1.6153846153846154
74375eca9a653d2c4872a78eab41669d9903f309b019fc975c955cb926f50df4,6,0.0,0.0
599f06cb2b2eab0249d703d0839b6670e37d710af54c3ccbb5a47f5ba0ade41d,5,0.0,0.0
f0b63535e5ff4abd4053e1fdc6339af5106dfc1fcc04a15272c4fa0eb723a7be,5,0.0,0.9
281448414ba94ac302a9d31e31731d021a840be31bc2990a18820e9acc6ae0b7,8,0.0,0.0
3436bef0526db46473a3bae7ba2c5b9596c6e60803950a105043956f4708ff34,1,0.0,0.0
891b1f0aaff9e8ed4edf64389ff1fe5a756173836020db14067e5daa8de070d2,5,0.0,0.0
5b473640cb6291c12fab558fdef9a6b79ea105d97bacaf0b6cf1b4dd731d8f8d,7,0.0,0.5714285714285714
3d57a6f43f772e527abd84de9107439f0a74b034cfde353d37c7d2cf125298a4,2,0.0,0.6363636363636364
fea496438a47eff56fabf8e28bf7aeef1b20fa6581cfe126e0deb6fd5da2c246,2,0.0,0.0
bc4c3d5d847db842dbbc966a9448724734893a528f82fec4eec8e5d089fd5718,4,0.6,0.8666666666666667
0da0bef545aec2d26cbbd89f4ae8a3622ff9912916c2f810885ee98727fdb850,8,2.2857142857142856,1.5714285714285716
148c0cea3363067a024e078d3ba032e90f30b9344da5c3cf165816255faf02eb,7,0.0,0.6
f8014caea3468b5b9603a3b5d35391c9d510af6e36d45b101030408e33b92e8a,5,0.0,0.0
c641106f1a98be04078742bcfaa57507dbc0686920478007becb8f161d4b0cb9,1,0.0,0.0
9273d32c6f5155704128478996e185eb32d03fb86d3f7590ebaf0cd7e26dd785,8,0.0,0.7692307692307692
6d9bf38a79b24997ac1479e373a4480db0135fc6e5e33250284b087b33347bec,4,0.0,0.0
496ead6da08fd9aba85334ce9064db8bae3cc0612459d8ba25b1bf667bdb64ea,4,0.0,0.6
e7aef551eda531ffbf752a2b05542af6c3f27ab0632014f07f74170262c6595a,8,0.0,0.6764705882352942
e9f626a7c7bcf6868b5633eb3f81a3df49c3ab2ac8b0001257a9b05f23c1f917,3,0.0,0.0
f0ba06765608d6b8f86dec5ad5a8e4c9bb10b4010f547491c5aaa13a094e85df,3,0.0,2.1071428571428568
66a5ce16b952a81915b1bb7d82259a85bf25129e833f913b04083c9dd29b5c7b,9,0.0,2.466666666666667
7a25797322e3f8b67d2b09f39cb6342414a7f5ec6ef4bfde39e9a87f5db7f70d,3,0.0,0.0
5468ed8631b30735e401b4fe1da1fa3905daa83f0c4bfaad63ee13f446c904ad,4,0.0,0.0
aedb8dbf274c3e17e2b5f9bd86df34e09bca585adf511a9337e180fcdca333c0,7,0.6666666666666667,1.2428571428571429
69c59c37fd7652710d01fbedb1b1b7a66ee5db7eb18b2b9e41f5a1c254090a59,2,0.0,0.8571428571428572
95626551421222adb81a1a9878f7c036b11abf4f7c8a132b183e79986213cf4b,2,0.0,0.0
248f6dab810f2978a13ba4f50ab3523cfca10f00264c8acf0c25a760e6cbe5bd,3,0.6153846153846154,0.0
efc4d0416374309f8a04a35a14d173fd403b63b05bf1c63f9b70f3e12feb0898,4,0.0,0.0
b4067cfeceaffd277a86745d0d947aa9302f6b8b6d6cf7fc4193566aa6d65e5a,2,0.0,0.9473684210526316
584cb473b85d1e8315d20de83bdbb99c98c88d8c44a9c5a562904a4d56b6da8b,5,0.0,0.0
1cd7d5fb352bc78d6c4963efba193c0eb74743d04cbe4a9380a1d371ffd921fa,6,0.9090909090909091,0.9090909090909091
079b2ef93648318969735020ae526621aad7fc7a97006c73058d9c55681324fc,3,0.875,0.875
1a1eedd8922ee800b9778a2c72e60ed07ea4bf3ece3a2f127884c3684d2a6c9a,6,0.0,0.0
e850b8743a0cf8eae6aa1935a752cd2f2d36283f4ab1b5e0e10623e2aff85404,5,0.0,0.6060606060606061
ef0e5a6d20e03aed68e3e0aede9911cba9193c56406eda4829fab2edadc269e0,4,0.0,0.0
4a133fc69b87dbec843b22425336b33a8d74ae60d67c23af8bcacfb62b89db5b,2,0.0,0.0
6c22c15d278f6fb603c7d4fd97cc7efbbed3fbdd0d278b2d5e052bf60a2fde76,8,0.0,0.0
3cb9d0f0b3e4d7e2779d83773cd45ef770b5b6474df3b67d7defdc7baea45d92,4,0.6,0.0
280e1e8b6f4d2b136e5147d4ec2e2f55e72d1b126b22df65714f5680b0b354f6,7,0.0,1.1886446886446886
1d237cc009e03e1564ccf31d3e13018a76bbd5085f681784a9a702172642e854,3,0.0,0.6818181818181819
428b24304564a784b64d4259ae31af04fedbd5eaf0df2e1cff8970e635c28de2,3,0.0,0.0
da4bcb10d87b0b8aafe9aa6005376e566438e029594d4226209dc9ac7041d1a8,3,0.0,0.0
7838b85c65fe15336c8c1fc3149f75ff433642c0a29166d0fa7cd09b40d1d630,8,0.0,0.0
c5c8b559e499bb1704047dda25ec98f761f501f7499c6d36d6d034354b16655b,2,0.0,0.0
a9235be38894184b6e9836f7c4b3ad320e9f31ac968ef0c32ec67678f1a54de3,4,0.6,0.75
8a2ceb06dc5f8b0be87fa32b9017945a4c8fac23d33fd19379b4c03bf935cac4,5,0.0,0.0
2d203558b7e22bb4ec3628a9421438a1e02068799e93a764af910bfc52100697,1,0.0,0.0
0272dd0395a97cfc686a8d6b3973ab9ff0e67885436230f507516645c3d0d15c,4,0.5833333333333333,0.0
d86167d32dc3ef8d759dae441d5a59b9d50ac7578c325ad04a1d06034be5477e,4,0.0,0.9333333333333333
a7a6a24e6884d19e10da015b0e8c39c7db82a45625d55af242b9ada4a89a73a4,5,0.5454545454545454,0.0
5eb7a11769909162ae520af10a08d767ad2fed04e5ef4a6c099a7f964328bcb5,4,0.0,0.6615384615384615
802e79265f8add58562c863bcf176ead7f2b0d202cb838628f27a01d18080268,5,0.0,0.0
662036f1f74a862d7cee800ffbd903be6b5f6ee6b888c6661ac5e52274abad12,5,0.0,0.5714285714285714
a5a8c1227ee877958fae06deeae5925c49aa14410223c60417bf4ed1c3f312d9,11,0.625,2.1214285714285714
3a51d1ac52f172fce4432cd6d2dd6a6444c63770eeccfa206da16a606d82099d,4,0.0,0.0
260af688f15fb18840dd90c1dc857b3128f204c8ba562bf56b828cba8f90ae83,2,0.75,0.0
a4f02446f83ee10b19a114cb850ad788b349326ea3fc71241f4a6d0284b4ac77,1,0.0,0.0
6417be66a381bdf6a2551343e3f66d6540ad987d6a1b15f7b61e85b9c8f42358,3,0.0,0.0
e5954a700f18ca49401c92a2dfcbeb703b133bb1ba80450a16ea989812de34e1,2,0.0,0.0
5e96619780fe31edd7c52ca8938262afd5d40be9fd45d64d1165213fcc4949c2,6,0.0,0.0
2060d31c60d7578c223f23ad4207c6be65dbbeed9ed0c8d5ea903e7916571553,6,0.0,0.9523809523809523
60fe7f5edef17e71cf00f5b530db58f6e8cf1f27a00762d5ee4d0aed0e0ee77b,10,0.0,0.0
efd95a02bc1653ff1abcae4eaf33e3f6070ce0b938577ff086749db56da2a552,3,0.7142857142857143,0.7142857142857143
4763f9262d372725d64f052482957ed6f8d8f8e859002a6b534b6799d3bf033d,5,0.0,1.3833333333333333
855a43a53002520b4e5fa14752433cb970db467dea781afd7a79a8daab7e5fa0,8,0.0,0.0
aadf9b16f25f5ce534618d46d019244343a444fd289e450c3b2b40516c8644ad,2,0.0,0.0
baae525dbff5f62e1ac55e2a6fd05d95f110b8a28f56afd17d3c024b4c84cafe,3,0.0,0.0
8b07ee3662dc48a2be9dae0633fc0d6c7d46fcbb29dd15c886a934e8680e9eed,6,0.9090909090909091,0.9090909090909091
bdc8f1ab52d883a1b64bfe4144c6dbe84d5864920f6c3dff5fcf4c717814f38b,4,0.0,0.0
7390dbd47891b88cacf2281cd04f0ec3b558a22d0b9d9c13bfdf6de9f893516f,1,0.0,0.8947368421052632
677f92c3bbb6f408bfbbe7a9a3830f3b9257e588bb109866d2286d83b5c2c1cc,4,0.0,0.0
a46a3f9dcc76ec86c2c69785e5ab4d8ae4e70bd7afeda7ac56a81f787d2c4a9c,2,0.0,0.0
41fbe614ed085924ec187a108baf7e4b05dd9702be4ee1a4f4c98bff4123aca5,10,1.3333333333333335,2.25
10dc3585a8f1fd1b4a03a205551812ce2ceac9616a628c13966e2456c2c54221,2,0.0,0.0
eeb988ef5227f9c93bd885dcb77e01d7bdc566c226d3d8ca3f4e13dfa7c0fa3b,5,0.0,0.5769230769230769
6303fcfe309ca8f7d8d56c2bf67b0a0fbe10b5f4a0edd1feb23cf4900d34b6f0,1,0.0,0.0
e4d6d1a8ada64f5748e4d99b4ce60436ece0bf90886f0939c4a74e7472c6c36f,2,0.0,0.0
d21e14192a742aa32e21af4119e150b73075880773a19ea62255bec586e3ca6e,8,0.0,0.0
a0028924460a911940db68495d19dbf8185216fe9139ede3337a925206b6bfec,1,0.0,0.0
654d3136b58769d385d6abf4740cab1db3148b871b9f7d4cd1ede62634943f6a,4,0.0,0.0
1e73c144b6cd582e709c505409f75789a971d436ef8f803e0325996216d615a6,2,0.0,0.0
15c4e64eabffbe69dbe31ffe0c9f0c0d8598344814af340e5a8ae5f227462539,1,0.0,0.0
2f2b2cf96bc94d8f52514099d8e3bdeccc899bf26000d0bed0332155a981a5ac,7,0.0,1.5416666666666667
0dc7ca42f2d80d0f6fa7dfcb493dbbf74724b76d8afd6b12bdcbf75c1a3096e7,1,0.0,0.0
2f307a164dc71150e6863180d9c668904d3e5fc2e9ccad5c9a1b885b91e18c6b,2,0.0,0.0
cb87a2adade0ef9a2f7465e31627d21f76130586de14f3020e34933e6ae1d9b0,2,0.6666666666666667,0.0
aa96ee3449e3574e6d0ba6e3317b28f9523dac8c05cf6a6480961295d027f462,3,0.0,0.0
56fc88df4a90a712005eeec178903452d8e9cb2518f5adf26a98eec45ee76c1b,1,0.6764705882352942,0.9655172413793104
42bb2ac401a42e0138d2099947ae0d49f371b44eef5b356f21fda04f7987e5a1,4,0.0,0.0
9450ce3fe4a71875a35696720a75a5abc9243838db417d194809558530b3c864,4,0.0,0.7272727272727273
8bfd3a0438653ac98e63089cfe1f64506774c7e8f071dc2dcf5005ba5c56f27d,5,0.0,0.0
f62bb27bc08ca3c51288767e2a2b64fc86402f64cd93657b4c77535fb372c346,4,0.9230769230769231,0.9230769230769231
3a2e4b363a47c1e9f0788c6cc48c87bbed99f48f6d218d79bf2f0576a170f014,3,0.0,0.0
070b1dfffac0eb87ff0abbc82c088c9b4641c6b285444bc649fdc9409c35caa1,2,0.0,0.6585365853658536
affc6a7b6128dcca7a97d4de061bbc4f9ec8891dea38c14b23fea08083a7ed87,3,0.0,0.0
74eb961998faff2c76dd4dcec75707ef0410ff9844f645a0f90c826a3906f5fe,2,0.8181818181818181,0.5227272727272727
a7f37d37c3a60f92236560ca922aa1d909bf758d19459ad59cc8c4fa677c9744,4,0.0,0.0
2e4003ba8551f7a7d1577dfb80bd26d0911d97502ae26081e9a675858f2854be,4,0.0,0.5555555555555556
c8ab951a76fd2345eea9d9b05982fdb93e485ca13b528e5576d413c21373d639,4,0.0,0.0
64f1e9a796d804dfa2206b6a5c41ed2b0b77ea02aad64052af2f227165e4b800,3,0.0,0.0
3c871d11ea46a67923cc0d5d38d09e1ee80538b728ec617bed18e1d8c0ab5231,2,0.0,0.0
9edd304d940adf84ede3dd7548aadd47890b573b176d461a9db18e7a835ee622,4,0.8333333333333334,0.8333333333333334
ad74a9ca424d3d75cfdc889f58aff7de2e212c56f50077396b13be80667a7cca,9,2.2888888888888888,1.6888888888888889
bdf36e7ddfd2602692aaee95d15e627c11c204f0cb58e02176793fb529402563,4,0.7142857142857143,0.9230769230769231
bc84d3f705d65b359b5a0a1494d0e6fa6f42b8a2967e0d930bf97bbe23ccef52,1,0.0,0.0
6a88df3c436df47373fe4a9d6eb633b4a99642d281c0db29cf51d20557edba65,1,0.0,0.0
f0bc3445c570775671c2519a3385c2a2ece3bb81a05d951b1f69b5727222791c,6,0.0,0.0
91f66659d1d42d63e8336dc1ca1d320421d20e9c4f03763d1366d1ec1fef48ba,8,1.5,2.261904761904762
ca148e9238265868192a39f50a5290cd9488c800f1a096df0f1ce0a44e6f7df6,1,1.0,1.0
d4c3c3aee149ecb5d3f49ddd88344cdcd008c1266beab57d3d3fe11accc93b3f,1,0.7142857142857143,0.0
1b2aa283bc1ed6c5fb586cb18beb74b924caec415699b18215eea6929a58396f,2,0.0,0.0
8ed277eaca2ef840239c3724d60448ff31f9bdadec4abb3cff18d72cc8c27bca,2,0.0,1.0
f6bac72d02b9e46e3d3432a2fdd8235d15edf02b4c256812dcdbc9a788748660,3,0.6470588235294117,1.5
a36aec854fc9ef52f7207dd576dcf5ade9f797b32f77771498cbb49a1d1f6524,4,0.0,0.0
98b88128fd11c6c9830fef87a8363e4bbd884e06524e00efc23a428f156bf440,4,0.0,0.0
41e3115a74b6b4197f7d1a1e5f6e31d63c1636306dcc0a396ca377a1c02f6309,3,0.0,0.0
a87e7b95350394262b1f34818c4806608880942795110036319f460b324ee11a,3,0.0,0.0
622bebf5478d09bb1bd9993f5e22a694107bfd2ebfb8dfd49700ca205cfc81bd,9,0.0,0.0
b3c020e20990de8f982ed9b5c752ea44195ac3da787cbdc7ac2e24a05ff01cf0,4,0.9444444444444444,0.0
c48829a46cb28437de52fd46b7da58eb455ea14076a3cbebec33e1de57261308,2,0.0,1.5480769230769231
f16be3389dee5fb54811f2419a80e230018ce2ef6c5058347317d8112200cf02,2,0.0,0.0
f42d5c583da0dad65f5aaf711350d5fadc246dc48130e7c4ed48f39fdb4a976e,5,0.6666666666666667,1.5416666666666667
3ecf73a8943c9498ff082c6a4c7cfba388e567ee91730b568859e2db9767e5e9,3,0.0,0.0
45adfb2c5afeecfdb7b28f97c8b16fb28122563b54eba66a8ced6f7948c41fab,4,0.6,0.8333333333333334
17faf9425766d191506ca92ebb321a2f1bab0a33de4ee446c0db630875b05a4a,5,0.0,0.0
08be85e8c1078ecb6fe9e921a56d34f7af94664b3a85559b37a70a65df01fab6,3,0.0,0.0
0a97dd5c0a3b6ea405f73cdd7d80fcb99a735c7dd6a4d0b689712598d66a8ffa,3,0.0,0.0
615e9b4dece1e5c74bab7e3f7ac8c2559f17c35f656da5389c1a364a078571b0,6,0.0,0.0
1a0b344718766e5dc3aabf7c1973873e884a4b9fa224464176c5ca622ca65b7d,1,0.0,0.0
e1750afa07fc578042be6ab140d1b9d5d28cc093f3440bde72cc366076f4bfb2,3,0.0,0.5384615384615384
2f04a5361913cafa79b0c438eb54f2aa8c5c110e8860a8f98822be9296711b9b,2,0.0,0.0
b1d8e73e389420f1728e728e5ecd47a6cdaf4da3c4d54a761d554c9b4e30dfec,2,0.0,0.875
d3108b6930e42063a5813cbf38080a10b680532ae5bb17b451bde469632ddcaf,4,0.5294117647058824,1.2720588235294117
36b42c045535afc5e20ef98f41dd020417af1021034dda9f71ae6eb826de3d06,3,0.0,0.0
f63e06c3d7282d939e974c6e6d738ee4d707b60c98a9252ffc877e4e77dfbeb8,4,0.0,0.9705882352941176
2370ef6b12b4cd7bbed7c1c1d63cb1f50e23616c6b2c903e6f85b4b8618e49cb,8,0.0,1.2222222222222223
84c69cca6130e27b54e25571993b94ef9654ddb07c40e0cb9fa7bead2d664af2,1,0.0,0.0
9def46e1fc930d07671626169fda527918ccc7c0203de9f20da01899a97ab9a9,3,0.0,0.0
95aad2974073d47d09c13913b9ea873425ef0846afd752d02f791f11f6adfe9b,2,0.8571428571428572,0.8571428571428572
21e2fae9110cbf1c7fbabe0351981ff3d0540751eebdeb4bb12074226c70fb77,1,0.0,0.0
503698082303174d2b22152da9703f95ace63199e38add78eee4e2caf316e383,2,0.8571428571428572,0.9285714285714286
585e1fce8e83bb392ada9d9d25b9f25b741832fbec9b7a8c3610ee0599b8720f,3,0.0,0.0
e48b6f85634dfeab432703f3b02691ad33b3aefbeda52bf850cd0a4c9ef94b9d,3,0.0,0.0
9d1af37250567cdfcd39b800bc52c545b122479b9842a9482f16fefdd7a23b92,5,0.0,0.0
fc77295e5d2b56ec296a630fffd0bb8c31622281cea9b88a8333e9b5f1e0d325,4,0.0,0.0
c3d6f89d6988e719933489580f5f7945eab1e65e0758af26d7e8c00fba3fdb37,5,0.0,0.0
23504302f4005bca7e8b13963ad4c556f2d2f55900d03c2ce109d952eb6d4cb8,6,0.0,0.0
e26ef452a57cdc4e0a6c4b41e86aee666607d064f298ceea4066b17492782048,2,0.9090909090909091,0.8
8fe7eeb7bd5546e0e4620c670e9e2b493b61c5baf2d36097b1b4df46d95cfc7c,2,0.5333333333333333,0.5333333333333333
17f058ec64630dad11f0f0042875a9a769ff3b38344fd3ab1516ba3fc366a0b7,1,0.0,0.0
628666eaaaf2c47c5ea0926da86cb70e0fb058b524b30ed81de3c54d8ef90960,2,0.0,0.0
191c25e57cf0b7f69356966705e4c0cc91eb3e99d9e1dc5d52bd824762784c94,6,0.0,0.0
f81bddae069ba7472df5fb1affbbe386b7dadda58b1a192f6a1cc72135e169b2,9,0.0,0.55
48d8643b361cf8ac5b9ca6801d14136161b8a0f5f914c74c7e8055b67671d9ea,3,0.0,0.9565217391304348
73882c958bc0dda81bf458d48340e369ea8cac4ab99e7616dca7f07f397fa972,2,0.0,0.0
edfddddcc521a1b87fe5dc1f52247ccf4e89a96233ecc0ea37b26ea9692ad027,4,0.6,0.0
940f284c5be24246b85cc0abf6c35a810d18b2817e3bf7226d28e2f93ad34fb4,3,0.6785714285714286,0.0
5aa0a4df775a36263cd06ee1b15d88dcac7e27e4e187bfe68cb969301ad1c781,2,0.0,0.0
9e557559bdeee4f5715c9ccc40ad77817232589a4e3ea5fe5cdbd0220144efef,1,0.0,0.0
0f07fd1a28a06e28557a32eb9e4d46a54f79931763a55238de6f67d34f07ca3e,2,0.0,0.0
3f06b54c5f948eb4983300e3d4dc57e91534b0030bf7b3daf3254db7ca1b9dce,2,0.0,0.962962962962963
b063f3b724a379ede4a00ae99d5a685882babf7458a7a0c4f339c5ad45f24e46,1,0.0,0.0
6ff70ad0a2a1ae79380c77a4116cea8c9e01f29e3ce5b3cf40dd2e28716ec6fb,1,0.0,0.0
9cabe979c0eb9c7b89fab9a54a803f47a8068198e5b4f4a82df7b79dfba2945c,1,0.0,0.0
1fb93afc71581ec310073a5c85787cedcaa2fca42f530dc556334bfdfc1b39db,6,0.0,0.0
2e5f48c8a149b9d04eedc7ecec077732c300ae18dfdd2d74e194747747ea50a9,4,0.0,0.0
65fa4e606653ca519a030dab810e4cf9c86e14e4657247fc8e9c50b7be81bdd4,5,0.0,0.0
f1b16d5b9cf83198d843c60422eaa339adc6cd0ae615194a625344b7e6628112,4,0.0,0.0
46d46c28dabbf14f71d8da24e30eb75a9471e9e46ccde98a1bee29db5b26baf6,3,0.0,0.7741935483870968
aa528d8f55cc2e7c040f92a83651f780fdef79f5fcdd428d461641156cd172f2,4,0.0,0.0
1c7912033754bf34b21e680f5d9df13bb8b821b56a13c5d44cbe041bd1737537,6,0.0,0.6666666666666667
2fe524c97f864071bd8ba31c98872dcc60f24f8436fdb727b4158968bbfaa33e,9,0.7083333333333333,0.7083333333333333
5282f083cb778a42b3159ce1f51c7aecd22d3167f7a2c3c3b915bf00ac898398,3,0.0,0.0
0417018dbad09e19b559a19d671daadb4dc6fabff3d3f76509c546c0a2061f0d,4,0.0,0.0
5d0ccbb40311840eda77e9d302bed03efede3a055de79ad4cd29fdfb0cbf1dc5,3,0.0,0.0
7f475ac03c78ef7e422fff1986fd00ce85e231dac90d15e619eb89ec3f11dec6,5,0.0,0.0
add4f639b03bbea462c730a5ee9370d4e3dc2408c1a403f35a5b2225c71a9007,2,0.0,0.0
e49317a3504bbc68b6bbadd7044e48fcdf36fd83cb583d45627b283ed509ddca,2,0.0,0.0
682e9592120fb49091012038b730406ff5cb9d602c772a0f58c7303a52d5df69,2,0.0,0.0
cd0e5b88f62abb4c7313e585948c9b53e6fa23e5d841ac1f67df36e8ea91a884,2,0.0,0.0
28071dd8285f81de1d1eb204d34790b9a8fe9ffeb2675ec4751b20a6fd195338,1,0.0,0.0
f5e43c01db4459221915f419edb49f2edb37ec28b9ef56415812f2794c6ba45f,2,0.5384615384615384,0.7692307692307692
dfe4797ffb8b38ae00d1c5a198fb0149e19da4f58788e9761d2951368075da19,6,0.0,0.0
7538c54f523ba474be4254f73df16be4ea3c092720ee52d0365e1b300af87ea4,3,0.0,0.0
81ac2a1f8d10ab3170eca38d0c16065f498b6c42d0d45f6ac76776cf04af7798,4,0.0,0.0
83422ba8cf699ab3709e9c021c11c88185f52418aa3afb46afd95dd86f0b1c20,6,0.0,0.0
6eb0fdc441701b72086ed021c095a2c9d44c695b6e861b73a2cb864d74a077ed,6,0.0,0.0
88d0444761a947c2f7f5d76db57acefd588d33ae692aa5c845299bd3ae933ecb,8,0.0,0.5238095238095238
38962c689009f280641c55e2e5a3c9c4d97847cc73b44f56ce4eb826c3cd31f6,4,0.5555555555555556,0.0
8c9c4122d3bc08172d6dc0555c7db1a04295b404c34069f2f4f6836de9fc1cf9,6,0.0,0.0
df2c11d7f2a0174173b0c4dd9c8a621d1e12aeb6b132740f70010ff3b6f2686f,4,0.96875,0.96875
669d22602190eb1989874e4384335afde5b18238d1779df2fa1d5448e1ef7ae7,4,0.5454545454545454,1.427807486631016
8763a44cc5af56c7ec8aa8734695da9a61fccd24a2f5ab7e867fefdd90d27260,3,0.0,0.6666666666666667
b1dfdcd3d3d259e35e79b1f081f0c382c9c9b03d86f6142bd6cb6ff69b28b297,3,0.0,0.9682539682539683
f8cbe9e53165777a1bf0da5a2dddfc371e84896ccd7c536531bed6e85140e14a,2,0.6666666666666667,0.6666666666666667
510378466dd3e2d3e03404cf91c36f35c35f6397bdd82dbfad6ec4db3d89e2df,5,0.8461538461538461,0.9230769230769231
400b14145f98751ef263ee33b026b4ae9c0f1f2ba7ff688e1c55ede30dd2ae5c,5,0.6,0.6
af282a85e3831f2f297292eb27277348859559866841df0f341b07571b6b2e28,3,0.0,0.0
5bbb2f8bc7f4a854209cf37da1a7cfa1c88338d43936e901adde99ba7421d627,6,0.0,0.0
febb16de266e4dd2517cb63623c858bdd7d509f589ac30c79bdab7fc7330b07d,1,0.0,0.9545454545454546
ff1f025a6d8c446338655b4ad793f627e8120f7d47cbe761b0e4da733eff2cd2,1,0.8571428571428572,0.8571428571428572
5d4c6c1713afdb629e0446e8b80880890499be8f5400295d3e3b8bc528aed86f,5,0.0,0.0
6b9279ed93208eae04f1658fad5b0a785954010a1c63231c60042c975f33627b,7,0.0,0.5769230769230769
47f0ce36f37d7dd0f979bf6521e3c98df041ad5d383130c747fbc22a150d1b37,3,0.0,0.0
c2ecd6a115d92f4e6e704c689ecc535b735d74dd518cf4146b2db956b7667ccb,1,0.0,0.0
c4ddea6dfe9147b3e262130f6a6de498cde94b6bd25e84254eab7c7bb20aa24c,2,0.0,0.0
78d811db606ecdd239a91b65be1944dda6074f71233229a4605b3cfae1cd462b,1,0.6,0.0
a549f80cd05d2ecd5ffe383e8d8c66f8674b413cb4319ffa0f82e837e635b1ce,5,2.388888888888889,2.346031746031746
cea853db468650cbc4837d4bc6436927056e767046697dc53ca8ecc8e2132f4f,7,0.0,0.0
331a53ea6db2afa4e7c67c45be6ce68b25a3451de7f528a8b9630464671849e2,5,0.0,0.0
1915a4106dcd32cbcbda26bbf34a863355b933cd34d6c9b7b2249e41837753f5,6,0.9,1.5666666666666669
51156b7792e613442b3bc840e68a0ad3ad7a67c873d63b99d089aa7f21de2a1f,5,0.0,0.0
ea20c406c7b074bfe706f40de8487f9f5e5956359b98047e5e63119f7ec68c80,7,0.0,0.0
23006a61e6478595038bac2ead96101ce9b820b8c421e38d0eaa079bdecfc027,11,0.0,1.0588235294117647
b3e23b71ccc3b782364bae70c3e363e7c88c88abe759d5db551e2e3ef3495897,4,0.0,0.0
22afe0b6c65c4e72ef12e79c5ce4ed0e4c376e82542b361a6f54b18332eff178,6,0.7333333333333334,0.0
db13e5029083a2f60ff8c0e1ca542ba44684886b2f31d02bf4825b1b32a3ca39,9,2.0,2.0
c8dea8134328a43bfed26def5070c81e1f48c3b8b982f34fd8c1b3cf02475495,9,0.0,0.0
92be1e246244ee878dddff234277decced7bc1447fd6bab166a94da3819eeae6,2,0.0,0.0
715bce05c76563ee32be752155f8c97a50d3b82cb5b423a69ce1cccdd1033c0e,5,0.0,1.1111111111111112
8677b58e32e8bd00953eda979511ad33c2f0c81a707b28bdc139fdbe001252d1,9,0.0,0.0
37fcb829a3f5889c94e9e1fbb0cdb8af2a3a62c762536b067596b7bf5e0499ce,4,0.0,0.0
91553ee165e0be76c5659d66c237839c96ebdf661d3900b6b5e5ec1af6a15112,5,0.0,0.0
4436c3d01dd7ea81b5b22700fdf7e443096291fe56c9891a9247d7ea2fef2449,3,0.0,0.0
2d0706314f1463dc5ccb000a629510d1ebf525507a25a1ceca6ee819de183784,5,0.0,0.8333333333333334
a00140cf7b51c081c226c97e84d2962d5325569088bfdfceaf798ba200dfa8bd,2,0.0,0.0
a40530564f3c45779baabca5b5e063685a1dbc1a554c4ad9a40ef7d83776df70,6,0.0,0.0
449f4a4f19ccb3f07a4ae320512006975fa0fff0ef87e0863db2b3325bb53385,1,0.0,0.0
7b20c1d5931594df1de785d1e7f4cd9ab178f4c0a0d176d62e9fb4161cd79928,1,0.0,0.0
97dcfee97fefbfa2070b16d7f26693e753a11a73238f254025b5748bd5b1c6de,2,0.0,0.0
03f54cb2f45f095351debcbd03c4dc548e372bafb75378652ed11ccf77a3ad09,5,0.0,0.75
2b6fa28a35cfdc891faf7c5be12dd9ac26e9f8949fa1914689f232fdbe969579,6,0.0,0.0
c76e64af375ca8cf4df90e3f68815ebd3c9812bea9c1621be1547711525dae19,5,0.0,0.0
e23fd0831197e7a8775bc4c75945b061b456ae28b16717fbd644dc0c6a852ebe,4,0.0,0.0
424de4e2416f232b73c6419b9f77936bdc8c48b2b369e9f1df35b484689dc467,3,0.0,0.0
f5fd3b59b4149fe17e78a1ad59a795c3e3ebe72abf09ba6c2ebc51311a5ac043,1,0.8,0.8
0b41132fe2600ef76ead81a85fa3c1cfbf72911f267ba1ed04cf0d195fc129f3,4,0.0,0.0
d798e13db8b329875567ff46e517add70ea314c992d8a39c398059d3843f57c8,7,0.875,0.875
fc5e099cde424b661b5ab4577bfaf015d8036d4d740f30aa554ec06e2cd437d1,4,0.0,0.6785714285714286
35740f69fc9f2bb6fb9b10ccb300b881928db4970e890f14f935546b89c5e3e0,5,0.75,0.75
9d3e9309c1eb2c078396faba90890171dce3cad25ca5872f3f83b36668a57f15,8,3.6006493506493507,3.5179425837320575
8e987e5be6a79a1d7e3458a5266bbde78cf26ba55e967a9d55d952cccebb3e6b,5,0.0,0.9583333333333334
0258dd126f8280e4c63eae69bc6ff7e85d6f7d50ee7439a70d4e0b44a7099454,5,0.7333333333333334,0.9583333333333334
a12f7ed851f86f927da66bc5b7a177e6d5bdac2320dc716e9e4385712c2f22c7,7,0.0,0.5294117647058824
cd78108119eb07d2e7c6f5b5fe7f7eefaff706f1ef75a62feec3bef1b8d17840,4,0.0,0.0
9981712b8cf18c6cc6420b07b0538210adaa2df0baa8b418d5bb1502116bf8e2,2,0.0,0.0
f2ac5ee9a8f9b2edcd6427b0c1de8c5db49708bcf5298f5152f555670834b5ff,1,0.0,0.0
e1706c0758425f9ec162370d1c3daaeb8ed9af3d7475b190c6a3701c8180f4f0,1,0.0,0.9285714285714286
ef6622e6032f4bc80d4287f47dabc1be409496b73a00a45e43b7c23a4b69017d,9,0.0,2.16164994425864
7f0eddd226ebd27e4d02eb79885cdce38924a239d07c12710bfda3fecc508e67,4,0.0,2.3555555555555556
dc6f6fd521436085b1bf6c48fb303b9f76e14c450b4cbce4c99e1295e4ec63c4,5,0.0,0.0
6793d7c57ff73f35c4ace0c12dd9e9fc4a3826fba66aa1f17b2376ec7799de14,3,0.9583333333333334,0.9583333333333334
6bf56cdbd55740d26f2b20295126910c1cd4d8ffa5f26a8adda14e931de4fb40,7,0.0,1.225
2f70cf669d6295fe8f94421f87c93aa9ff84d4ba0251d2253d1498f56e1fad11,2,0.0,0.6
5a38d68c48ce9b52596d03b6b88d4557cf424b4f7a447510377f5d6365fc7505,1,0.0,0.0
b3270071be620dfe9a569b066fa94d42e60b7c4ac09fba55238461bcdb1cbd0a,1,0.0,0.0
c3fd2d6998cb7dcf21099ddd87023236377d247236a412f10a212bbd71d21e32,1,0.0,0.0
1316d191b84890a0443085524b89cd8e6a8e233d57ee02ebdf29ca0ff8880613,1,0.0,0.0
a2e461c8770aefd76e2d8ba8f9d71775c4db9fe796407f7aad24420373d3d3f9,3,0.0,0.0
b753509a2016724b56cf71d0f50cadf34afdb7888cf170b961b47affd5e56059,4,0.0,0.0
06639739b539bc7a4641acb34ddb9bd9da8798aaa9f067181efa53681db51f2e,2,0.0,0.6491228070175439
3db84ab9a39f6f6d1488f245adc6ea0e0ffcc33f2324502c89a35c77d3c2d00a,2,0.0,0.0
06a8bcb60011456ff787525d219a8e76779b4545606c4875c4b4db09fea16982,7,0.0,0.5555555555555556
fc534ec82f35d0de143a48a0702136d7f8fad84ea05f5014e40c8c2731d9207e,7,0.0,0.0
0443c317a9711018681285783e31d841af6018e5988b269e37b72c528da21ba2,9,0.0,0.0
8003b59d104867b82d426fb0ba3f246917eac42d31113a1f44c643579c2cd6d8,4,0.0,0.0
ed6dc0feb37167f4322fae14bb2452cdb4833d13a40ee57f8865d98d1ef85b0e,1,0.0,0.0
af70fc835a3e89742379f65e296ac3f2411b9fbfdda88e519ff24d6fe68a9a7c,6,0.6363636363636364,0.0
9365ffc8be16431a4b3adf6781fa540914888fe424e0866512079270c46e5558,2,0.0,0.0
2a78767f6803d282a7b029610b5a9110bda0d44cee3c81d644a61725f7934e67,4,0.0,0.0
71ae66d27797e8c924eda5b761ccaa29d475065f61ac8deff37f9962ef4d9959,3,0.0,0.8888888888888888
28e04a0cc07860df481afaae4598439335658c4bebd549424e2a7205d7b07365,5,1.2666666666666666,2.126315789473684
68de39bd6382bdcebd7ab7ec9aaef04966fa51579989feba2d773bf6b7574aeb,9,0.5454545454545454,0.6363636363636364
144ce11449b2c4c956a1fa81d5182c7fcdff3697f354227b178049e0e8e26d1a,2,0.0,0.6666666666666667
6b3bb28f26242cc2e4d5ff66ccb4d84d1949ce84514d247e4cad743bee357d43,4,0.0,0.0
2e465aca3e8d2c273d4d6af363076608f458404e95da346348f83994a627db97,2,0.0,0.0
43fcf38c446bcc16cb712a65be14d16d635e27150ef3537ea73b28123bc14765,6,0.0,0.0
735dddc64dbb0bf343f2436e5a4072ea48b3eb7985c67ce64582791d0b9dc0b2,4,0.0,0.0
a01f6a56eacd6ad2d0b2c3d20aba096f09046b3dbabf8ed9bcabef30d9603948,2,0.0,0.0
317483a3d31cde3b34f63f1fab119fc372b145b8e3dadbee4453b4fafb4e3b40,5,0.6666666666666667,2.4055555555555554
182d806716ee89b074b1023ce07646eb8b5b478e062e42d86147bf2a32f79877,5,0.7843137254901961,0.7843137254901961
554dba5d2d7169ee29143651d50a3e622ed0c3cc715c191213b6b40309f6b29f,1,0.0,0.0
1e88ec45519c753e16026ae67e9639ac1c3d6a7f80b725acb20b02a8e40c17b5,5,0.7096774193548387,0.5483870967741935
d5902c14c30718a6c002cd56a1ded741c7b3c4ce4072569d17a01f13bbb9003e,5,0.8888888888888888,1.6111111111111112
05a1634b40ff39dcd5204bb6678c4ecdbb7c9ce3d732a3acf812d998790767bb,1,0.0,0.0
b5da0cd608a9c24199b0582b010f7d4a7b547085aad937ab5849a36e3a9b292c,4,0.0,0.0
65118a4d33f3b8b4aa5b088eb1a6d1b22cb465b0a5b77a2c91c0bdc89c085d35,2,0.8333333333333334,0.0
c829ebbf1b8c1ef2f778d128fe716aacda9eafbec4301b5ae85c9655787f880f,4,0.0,0.0
b288aebd148b69b84fd342abd4ca786c56ca656f20a311a27b9acd10e2eda3b3,9,0.0,0.0
5288174bfa01f572d6bc4e4a11d5664752f0f21545d001cb613601b43510dc92,3,0.6666666666666667,0.0
6fcdd68d117205f1c1fe027a70c10bf795036133d0e36624417fbea37a0ee5ef,1,0.0,0.0
09d1c29f058fa375b44bf417aa8a1096f0355eb8ba06e42f87cdfad2fc1084ce,5,0.0,0.0
0f58cb0e83d5a46b08801693d800388b7451f8a7d1c54d2a4a7f48753181b538,4,0.0,0.6666666666666667
d07ddf646d25b9291d0224e10e2f8a76c6d46849ca8aae8d93d1b20abc609a2f,7,0.0,0.0
7e5772464629c5e1511d075336a7c9945ad14c23c42f4ceef1dc3a5d939ae303,4,0.0,0.0
741a6959689b01f173a475195b4cf86295a7930d5d370905da8a0394afb63c59,4,0.0,1.5096153846153846
2183600e8a1a5696be6e5b501f8ca4a2a7e402234129802115cdd679a9849f77,5,0.8333333333333334,0.0
720496f3351bb2730756ea61fd3f532b36bb7f29f7d2a05cbad60ba9480de179,4,0.0,0.7755102040816326
20b82bfe4e3958f21375c92f208faae0f9d08dc52b44a12e9db05ae815d24ab1,9,0.75,1.4772727272727273
93199465cbb9d7572a45f8d21a66b410164d56c08b4a099bad0312b430afeac8,6,0.0,0.5128205128205128
bbcbd8387f6b97ce119745df2aa0d0b00fbe009195911baac7eb392843dc6f49,9,0.0,0.875
bea9016ebf369b64041b49c4b6e90cffb66c4b5c226047c437c02c937617d3f1,4,0.0,0.0
f8d1c795a823bed513c98ae78c5734865710ce7b98be3a69c907bc71d8514fce,5,0.0,0.0
baf97f4d7c7527634ede627da13293fedec805941448ef0e3d4b1c27fb0a0c10,3,0.0,0.0
28f405a811a437a2427f6ebda30d6b96c740be41c32c096699824f536fb8b795,4,0.6,0.6
26d5465aafb6db75638c70272594680f877e2858225fbcf53d67252c2b8ff993,3,0.0,0.0
c4651582e0062cb80b3125370eba9ac5deb1fddacb088d21de24387bd1ffe780,6,0.0,0.9655172413793104
ebcac0759f32647801826865c93c9502b9779491c611fdd3ddd4229970d9d9d7,5,1.5454545454545454,1.727272727272727
c1664ff8092f9878612a004d4f885041c5f9be67c57a8a41d405fb1ba8f2a191,2,0.0,0.0
3cc8c114f5f48baffe154d25a9b43cce2946ab2b5e5f7b2752365267f1f81340,7,0.0,1.6875
cab5b0d43ecd262a22af982f74234bd75c066f3e80f6250efff0e110758b9789,5,0.0,0.75
d128219f964afaa683d7770b884239eacd1032c8456160a0fea31cdc42bf474d,6,0.0,0.0
d0ea0a37e2fe193231ec38ea112a15387a6284cd70ea78a285720da344372b0f,5,0.0,0.0
058137dccb1f49d9653284a4549c04607ccb8adcdc90f748b00e90e7f1825bcf,1,0.0,0.0
b6f540f66ade72e0235dde6ff51bab516f89c120da2861b585630c3f0ae9178c,6,0.0,2.2
52811e1cad1c089a2851150fab87db16a0afdb1221c244a94ccb2b7c4683012c,1,0.0,0.0
d159f8501156b720c5cd282577f4e0f0a28f9530214317dfb5c483ab29d59ff8,5,0.0,0.0
09cc7dda2f49beb115a48b3ea4997c5f4c6db0f53cf3d366464f37aeeac1e3fa,2,0.0,0.0
549940ee79c1b7a5b5c9ae69faf758d508f4e5a9bf7d9614c08da73c5ca02beb,3,0.0,0.0
40ac94b46297b270f8e81e90215084323265d34d1d08c14e3ce5a815d8c869aa,4,0.875,0.875
ed7fbcc5e27bd273a5e03beb5c8c3899300b8b81258bbca0617c4ee68589fa8b,2,0.0,0.5882352941176471
27106bb0f63b84b3eb8eb2b631289ab227600a09e52e9d5d8d72aebf68175718,7,0.0,0.0
3efbf29b477d7cef881ab14bf8e46d82c06036610f80e56921f4483edf596066,3,0.0,0.0
a4a2f29eb9aa80958ca8b84ea08f9dd15e6d67afd7e99073a537bcdb90c28ef1,5,0.9473684210526316,0.0
14a02477a9115281db5a7de25ea2bd378c73ce95fce513f18def11c728c842cf,8,0.9333333333333333,0.9333333333333333
a2b6319e7ed6b7fff5e30dfbd304af7954b8e7e94228bc5b8dca8fa3058ec245,4,0.0,1.8125
c1704654a11c511ac16c6b3a87eda62dd8af8459708b65346bb25256bc904e0b,6,0.0,1.8571428571428572
009faa6c8be57a3f536e6deeb5473930a917ce6a44fafff446acaa6e77b49885,10,0.0,1.1428571428571428
03058124566b3c8b1579bcd8d97704b12a662eea20d3142ac9539a6b23103217,2,0.0,0.0
64742805ead72209461fa7df57014f45f51c40769225fe0e4ab041982af40a48,2,0.0,0.0
889adad7280031683af0c0708c3cf3897d808de725571833631773243b052541,1,0.0,0.0
dfecbedf80a047ecb82e2cec7cf11815842c47b8c27e04880e355c6e36f1bc68,3,0.0,0.0
32313adc796b980900744cfc6dc45a1f81a8da94dd6d57ab467bb1d560c10db3,7,0.0,0.0
448ccec970cca51342e9e7b48fdc9b93e5be8f79b8c58a89b3f14c705593baf7,6,0.0,0.6363636363636364
0d424a576a14674922c42c76467a8622619b461fd88e3598b9f20bab730b7ee5,6,0.0,0.0
0db715837bd664bee285d8a745ab944652a3a21106f89ed67f3248ba52a30de8,5,0.0,2.232142857142857
ab8b017326587b813dbbbac0d0b2d11546f2d6c080c98267bc6f18ee31800ffd,1,0.0,0.0
7949671e46849f03f33fa923bba4abdd35d0df1c972506a0d183bfee4d5ef2b6,3,0.0,0.0
4883a3405b6e540135c45693ad5db6cb2a7989d01cd4e2b79ba89da4093b6115,8,0.0,1.375
d4acf6846f54632d660eea3093653a9c6a2390c89f8b0ad4c5fa9f3bcadde488,4,0.0,1.1884057971014492
79990a72d06fa515fd1443f0e3e6d8c2aaa34c7525a0836b3437bc3e8a8f0a0c,12,0.6666666666666667,2.2666666666666666
4b6f6730d1120307bbc53c9fe3fc1851e4bb804ad965b89d8a2c3a58420598f2,5,0.0,0.0
430987b80af854eb6b1cebdc988410bd2719082d85532ef28133b7dc2c3c87fd,5,0.0,0.0
c559544a5a511dbc441dd5c0124e6cca666c36d6e05ee51a0ed1c4be79107ea4,10,0.6,0.6
7d45579c90dc4707d53ee4774c9c4eb5c8a280b9d4b7056c831c8a4e8a15686b,1,0.0,0.0
cb4786673daa67b65bd7b51d7f668269fd749d43b5c8c4ef04f4c3fde4571d1a,7,0.0,0.0
99ae6b59283e0af9d3a5f9da53b513064c320b1620157e05d1fa4f38b026bdc4,7,0.0,0.0
b48cd3da3fb52592a6dd6efebcb8f9011edd83d995d500c93ea144f7848c3247,3,0.631578947368421,0.9545454545454546
a31c5a96be4bd6f0a533801a27bb7876cc73535a8908df8c3b9d6c5fd60927ae,3,0.0,0.0
827ebfde51e5bc828aa85292a5195280da422e4cf8c34c6ff23165585e770457,5,0.0,0.0
a56a25238a93a9f507172f17723a97ac6052a7c376473e32d139051605059f47,9,0.0,0.0
7848e575353489248c975653b4070bd923bcd87eeb810652e88654b568cdf29c,3,0.0,0.6666666666666667
f520ce1f87a12bdef694eb4b4125b26ef876a57d855861801a8fca1b01fe6646,5,0.0,0.0
86c4a9f0286b6e6d2d4e5318e48b724b18f505caee72a1a1af39e3cb92b533c3,2,0.0,0.0
0575e1e9f3659413acc5a10aae02b320cbc1677748a22ae19a26881112ac02f7,4,0.0,0.0
40c0c7ec82a65e7b4798871a88c929b3cfe034f1d8c63e0c16c0c78d355c2287,3,0.0,0.0
3e08ed705316530b0f47083a56e10295c4b7f6c59e95c8b439ff356c1f273393,1,0.0,0.0
47b27087b566c663fce3a3705b8562714f55380aba352f85f116c6939691cb46,3,0.0,0.0
fb180c26b4b9fee7a53eb55badab7d7e55a035438ae8ecdb1877364eae335c3f,6,0.6,0.0
2cb63c41fb3776682ff95e37df41944fcb24993f48c7727d1df742cbdcdc7780,8,0.0,0.0
9de8e771ca1bd5287f5c738a12a41d362dc6f25ab282dd7b359b34e8809c3a92,7,0.0,0.0
5956741d99ff290de365e8518c0a0af7412f253a396259db0dfd3d2173d4fe16,2,0.0,0.0
e739cce3ead5dbc0d991e76531840236d09ff7df19dd8585d5669c717f688953,6,0.6,0.0
5d77b216be7e814e704a44c5cc1ca81ab3b5b319efffa3c32264710b6da52769,3,0.0,0.0
d4f8784d4f56f3c651c22d4af3fdc8d9376bd76ebc72bfda7df9386e58e91a8b,9,0.0,0.0
6231154f8d37b4d36e3ecedf3230ef547e241510e9263b023a9adf95bfed0f62,5,0.0,0.0
e187ab0082d6f828a4ffab740af7e7690678b12ab02b0d1e003ea33436c012fc,4,0.0,0.0
0a59b41fdf1b047d9527e2586ce870803ee7aba2db32e441139ce208f509c262,1,0.0,0.6521739130434783
a918422a954768b78249bfeaece2df004bbf3cc032c87cc342dc48b21be381d4,6,0.0,0.0
b56cd0e8ac60c61487ed242af8c8c9ad01aadf64cfe1b4f94b4ed93dfabae614,6,1.1964285714285714,0.5714285714285714
b046f7f3f83a47c9cba673536c4723064c15ec6359132e49aa70ab7c329932f9,7,0.0,0.0
564390dea449a5dd8751aff6e16f18ed503638433377016f0589ba502354c0ce,1,0.0,0.0
5138b57a5630d877e3ccdeae632741af01d14e85a93673ecb3c2e1122b3419e8,4,0.7,1.3
6b42ded16cd2b5bc3f068eb8d3f193bc23232334a273d8fe5bc2341313652a15,3,0.0,0.0
a910e98a244d0a3d00ae40cf1280b4684bc1b7bd0df287e56821e71cfdcb8930,9,0.0,0.0
90b39860878a9ba4adeb28fd19307547f23b4aba0d587417fc5da0afa2db50be,6,1.3333333333333335,1.3333333333333335
58f97b1a497d991d6f8c135f8388ddf5371502b77e43eb3e3048aaa0e5f793fd,3,0.0,0.0
5c3f596e6998a0824475ae1e059fbf166ba4def13caa36ceed07ad3ccb8f4c9a,2,0.0,0.0
feb3c120351840194b6cf5e848929f003e4266fb1a3a40e1f1f487e34882d3d0,3,0.0,0.0
2040f5123834c5224cab4e1940a06f60049e8deeb43558de5f8c3921cc8caa41,6,0.7142857142857143,1.5714285714285716
e5bca56d4b1083ee8b041c9db79385144b15d2da21f8c1d73f759b3db5b5329b,7,1.1111111111111112,0.0
ca9371ae4a65487378f476b7e5454d79d45333b7443a41f4fd50e79d95b04dd1,6,0.625,0.625
cb5378d04d1d5b1cc013267139ff7635a4daaecc5fbf492c9929124983f54a64,8,0.0,0.75
c66256253248c5fa606a3136a219236104a00e1611af38aad6a8a45fab569c5a,8,0.5714285714285714,0.5714285714285714
eaf1763a5e6ae549d0e01a9fe5e04528783347d01214f63454e9dddac783cc8e,4,0.6,0.0
bcefbb395299845fcc91cede16c38512c3e2fc1e17774bab2c90d953d90deb88,3,0.0,0.0
711216f45b766909f2e8af50944b5b1d3ae9886b7a29097afdc8d89f543b831d,7,0.0,0.0
d5c391d5b9b5e8a7c28126a115d87a13c61573ff95f431e53de3aa555dcb184b,7,0.9285714285714286,0.9285714285714286
d9b3af349fef24c2899c3a05d13232efe0105af3952b5ef536f1ecb59822ab93,4,0.0,0.0
e9e2ec5b524928120f1d369a05c561b66b4ff1c227b408eebf71f1411167f1ae,3,0.0,0.0
77dfbd99eeea500dd7b95cabb306de084a57d9be7ea99a5f70337e853df39b9a,2,0.0,0.0
db26a9237faa1a653b422e0dcba28eb460ff27c6fe96000eaedd514c3034365b,2,0.0,0.0
fda518211ff3dfaceb1eaf15dd2390bb5f68bb30b22beddc9bd269580aa67655,1,0.0,0.6086956521739131
37b19a99b406fa1d0b26d5f5fea1e949d011e5cdadf1531119e469dcccbb6bf5,10,0.6,1.6888888888888889
b3c8a3c326d4aacc9e8924d660213c7c9ada62bbae9f722435fa9398abcf8526,7,0.0,0.0
b8484c776b94ccc81137b3ca2012e0031fb8a8fd7d885cd7918c36fb2f488a4f,6,0.6,0.0
cd0cf313d411d00ee0e4c597a7358a064a6f84dc7a946e5b10d9b1c3f32db890,5,0.0,0.0
2cc99f1ade6a80831a205f8ebacd08b93d3cbb67a94c825cba0c9d455e3d9744,5,0.0,0.0
f0fe0c9700ddac0aeb3c477f25fe75bd7e0808837133aa813e3e078bd983a10f,4,0.0,0.0
e0a8c15df04a4b6d246516a084494c01094eeb4fd7945bf5e892ccd230295ecf,7,0.0,0.0
b78a5bd676c7f2c2350a2e88768f95f09b49bfe3818ae8638f55eb32d49c59b1,2,0.0,0.8888888888888888
70180451f7b4ed7597e1e1a525ade25b940787383af0d73edabe1434625bf885,4,0.0,0.8823529411764706
733151e8c02553aafe257dadb3b6e976adb152393ddb177ea6ee5df5bd700578,3,0.0,0.5294117647058824
b0d9fee6439c549908e5a7caa031f158aba6062bc64b8cfc8f09bc5d8335f6c5,3,0.6666666666666667,2.371739130434783
1c1fe13358f29a73b4b324e2f178878432eed17f66598becccf38ae2219f096c,6,0.875,3.216666666666667
2b5e8afdfded287d5e83c9c72a52775b49c2804e018e1d04af2ffa866c419d0e,2,0.0,0.0
8d22c8fe3b4f90ee83e08229153e7aad990064da4690cde7d849e0654e23ee6a,5,0.0,0.75
1fc5018439252cfd459189889c94b2a469f672f05df21257c1682fa24ab4ac82,5,0.0,0.0
2b6e474b85464851c286a00300d0d99dc40e03b3944e6bf091a0def72066a6bb,6,0.0,0.5454545454545454
cfdbea5830330e7ce35de363361a9739720a73735876ff83c8a55d6bc14e5ac6,3,0.8,0.0
253e7f2da03ae0d4144726f1e41ab8514bd786378f203c0b2c308b85b00f5b63,5,0.0,0.0
0f41bcb8383bc6edef585358998cff5bc9d484c84f2a1ddd02e80dc052d4d065,6,0.0,0.0
82c479119b11d41cdfc6219fcca8ce35c3ea694a21f74fddd69559174debf929,6,0.0,0.0
b0c1ff8cfabe2df1fe92af5faec073165979f84fd52f5cf1a98375cac9cf7b22,1,0.0,0.0
8e3e2b44cf854e5219f26002836703389c2d51652e3a953f5ff470c0d24cf3a7,10,0.0,0.0
22094da97b0c8ba5d16015fb26105e954fd60a4e2c91709593bb1bbe8657b603,1,0.0,0.0
4276ff283e70977da31e051e9223196fdca99ffad5d6ceaff2e90e761bcaa86a,1,0.0,0.962962962962963
c3adb749deeaea23bf4dac17bf4aad8a83cec231afa0dc4c5f1c6c83224b39f1,4,0.0,0.6
4a182f4abd3e11b14e72303412231a80b4c17df73d8c73b921a08dc321b904c8,5,0.0,0.0
59f5907b28daf230b7c0cb92062e0350d94852b21182d5c1057da2e11d5904d7,5,0.0,0.0
adfbb4072b89d49de34c2ae25f7689b40c96668c2d16ea6f46eba424228fa348,4,0.9,0.9
2ba14f25ba159c3222331444260f4d3e8ef1078b57b26318684aaacb4cec8d33,2,0.0,0.0
29981b74fa3f60026ec76e112df00f4909ce4c3188c18c820f991c6cec2017ac,4,0.0,0.0
2bc45585f80f84adb3a281a58052d850d4fdbf39a4514de63ad40ea13404521b,3,0.0,0.0
ce4146823cfb4fb3a1af5355b5e21b9168970a6acf462d541db1dec3b6dc436a,5,0.0,0.0
caaa54a71f95e902913cfe77509cdb3877535f8e5fb420e26c359cef6522dece,1,0.0,0.0
2d2c2d37ffa96b7ca0ddd5273ece37f018b2848d2f5341e368fc34aa907e9e12,1,0.0,0.0
3cd1355dc00e2c651c5e96bc3d43e4980065ad75facce5d1b3be6e5203260fb6,2,0.0,0.0
8da8f99b8a7d575732b1c081593692b701c548ab7e8ceeb92ff5ba898943a052,3,0.0,0.0
2ef2ed4984b765356fced44cfe0abf10f16aa5d53ff2e31ace67abdcc38c585c,5,0.0,0.0
03cc2dd48c8459ed5f27f9d61a653656608c928f049c14c08c78c1c5b1460d8e,4,0.0,2.0533333333333337
d9b9dc0f7172e82d3f533405afe337eaec44a0877279a45a94a2ddc89826c940,6,0.0,0.0
f457e56fbcc58fa94059041c8534d74ac81cd397a40f5be16f326612ca9426e2,5,0.0,0.9666666666666667
3431f68e49155026194e1284faba9e056e7d0cda7df6502d2f87e426c0788b06,6,0.9285714285714286,0.9285714285714286
14b7fa48c387385caf8f674f1cb1c9136f1af2984339f50b56a1da583f17e316,6,0.0,0.0
dee5b7a201291bd5b8aaaafbdd389d48a7e775cf9572a9d0f89860993b3f4569,2,0.0,0.0
243f0acd51a31e37efdd7ce5a29d147132a7805c5ba30912c92ae87d84f61db2,6,0.0,0.0
0ca600c2c69529d7bc6988f5dc462cc91151de363cf59effbafd1b1256d08a5e,5,0.5333333333333333,0.6666666666666667
49e17190fbe4fd4d36e2e3e251fec5631d4986b2e1c6d51c3b539d84b05697b0,5,2.0,2.625
c0aacd6bdbd4ca068930e7c4bd6d36f677dde304a2d3a127b1c2104a10afe737,7,0.0,0.0
d581f17b55d65d0c11ab491a48721b223b9bcb77799325d4504d84c8b20acb06,10,2.0,1.0
4168f56e706913aeedf2019e27cf45e9bfed74ba3fd49b1bdd31be54d2c2b46a,7,0.9285714285714286,0.0
b643af88231349cb1b2d5b30cb7ae78b4015a1d0e7e5794858c11d9d634c1d78,4,0.0,0.0
778865ae2a4f3adf42b998460b31e6aae8eee64cc274b8b6569bec94ef8111d1,7,0.0,0.0
faccc34512c3ce7de331f384f9316731cba3c55aab43178af15b5774eeb8f34e,3,0.0,0.0
43123ef80d8b9def00c759e0b5f991f0f84b7dd1848dab9b273da9aae994ed04,1,0.0,0.0
bc17c60abb054735e593abdff2da76dfd349818f1c37e32ed2424b734f6bd01c,1,0.0,0.0
f4845584773cc22e63c421c4d2fdd570f3bed81ac576dd789d56e1386f334e3b,2,0.0,0.8333333333333334
0554ca7d7f57fa9ae09448a634f2960c57cd6dd8d90a0332e38dc12d1ee0c22d,3,0.0,0.0
5925b4e0fa40711a43a2946416dbae18c2a2bac11c211ba34fbc9d07694eedf8,6,1.5,1.75
7e5c7ff4c0ba7fb7aa5f896bf06287ea6b2abf86af2c39e183ee8d8c7ec6d20e,10,0.0,0.0
5effab47c4e4aba14498e411f51104ae3118d235fc133e3f429f0f80c97490c5,9,0.0,1.3333333333333335
0064f5c597684ba9fd94d4ba00dba4db6c5492c9a12e233ab2264699a3f80fd5,1,0.0,0.0
d973aaa4ba73ce7f01b6197a771ce50df436f4f98fdb9575abcc40ee6824930b,4,0.0,0.0
167f55b259f8a5c0671f66848b1b0d82e01d8a55483a2b6a482cda80f1e3d57e,4,0.0,0.0
50dfb38f1347634cb763cf9d0cbfe941e668055a979d25dd63c0bc5478ec40ec,3,0.0,0.0
e15d557a0603902be04765b3ae0edaf2760ae52aaa61bcfc2126a5ca94db2b84,1,0.0,0.0
c79728b8380d8a74135ff66c9cdd77b644b2123eecb7fbd773d2674c8c54b1a5,5,0.0,0.0
13059300e531aeee34f35a131dd393c8d553f2d6cd32e1735a1134ece7f9fdae,8,0.0,0.0
1aca12c615f705a929c22f711330d148826d2949363a7ceb9300b72244db04f3,2,0.0,0.0
81b7d82952385e942d6b8fc0892e25e074567e939375686c5e7929c9dc5ed6a5,2,0.9230769230769231,0.9230769230769231
8fdd6f823bcd3e65b343cd05ef25589612870dfb0899787587fe6dd361d4f2bd,3,0.0,0.0
4a0fb58e1f4d85f805b0cdbc52ebda2bd226dd90ceb7c0be8cf99876e9d5cab6,2,0.0,0.7777777777777778
4fd4ed785f804dbb475d7d5c32872cc5e50d2a0c92069b363866af44d10ab6be,5,0.0,0.0
badb62fd644785a984db3a4caeff3af1cf38bd3e11aaaf61b136aa75f59e5e1e,3,0.0,0.0
1c0a5f7e4402a8a8407c6c4b2c8bda6620e1b6c4083f4ba0c9a5f496cd0dd5b5,3,0.6153846153846154,0.6153846153846154
86b9dfcd18d4e0b0a7f1ed337d5f5e4a6d8702de822b8c852dbfa182438238b2,6,0.6363636363636364,0.6
89a6dab8ddaff2db4c4f1cf86debaa94880140e1d745e68c7dc82060351d1f57,6,0.0,0.0
e5c719d37bd562b3aca65e2fbaf3fd80ef8e8dc7d83f3f1e17de7c9d9d959ac3,3,0.0,0.0
283ee551447c3b6cbf7e7e6f7fc7e91d8a59cae9cc3a6e309ef3d96a12c1c3e4,3,0.0,1.6065428824049515
f08e3d08e3757bbc51468f7be8ec96d5b0dac2a3c06124fc9670e13b4d77a957,3,0.0,0.0
90dfa50ab0d0d1726c5e655d74facde02bb3b0e57b1f0fe6dfe2f984439537ea,1,0.0,0.0
cf0ac99c7bb571c4cec4c414ea896ca0b5be8063afb571fe2f07a5de8da1295f,4,0.0,0.0
f949f4ba18a4a6e718a7a212897b58a688f90a1e14c720a3260b9144edb1ff42,1,0.0,0.9666666666666667
b8b18b96fcf9b43e686cc17cd473c4f540008413c685d51134fa209073d56ef9,3,0.0,0.0
9c3ba4e6bc405d28c6efb4f7ece89f42803eb2c76120694e58ee65664514540d,4,0.0,0.0
8a4273499ee7687aaceb5e58e3d02b2fba2158137c728d4af8bdc9290a91d80c,5,0.0,1.056980056980057
425de47804ea5ac8952fac37fd0fab55c212d25345adc07a5b612aaec7714dcd,4,0.0,0.0
fea8ec24949968cac48df215764dfc6f28e2c5e167f457ae5cda56bef8628df7,7,0.5454545454545454,1.5
5fc6b8f33f64b5a34f2a7ee48822a435370c303d66cd394fa03caab2229e6677,3,1.0,0.9090909090909091
385630cea76fe28c050ce81fc974d120759fd15326cabd6100546902eb718815,4,0.8888888888888888,2.3055555555555554
4d264f5521598008793de95a73ac88a935f6c6c8c93a8a19541b0e5c7d15759a,7,1.4333333333333333,0.6
74dcbb5aba336fa285fdb51fe0e27320448990b189316558672108cc8d23b662,2,0.0,0.0
653e277f7b71c5084299be5f11d55e15b0d07e395041dc06ba7d795b5db55f00,8,1.3263157894736843,0.8
c717e92c60a01e1fd88c51f63a785f141914c01c151e244e640f155f5393a15b,9,0.0,0.875
d0e713f5053267bac269acbf29eacb70c83abd70243767b3648d41911fbc6906,6,0.5909090909090908,0.5909090909090908
dc651812e7dc269141fe4cba134ba44c501294224513b3fbcdf5fd9dd01e93de,10,0.0,0.0
e11f171bc94526bf613b30a373089a759674a971ed59bbdb317840fff989908c,7,0.0,0.0
94650fec7bfb9d376549d28e0db449e7f0542c94da210172249aa14af192cdfa,6,0.0,0.0
6205718698b5f8324d2ee29f8eca63c3f7b1769b0bc68bbc6051f3a68ca1e0cd,9,0.9444444444444444,0.0
048ce3e946f359f85200c719647561e2f0c196852bb973188ef6979f04d5c8dd,3,1.5387205387205387,2.5016835016835017
e064378418eeea8333de5a57920c6c3c066a22262c4bccd6aa8d6d74c550845e,8,1.7142857142857142,0.0
c7e3c030b06e0d6858de84ffc0ed023b6c9b777b63c64c4409434ca9cc9d9386,10,0.0,0.0
114d00ee97180344470a3722e58b4d82985430cec9fe2b549e7b230b1edb3269,5,0.0,0.0
f8268203ead0e4b1cc58e38b960769bd50d69aae3924a5d536f030f5395fb239,9,0.9444444444444444,0.9444444444444444
e3c513be3f215686b3d0dca90cd8de72003563ec9bbaff55f834674cc9300471,5,0.0,0.0
b9fbce068bb2286d2b7893a0c0a760df703bfc2080f18ab6c999034f37512b6e,6,0.0,0.0
8a0680f8b83a12c4757591cb86d4b9832e6cb91fd5b35bb316ff5d55117672e5,7,0.0,0.0
dc6e29df96fedba17fe3ad76c14148609724af6ba374ecdd0d833e0edfc8d786,6,0.0,0.0
d49dabee9dfcc5842b752f366c4bdec6f61babdac03ecb234e6595622b08199c,2,0.0,0.0
a4effc205d7039e01304c814bd5340a87a82941dee805ddb16f68d7860785eb9,1,0.0,0.0
b43040f2ab30910bf15e8477af610ab975a4b59fbecc06e5e78de1be5d250485,6,3.290151515151515,3.7315217391304345
64bde72a4225b37b970054e1f743018adb0f916eb217f2069c6a3bdc3d9129dc,5,0.5625,2.346590909090909
32600c48fd8c33c35284c01da33a3ce1b9355e043622e8cfb59f8265e84b8b06,9,0.5714285714285714,1.7192307692307691
f17810b388309aa7fabb3e912d47feb97300326a30e4fc5d8872a7d728b5f826,2,0.0,0.0
914bf5d58314d3d5543f3f9a7536d47bd67063664ffccc29d430a032dc17d402,3,0.0,0.7142857142857143
b6e24151eba01bc2983dd1e5cc0a5347c84974d82d6ab0f98f7c94a90c01438d,5,0.0,0.0
e91abc10d6d227008d73f57d4525ad11504d13de3de3acf57d14e6f19975d224,8,0.0,0.0
2de63bf275ed04ba46b42dae9548dd9b40fef121be3d6641cb2e85337df5a3a9,1,0.0,0.0
4023d3784ee6eb6c2fb9afe30acbeae8c7fc130c64bda6fbf7043bc13cdc95c2,7,0.0,0.0
6229509b904dc4e46b685e49b15545df7a2912a4beac2d7c9cc13f01ec6a4289,6,0.0,0.6875
46e034e988dcc2bc72483e1baada47315af153b81327da69d761356291d7d7bb,2,0.7777777777777778,0.7777777777777778
b61a85c7d76a45c76d379d789ed5f9a6845fcc2d9c71646ca221efbc765031ae,7,0.0,0.0
43bb149eaf223e9b9b2b458ad2d3f443b5ad5405a3d24d227d5016a597f6771f,1,0.8888888888888888,1.0
ff5b14c595be1bc8e6e76191cd4b933a4d719d2affcc92080260b15766b463ae,2,0.6,0.6
3b65259589dd64dd3c9e538d7e9af98f18615e3a9d6942d6ccb1c662ed4c3bc9,9,0.6470588235294117,1.6333333333333333
ca2b528bae2ac75bf292618a629383a911313303866f018a28d74c30748889a0,6,1.5555555555555556,1.5555555555555556
55a30cfbe0a600e4758091c780fa507729bdbcc7a4177487239a3af85c1ad4d3,8,0.0,0.0
3148713f6c0dc3ea7f68a3e731f8d2e8fbb4cd46ff4d446a1523637bc1dbcdd0,4,0.96875,0.96875
1eb39ce7c9a5c376b1e73ae0d6afacc91a63efe82720e0f46e045317aa7c2610,1,0.0,0.0
f5818be44f9e2afa544f1a875d369a9b0dfba2fa327190222749e7728567b1ab,5,0.6774193548387097,1.6070588235294117
3664b07342b72f35a29c61a081255eab3f439b40b79f3e913fcabb413b60f888,3,0.0,0.0
64eafdd0f2662cfc8b2c6ab13d8b26ecb78ea87f090688bca2525dfe9620ed45,1,0.0,0.0
05e420133938534e8d8bb85f8fc44a672a3e31ed1a004a5db96d4e947a8d6e2f,4,0.0,0.9428571428571428
90bba1a03d8864a8aac9e6d687d616893653a5506f86f3380290fdab45465ee3,4,0.0,0.0
c08db93eea83a09115784eb22ccb19555bb80801e5eb91d127c43983cb29e1d5,2,0.0,0.0
37d8599221b3ea677b85264202f85fdbbd0fb18f4b2390efd1f0ad418f006254,4,0.0,0.0
091a02392410af73ea9a1aed628e2631a7305a3527c1e3e58da6fb680330c6fe,6,0.0,1.4858299595141702
f73bcb4a08d105e14a776929dc30c3a782555a238f94d1f0e5c0fb2862701878,7,0.6666666666666667,0.0
8902d82e648dd3603cd1e1693600fbb2f22319661eb1dbb134fcb9495b91f5e2,6,0.0,0.0
b98456385497ea25ebb624d723556810b58b07e6dec2ae45e2493addc671cdb3,7,0.8888888888888888,1.477124183006536
ad29161105e7af7577a442efb9477465cda21ff9ef7ed8256fb4015cd10255d2,6,0.0,0.0
dc7cdbbbfbd0df2223a934e14f0d7a9f2953bdb8bebe217c5c0feae4ccb42524,4,0.6,0.8
cd785b0435b3ca4d80aac5cc05135da8d454197de80016509bd1db392fea8f07,3,0.0,0.0
a9a9e945bfeaacca7b176e8e681bcd4d198365c4be7722f2fb8ae587d616eff7,4,0.0,0.631578947368421
ef3d8e649e2eea2e4f7fd160c6947ad3f8767a4c7774b2ea8011e8d645a17542,3,0.6,0.65625
e0c361907212dd4219d9034e514f2c00361fb9c08529a603ec4723f6a336790d,1,0.7777777777777778,0.0
ed64c1463ea3757359486b2614842c9c6dde8f274f3968cb79a987e348caa04b,7,0.0,0.0
6eb2820cad424c883cefa153de87882027509e227e41edd4442ede4d85c1f3b1,3,0.0,0.0
ee065994deafecf4f5b4672770d9e285a999e0cb483189fc084a2d8388abead4,4,0.0,0.0
48f86e857d7dcaf23d4105b2dcdeff2de9b14d761bf41d0c2a2e6a52b665b446,7,0.0,0.6
9588fb499a5df13fb47399d6f9d4ad54429d457da055503a1a472e205b3eb673,3,0.0,0.75
43ae260b67a280918b429ccf27ebe361a8c828f6163b3a7dc0806fbb35c95c5c,2,0.0,0.0
ecf0783b75c500b5ad325ae0ad3dbb8e2e8d8304ed13d372601014a51b83739c,5,0.0,0.0
75b14a87be329e84739efdaf131bbbd41c54b60be4ff8acf2c747a6828b3827f,4,0.6,0.6
c3ecfa52774bf6a4bedac07f804723643721d070a0a7d9bce25599d97d72ae08,3,0.0,0.0
cace6dbf282edcb74f1f1fc9b4b2ae61f71837092892d33bf78641ca9b411a37,7,0.0,0.0
0c8aceaf1aaba25cb83605257b548e7a963801bd15b338a6ad8fed85f69e3ecb,8,0.6,0.8
1bf27d4bf337b680cc37b1844b4de68d656bdaedf1adf22b234cdd061277fb09,2,0.0,0.0
455c65e775d54c8a2a9cb732f25503682c9280a6c7e11da594de3255d67808f9,3,0.0,0.0
a4a207d53e9e6a1faf4eea38f9c68075b6c36f42be5d1577df98514c72fc535d,7,0.0,0.7142857142857143
255bb2373b11fc8bfa3add617fd42755876bec7233798c25dd57b150ce4a240a,5,0.0,0.0
29d990aec514729be8866af916ce45491d82121b0cf2cb26e46b29f8d3a81e29,4,0.6666666666666667,0.0
a2f480311f147a3617b08bddbb52eaab41c0e379c35bcf7a856a5c43433da4d7,4,0.8888888888888888,0.0
aadc925d476a1cf7a9b3f69b70544078fb258c914007eae4885c27248db8ab3c,6,0.0,0.0
bd2174f7401eb5d27e0f46ca3f3d07c23db8d1b6191f079cbb525f115e5854bd,2,0.0,0.6153846153846154
d94931a3f629d6c7792cc4524641acd5001837815993ba673acdcec7d7aa59d8,2,0.0,0.0
c777ed49dce1079fb0e9759337b0f445279b9f1a29016f648a795f4178bc2c98,9,0.875,1.738888888888889
baf087c0f64452170ff41b5925d1cca1f618fc16b514471456c1184ad8f2c955,1,0.0,0.0
eb5a466169934bf9511799a66daea54df98db7b88b52bdec25404f2dbf712e20,10,0.0,0.0
4ce18d126a9271a834fcaf10eaf793fb8043881e5a34d299644b6cc5043be975,2,0.0,0.0
ae575ef82f8a905248b4a640d6bc921d30c7f179fa35240e6a4d8093d9aa28aa,7,0.0,0.0
be41c6430f4ac5f82621c29ff2d3322491716b4ec363ea45b9288b5617a80af6,3,0.625,0.6875
1545cc9ac5137d375238acbe86d8a10cb6284f028dc8990d6530db64bfacd670,10,0.0,1.3333333333333335
4188eaa8b3e1524174fb3e8eb845be3707751f149dbb612219c1b4d17acb7c03,4,0.0,0.6
3a837ae57f25904a5b04788ba9eb6f8747d696979bfeb25207051a2cbc2a0d1c,3,0.0,0.0
0b4ee01271d1283280adac0703644de599c6e89e74c449425dcba2fdd7f99239,4,0.0,0.0
bef7c10b38d7fa90c857669dccf13e7cb76a35515bebd0a8d7d63b7fa2209447,9,0.6666666666666667,0.0
f610d5b56d584e424f2ff82846de8e66a196afb02549fce2595cf0150b5bb5c7,5,0.0,0.0
db81e22d439800df7932c1d7ba7317a87e20c5da79ae1cb6abfb1a6f5ce7ade3,10,0.0,3.509627406851713
5bb2a6ddff2b8322a0847dc9b98f92f13fad601584463e1086e306caa5a7e0ba,5,0.0,0.5625
04db54fb0072bd6443f535dec48ef07efc3d1b863d764b6afd6d7c5f689c5912,3,0.0,0.0
df2f7521f29cfc49293a643d0f87d47d8bda907a788b9cc4bd86e64dd115f7d3,6,0.0,0.0
9633403b3a78447bc0b2645dbea9fc13ce8c1bb4719ae463b2c971d8c7f36db2,5,2.4,0.6
457a26cb82d49c3852351b4320c36a6e67312e9ae2815f07bcb8752b985bac14,5,0.0,0.95
1650627787f2e4c41702a20fe8decf923d239abbfec33c1e096a724d7155539a,5,0.0,0.0
af690322fbe01f85956bcd07a6d4cff1fc22d4ae6943135a7b44717e2f69cf1a,2,0.0,0.0
e490c4396ffc89188646d8f522a3ea088a79e487c540fda33048b3b226b3e724,1,0.0,0.0
0e0d9a5933c5c2cff25493a0abc042a8298955b60428092ec04865219a8a6691,4,0.0,0.0
600b4a863a3d7f674b80daead379e83c9a66f08d13d947eab67013eabaf99fe5,8,0.64,0.0
6391bba318f3ae3dae54d8dbe4efbdf445809b2f3310497114778860215b2513,10,2.2857142857142856,1.2
06c17bd0994abbcdcda48f517fdd8cc491a419baa012cd6b2f508be2f5d248ad,6,0.0,1.1287878787878787
05d906cbd12bb5075adf5ae1747be77f0e5a97b4d6ad6a9b19bd830fe57c356e,4,0.6,0.0
57f810bc43b2738096e133f36220056a980edf9b4fc78d455558d3c5ca2eb79b,4,0.5555555555555556,0.5555555555555556
598d1b2a99f4b8f9d6595a770e9dc7eb54cbf448a0db2b788d26e5a939cb65a9,3,0.0,0.0
9d0bbbf8b69fb807046d253987a5e1a1d318c397586fb9e155c47518b3265ce5,4,0.0,0.0
a481861d9bc0bb45e6eb5f6653507f5f3512bedd80a8415005e46304991eaa0d,2,0.0,0.0
35aaa3dc696e34096a7008182cf68ddc5a2f829fcf27631ade4a03876055fe30,2,0.0,0.0
16fc83ce21c99dcc369b0dfc181538a9a10936f047eb11b7d9b1c761b52b6f11,1,0.0,0.0
775f601b14a3e20ae11484068e49caa66885e9273541aa396f2adfc2c82b97eb,2,0.0,0.0
993050a2b6df7bbbd5828e3b6d097e4f20512c68ca35272a043362752aa11dc8,1,0.0,0.0
13349e75a1ba43e84c4d623c97b5491f1e1a01144ac56bd36161d33dd8f33e42,4,0.0,0.5833333333333333
0f03bc644d278efd4c1d8f8283ecd254c730f40a98f7b8f92e2c92de67973a17,1,0.0,0.0
2cc92319d59646b6dd51537cada3e84962fd5c80f3539fe1d9cca1b739ba3d52,10,0.0,0.0
873b3978432f2a014ab0a742512b555fcf806df62329f314c3bbd3360a930763,2,0.5185185185185186,0.6170212765957447
1fef7364f5668c5335f97b2847d6803ae035c92aeec633348a83f46e1d81464a,4,0.7142857142857143,0.7142857142857143
41f4044fd0cfa623b2938e756d4f7ef8ccac2aafedd8586ddb76dcfa4b46bb5e,3,0.0,0.0
fba951bc87d2217a95c167fef32cfe1dd1fe410fd24941a9529d744f6e22fa8e,5,0.0,0.0
2a3231f96f5766c8f228fcba5ac40e320ae9569f6e662ccba667dff62fbaff09,4,0.0,0.0
c1d1743e8fdb7bd5848328b362dc2497231136c76be9849adc5e0209c8896480,4,0.0,0.0
aea8b4a296742574a99db522f35689244965e55da8a7853351bbdd4553f0ec72,2,0.6666666666666667,0.6111111111111112
cb9cc997880b0d32aa914d949e66070d3282dccff7a584b8d5e45d2300acfd82,7,0.9090909090909091,0.9090909090909091
e27d2ab335037a297af9852f01435ce6598def381f60c8c346a7717814c07844,3,0.0,0.0
fc576ba06a4e4c2093777e492aaa4c02ae58798d0d8024c732f36b9a27c7d586,4,0.0,0.0
59cc4c04068cb57b4dd9422f2f08ccf3bdc95895e7807d1403c33c3604c3f3e8,4,0.0,0.5714285714285714
a9d2f36d3a4739f5769100f322974517f0194b85b0d788b8cc4e1a4e4409fb3a,4,0.0,0.0
458bb5f7ce274bdf0253d5c9c20470b5f0b57c624b95e4e5edf24eb944452763,4,0.6086956521739131,0.8888888888888888
5aa444b6b2f25b8127003dda8543fa009a2429601a46d1f1396171b273565349,6,0.0,0.0
4cebd7462a3faf595cb9b70eb2f01642a0cb50b92ba5530e82dad4971b665775,2,0.0,0.0
80c126d8ab1f4aa80af61e7737d36de8bf285762e6310a73b41cd264a49883ee,4,0.0,0.0
514b14a017e507d0e6aaa6db7f40c71d67ef552640195bd8ab49a80034ebeaef,1,0.0,0.0
a302cd87152b585327f9e314c99a328c1cbfa85b90bfa5d4403dd81d45607fc2,4,0.0,0.0
3bf81c8519f7dcd2d713888e2857a0cdb10ff29bc3cf2a6d98c51fb259b3748e,5,0.6875,0.625
be044bbb2c7ddbd374148efe643c989ea80f30665c7cd005605f7a2de51cc2a7,5,1.475,2.35
46ded6473b3138659d72842ddfa0e3e1760f8308f0c067b1cbbcf0907040b78c,2,0.0,0.0
bfe9329b3117b8200646a75ae938936154add653cd4e746507162be9a55636b6,4,0.0,1.6018808777429467
72a3ba717916c639633221e15993bfa63b66406bc8184fd62386441f71c1fa43,5,0.0,0.0
b57b041e7c32e4dcd8a4ad48beaaa81fbcae1f8a2921de1c131e7e62fcef5986,7,0.0,0.6666666666666667
f685e9d3b5dd2f6069435b936b3f65c64a14243511bb9c42b65dc882e2e9bc16,7,0.0,0.0
92f01bf5194101bf9c1fc3a242ae42f30f389ce465b167a568018f6b9505582d,5,0.0,0.0
ef9cec55c8735d72eef8a5ffe68625626b79a9de9f19ac59d87d09b574b684de,1,0.0,0.0
436ba82842931f9f45b289866957438ebf3c6dfdc92085e40fa96487eda959ee,3,0.0,0.0
d4ca7502ffdc7b0c69e0108e2ef3c96b79b63e661f6f333c9ced559fb43de635,1,0.0,0.7428571428571429
d8d4dae1ffe984349e47f81a7aaaa7328c038ac37716aeca05a449741dcf8c5f,7,0.0,0.0
1554d74e220bce0e7352cf1fd2710c10cbcb755ef5d7d921fbb9097d042957aa,7,0.5882352941176471,0.0
500be483a2dec68f485e33af4eebbe0fde1296d33685c6102fd3c89b0e3ab952,8,0.0,0.9333333333333333
42b3b13bfd6ec590cb09f7638cbb1ed730767c6188f74658f2acf26fe672a1c1,9,0.0,1.7777777777777777
0f265e54a2351aaf9d78a934fb697ad22d7635f4a9997fa36c811a03f2c1695c,2,0.0,0.5217391304347826
b593274ba7eb667fbd5863c54688a209900fd982e87f4b201cec966b7b572dfd,1,0.5714285714285714,0.5714285714285714
aa57f07d6ffff7e5be90f9a42cddbb4938539bfbccac8f88aeb0e0818d2034b1,3,0.0,0.0
41b72ee7225ba2a47ceef5f90bdc5e3c9cfd739b6c685cf935e1f79f75b74b0d,5,0.0,0.0
22662fb470c561d034fbf64ec66b04adef42327a34331fe66189ab08f16bde55,6,0.0,0.8888888888888888
83b6ddd190916d767b0ec2e72256f279d1c2dba2870aedb3071c521417e6b76d,4,0.0,0.7619047619047619
9a2c159c493efece14f8b1ccb67dad00b53451821ce7afa6fa8e021cbda9380a,7,0.6,0.5263157894736843
2cd8ebd120980127ed692d2f2e4ed5c615ab0d8c48233a4e04f5f75f9f9a33c9,4,0.0,1.1428571428571428
25f9212f3ad76cd6b218284a7edd67a71410217339770b60086c9b02b36ab05f,10,1.9740259740259742,2.142857142857143
2ca3ca4dbc54c46a7e6ba64a9028e6f0327296b693c21848b5ebe08316ca7dc7,6,0.5625,0.9411764705882353
4a8bbdceff60eb1b46d132e2c50513c84294703df556d53bd199800da5b95fa2,9,0.6521739130434783,0.9523809523809523
a92682037459bc12fd4f98aa39c0ab007099f1774a92d392515d89c2acf39d23,7,0.0,0.0
326475d212791308d24920299ebc69a80c35d0690bd9f430985c6c3b5f761359,5,0.0,0.9333333333333333
43bf679f0bc98e1f54472f5744cbbb56dfb95aafd72d8e4ac38c7eb1b3e0abaf,4,0.0,0.0
49b3339ccb49fa676d6bb5bfd81c44b210e8299703273612ad88af2a19aeeb8b,4,0.6923076923076923,0.6923076923076923
25eb53d2e3962fcd0baf08254bb73326d28a7c849f42c902d2f287a32ef3c0c8,3,0.0,0.0
a992fd4949ff4e9a0961a8ecca1edefa984906c41ec907284eeaa33bc790c43d,6,0.0,0.0
c60a2be937852895a39046419031b380df228577b7a2dd57649d5a4f50b6adcc,4,0.0,0.0
1ebe72f96c595aefbdd66900947e16ab089c7151466e98442205cea5ec80f2e4,3,0.0,0.0
0404a881f32c074672e9f238ae2abb1bd09e739c3c756158613ac3bf456e1e56,9,0.0,1.6666666666666667
ba59f271ab5fdaee223b23ebe922a7b878335296cc3719c5688d116a4cc5e92c,5,0.0,0.0
c17be75e0eaf31ef7ea7bb14b93be10e8ac90aefbc54301e3c49b9362f260770,5,0.0,0.6
e96469de8e5b60a43a0b4e74069fe638b6550b2f7380b17b83257cd9f9686c74,2,0.6,0.6
f778f2c8a559a65a93480543bc731501969e22e8a0a6b4ee37b35ab0702d3a62,5,0.0,0.0
0134d7a4a228a1ed096e1cfea40900cfda00ea9cae590511dad8ef0935b039b9,6,0.0,0.6
4c4ab02d48f0b8fd9f6879f4237dcb57969b57941763325513a537c1345beb9d,3,0.0,0.0
a5ee2ac25ed47fb3bc81457378d7ac082842a43ca1e4ea0200ab26146485328e,7,0.0,0.0
19bcf600fd7e126d126d3c383a44e3a49472ef2e01592340dd2a240fb35ad4d9,3,0.0,0.0
404e712e30c0c95f57a20d4ba4d855c0a2df14ab5337849f3680fcb05dbd807a,8,0.0,0.875
cf51f7987694c712d1fcb374a62028652875bd6292ff0c89309543a3c43e7322,1,0.0,0.8666666666666667
43e6edb7ed3b019f6a2df817b16d6a88b535652a346612e23e2d4bece3065601,7,0.0,1.5957446808510638
c24a957c45c0d6f8f5d9eab2ab415a7162093d2b2aa8c2949141663475cb4bca,1,0.0,0.0
5c7e08d84d1cf20c9630eec07936bcead5a8c7d2bfd7fab6192c3f5c2ecbafb9,2,0.0,0.6666666666666667
b93383aa4e75eaa081e191f22298cad23bea735d3eb1a9db3aae6d57cc6f4a16,1,0.0,0.0
353533df3ec0548a3a10444b3687d04c8602b748f9f4ddae5a6f6be6b043179a,2,0.0,0.6666666666666667
790ce9478a1dc6eed3687bef12b95238a8aacef5922391531deccdb4e159c49d,3,0.0,0.0
8e70e5d40e5ccdfd0770b8e9344468297f1d75f0ec26f68a858777af72045b76,5,0.5714285714285714,0.0
a7a40b7cf25717865a1f5e95456aebe3ddece4e1fd5680161b0f73cef6b2701d,4,0.0,1.3406593406593406
2bd308f88747921476d158a522605d7eab64df1af3a1fe43032b506f22a67804,4,0.0,0.6666666666666667
ffe0413912cdf4af8d0b1eba8c1d5955132fd5c4a51e41e89ea1fccca4290dde,1,0.0,0.0
0f5e3c6923641347892bc1f94d45b2c16cfad22303cb1d812cbc80d722ac3a08,2,0.0,0.0
dd0e01a83786c8ef06edc408eac24e4737562f4284fe2e1af5f7c943b2578e44,3,0.0,0.0
4865152bd5fca2c773430227bb954a78e7c17ba199dceb4582919501eeba70c2,2,0.0,0.0
a7ff0dde742b3d9d9ff9399938073ff4eab22bc3dfecf14ce0772e9fa6bb4078,2,0.0,0.0
cf906d7a60c9e04eb8691086f8f22bc638ad56e46c362d8b0cbb7c387ab2324f,3,0.0,0.0
b8b99070ca95380725d26637a101349dac174fa896269b80dc406705da6992f0,3,0.0,0.0
dcdc5cc2f809ca439df80648373eb7b6e9ea46a0eba1a42df9f0c3c6ae1b9ec0,5,0.0,0.0
2a3b525041586f76e42e699febbd21a354e7151666ebf6f60f82470212b8d6a4,2,0.0,0.0
38d310ed80ecb952f7060ab10881e17fb28dac3e522f3ac10403cfd23b2cc92e,3,0.8125,0.8235294117647058
38e143ef0fdebe3712618acfae675b7f2a526cca2effdced111592b4a54af444,2,0.0,0.9310344827586207
b91c2d0cf2c286eeaa3aadd3311cd05b46825b115c369736adaafb3688e60019,3,0.0,0.5238095238095238
f17e250361ffd949ffc5b2a239b3e1363d64723c7cbaae02eb80e832a1e04b89,5,0.0,0.6
d46d71407f31d870d9488ccee259fb38010e84c1c7e2c1164b166e20ca1cbb78,10,0.6666666666666667,1.2713178294573644
7e6c93c69d5633da529d6909c4530fe2b0add199e88b57972623d126d4e7da49,2,0.0,0.0
86906e27340c60dda89e5f7616cfb710c8ad4a9969e79d69c92b60102c1559eb,3,0.5294117647058824,0.0
f1d2dd0d260a10905f53d03f39ca31f45c06f58282c5cee9bb550bdffb6074da,5,0.0,0.55
87e93a81cd83b904af069a80ac31f0bde61673f1b2a0dec2354e64cf3ff7e84f,5,0.0,0.0
13f438f858ccc737a5601c57a76f2a11d4ef10df08d84b512ac80962ca0a4188,6,0.0,0.0
5281db5d1927fb32012cb15ac0d5410590f59291e3dce6335d4093160c156ce9,3,0.6666666666666667,0.6666666666666667
58caec545dc52ec7ac5ea118d599a6d812e77ed2a6ded4e1132cf1d2fd25d1e9,2,0.0,0.7073170731707317
952a3ac27fd261a4506499ac6047c315a81d80124d4d3c0fecaf863a3da1ff0d,3,0.0,0.6111111111111112
c1266496becd0e0f8008313b77eb20b9139c1365d862b4c333d644574539c3ca,1,0.0,0.7333333333333334
3909696c00bb48fc5549a1984beaa7d989024092d7262ea600d8647643c27ae8,2,0.0,0.0
927a63a639b23fbcb4bd13a53599497c371e27939db1ed135388f587851e89aa,9,0.0,0.0
9a26c3e9ec50c80ece82f5cafc8f94da22bb5aaabe4db6693a2ebc34edca5787,4,0.0,0.0
8e932f61b3f9839bd54b3d4984b9ccc4848a4de7789ac898ed3ecf6fbbe643ae,3,0.0,0.0
a6d74e97637f4c705e9072fb7198d7210fa5b3c0d4e1cfb22249131d469560ec,7,0.0,0.0
01898f5e42e29a5cf58e51235a3f02889b18ff0c97b1e67e297c6163f92a0ae9,2,0.0,0.0
18dbd66ab5e55e97a377848944a7317855306010345e293241d6844363880451,2,0.0,0.0
0ccd778c1ebf1ff1b93e86a0a95383ec9176daab6d9d2ffbc62e4cf169f68612,7,0.0,0.0
d3e1ee8792c52c5c546456e20f382bd1d6dcf5dc4f57b469de3c8a677be1176d,2,0.0,0.0
350908542db5a23b30759bb03911ae2b4ed144a68d39d53443cf9162df5a9431,2,0.0,0.8
90986aac7b78c96e7df4ad1524ea5aebd2d6e6d4f1d14e8c63d8e99c4f52f273,3,0.0,0.0
be54e5aba2467104ff47c1bc0eb89b1c24aa64be12ab5156abb971add1297efb,4,0.0,0.0
468ccaa9b5ca54b1853c70a138b69fbeb7f2c773e4234123996ddeee9c66f9da,6,1.2136222910216719,2.026315789473684
21f00d207f796e51b4d1674124f03da835cd4d3bdc6d37f797b3a10862e32ff4,2,0.6,0.6666666666666667
6f2ba3b74da375231342b7999bdd7ef1a29a58d30eb4f14505bf2271be65df81,4,0.0,0.0
528273f2928d7db406691e78bb2ffbad92851b852f8122c9c423ce7df61ab57a,1,0.0,0.0
19d3feae3037034bbd5f53b777db7b35c3d17b2c174bf0d676f50548b02a472d,5,0.0,0.0
771ad2a6b96a6c00ecff94d1d59e83ed5965c16407b5428b0555b1f18da4787e,3,0.0,0.8666666666666667
e816f938837dedb53358103cf3b63ae08cc3df90078be09c605dc88424dc3af6,4,0.0,0.5384615384615384
06a7109200943289bc1d29f4a5ca033cac57783ddcae40c64a42c1d0d43affe6,2,0.0,0.0
2eee7cf5a4e1484ef5c2f1489e93db1272464201a3221ad03528ca0066ad25b4,1,0.0,0.0
47b279784f696e05ce3a393123363038c0fdc046d267e13283eba2eb47f9eb9f,6,0.6363636363636364,0.6363636363636364
e693543076f47d99b6349baf47adede0ada2acf1cc21feb913539dff41a2f7f3,3,0.0,0.0
cf3991630a72ff39a50fba78db61a568459260ca7bc6f9a1211b4c44e22f6bc0,6,0.0,0.0
aad4d064c1a08b3de2c83e90a10e899d116236d1b0d87ebb7051936125bf82c1,5,0.0,0.0
a56244d065865ba6a787a5d9c77d289efb086b2f8c5cb80778e7fcb99a7a6657,4,0.0,0.0
efffbe67cf90345955cfe8cc0fa0d06a9ccbf28a71334fe9ae947ee0e1ceb077,2,0.0,0.0
bd2e1c9f6cda860abe7560e900db6f52a4e24994d2b3b8e43a874544df474727,7,0.0,1.0940170940170941
a23678a75cbcf1eace2eb0896fd28856d5b2e7eb6ee2f0495519331e720b1e37,3,0.0,0.0
585abbeb87c966547c4ddfd03e827c6fa9460ba71b3e3adc0caacdeaf59cb3e9,3,0.0,0.5333333333333333
eb45a2edffd0716db79ce760018aba5a404c716c922e8577f30f5d53b2d95dab,2,0.0,0.0
52dc2a950a335ca9ca3ca1ab28b21e577831145b0d55e8b2e277bf80a464d57b,4,0.0,1.0
9e7b5942fdba50dde5cf48a6843579539c4bf3bb95834239ecc5f4ab1cd1ad76,2,0.0,0.0
2a4c1be70191b9deebf44821e6281767bd63e159cab06974cb3485f75cbab056,2,0.0,0.0
b04e8cf0ecfd45d05c37a0ffdc5faf53aa001ea6c434e41c562dd292794d7150,3,0.0,0.0
2fbb00f6fe5e9b936e91cece4ad635c5695883b847059e5112108e3001d63506,6,0.0,0.0
1704efb6d136f8c4ab6fe0157443d0059d1323818258372fef9dd41356319e28,3,0.0,0.7058823529411764
21d7f3db12b2d95ce32daef34116e9cd3733575c24ce470ec065f7e346b8cbae,3,0.0,0.0
4af5bd3667b2b1b15a91c6ea7913fb62c1fcbceb1214d1c8ea11a262ae8f1c99,6,0.0,0.0
65ecbb575fc2a5ac1c161842ff73f45410d6e27488b5b3c2a805c170ebe1b172,2,0.0,0.9375
9ca68ced9a82329b65aaf4201e4694d8bce731324eea10e8a38d2170a0cba407,1,0.0,0.0
4478e5be3073d40cf1c91c0791f1de27e4266bb196abcf70e0b689be4c359b0b,8,0.0,0.0
70be142b8a0a49980d75d9f84da6aab7b4683dc34c058051faba1f25203e5a37,5,0.0,1.3
705c32db9fe4740e646dbe8922879808a438cbc78611790fc26e3c0589509420,4,0.0,0.0
1ed9d34cc40c64a28e4b68adbe142aa5365dcc844184e0e59007930f7c645861,3,0.0,0.0
1d18154ee3a1e9fdc7fc71ee8c9cf19034a9f419a5263efad9d4397faa4a474e,2,0.0,0.0
714398b36e4b0d58a2123c6493ca262a00fe2f76fb191082f9581cbf973182ff,3,0.0,0.8
e4e37db29ad03ebe1e62ea04d3ed463585b27116967b97357d963838b15a06b8,5,0.0,0.0
97a5ab92478c96397af6d0c542f20590f12e22e719327688b687ea2367b3cef3,2,0.0,0.0
4d432f1495412c1ebb8c5392516c34d2cfd459575b2810b522ee355915e98a12,2,0.0,0.6666666666666667
56f22c46762b803369f5d683bbeb7f8c8dc24a4bb4905518ced81560e2d96dc3,4,0.0,0.0
d6b475542d97d768a0be1d604b50467419c0302c608041d247ba1bc15679e29f,4,0.0,0.0
8c3e4839dac3340b4635b79bc044199fbbdabf7252023c4cd671600d2f719ac0,5,0.0,0.0
21d340c6e6eccd25328bfcba28ac5400cb2451d1dbc88d80a020043c596e7592,7,0.0,0.0
8f0679e8e6a49b6cd0dfc1157275105a20ce1d5174b824165ba444918477e375,5,0.0,0.0
2df3b86a07e95e7730f881f1680a20ac438c4e918c2aa85475f7f52f29aa9377,6,0.0,0.95
9593f6af9668581418679e28b4e4245f0ceb48a7d07df1778bcd5073829383ac,4,1.0,1.0
2ca705f7c6e96c0dba94fcc33bf6b463a9a191dcf701a0a277fc41445bd6901d,8,1.25,2.071428571428571
e66ff879e30381d809fdaf6ddc16e2c7db18d87c11c53b6b235d72964281b7a1,5,0.8,1.6
d969ec3c6cc991aaf1b04242d17230da55396301aadd80c1d81acce8c7b3b401,1,0.0,0.0
8e6922f6236e76850157ff94da0438ac7261dce94b8d6e07ac2a79c2725d327a,2,0.0,0.0
031df251ec541a07b277b440d1ffe08746f2d20fc680f07592576faa2df61821,5,0.5333333333333333,0.0
83d7a87c78ddfb25af06f14af608ea89e57f036a56271f6947f41c94b07890ab,7,0.0,0.6363636363636364
ab70a142f6c179762eae017a4becf33b759f8ac801c900fa763ab8403d835e2f,7,0.0,0.0
c1f85d783339878b1d63916b3994641f46134f57977032d86fa9829c1877e72d,5,0.0,0.0
2697fdf334fb06de5042254096521576b008ae8ee5c59a65576beb5a157ce4b2,3,0.0,0.0
c0f8083947f435905faf6f98949d835577657925435089b6c506a36aa8668384,7,0.6666666666666667,0.0
ab65ea7ff6cfcafab540c4f272f09f18fcb146247ec2d2aa0ec507304b74925e,1,0.0,0.0
a0d28b2b3b862d88388f263577a883007a7529fec728f73bd88695c1aeea5422,4,0.0,0.0
25e197f4bb32c79780c8e147d82d316df35bdce3415a1048bca0ed323a3a8c68,5,0.0,0.6333333333333333
ac9d442cf70ec3a27b52d98ebffe215f97a9a4a77d9fc07a37a26cc909fe3b06,4,0.0,0.875
c862bd535acf91509b19e85178d23c8aea0f8268c3130f7f91354b4d9d56dfb3,7,0.0,0.0
d2f0464748cc9c9658b6040a1c491340cd06ad072557a6c1d298fb976563a47e,8,0.0,0.0
6eb530635888fab2ecb91e1d5f1ebbe92112e9694d6aafacd9a1772a41b07696,4,0.0,0.0
a6bbc231bc16a97830ddeb3a32426f71935a1f57e7bcbe8ef84d5991425448f2,2,0.0,0.6666666666666667
70f4a487ca6995e2492f1a62f551b694e7b17cce507a2352f35ca0e0542fc89c,1,0.0,0.0
ed44117745bec5132258a764ddefea6bc3bda7e6334a65849f94120bbe2b8960,6,0.0,0.0
d4531a301a206496c7f4340986b0510f82175a5f7c0e20119031a43bea9cf0f6,5,0.0,0.0
6bd12cba0a2ad596a9dd2a0e8d459a1247679297ad33b9fc122c2aa3250b5f3e,1,0.0,0.0
82324edca0bd9b14b738f43b3b9cb93903c0ee59e35095dd77037d746f4a390f,3,0.0,0.0
6d0007ebbe58b135bec916ddd39fd6cbe1a6fc4364d36309df0952db55bce3d2,3,0.0,0.0
418628e845ae817c06c3001085fc5ac8bff1ff6ea0fd4f158c23d5555683e8f4,1,0.0,0.0
987d027cad838d44884b3cdada5468226c36449aba8e9cd4d10f84d5a456161e,3,0.0,0.0
b7e7736c393493809745711c9dc7a086b1fa21548cb429dad4b6bc50ede7dd33,4,0.0,0.0
399b348404cae2d2f12233fbd4a782953aa7685c8db1a4d72a8e69837f42fdef,4,0.0,0.0
29936ddb405e1f0b2eca378ffa6ee1265461bd065f2798aa37120644fa889c02,1,0.0,0.6470588235294117
bc527dde5d7e4be34ac4741a679ec941b5adc2e4edd3b9728035aae7ce9051ef,3,0.0,0.8888888888888888
4b426075be46a807f9c4f997fa9bb2a763e5ddf3a54937eb62b4780b077692c9,2,0.0,0.0
1f4ec2c49a25d67d0c04c5ac4baeb04ecc442521e639fcdc10d1086a99e2e58c,3,0.625,0.5454545454545454
b1c667d46fb140797f966509d946ed7237acf42467056c4328558b272711a714,5,0.0,0.0
6bf36e126f965dc5f6298385d66e5936a8a738e2e27e40c1838853d7302d65fd,3,0.0,0.0
b3a0e420122612e09948b902746ef498c7842f95cf65762062d9eb13c25cbd74,6,0.0,0.0
89a134020a512fb00d044a916b3a53dbde7d976205edf2d9e00e52d8b94f0ded,4,0.0,1.2
ce72797685dffb2a89de83c92fad458ce1b048610fd09427a624391d2f0843d8,2,0.0,0.0
82e74f419e8e91da3bc98687c429035d8b63568bc4877c7ab669febc43ca563c,1,0.0,0.0
fa91f0a5fe84c0d11ea04aa8e7a05749685a813a7afaad9924a176b01d135110,4,0.0,0.0
3680075523a3cf3a07f1a02a11f87c3cdcac064c6e5860e323ab1283e62a74c8,8,0.0,0.0
5ce890b323693816764b6a95b7f786e489c9b7d3f371fe2cd450b50bc60bf08a,4,0.5555555555555556,1.8755555555555554
dc31c9dea7fc951d33b9f2e622992c975c058747e477bd966d4d2b9517bd9921,1,0.0,0.0
c9e7ad706bebd4064c7ecdf8ac8154d2bbde381a6dc2bcb7affcbe74351e31d7,8,0.0,0.5714285714285714
14bd94eafa6c727cbbd6fb577bdb70fe0b5f84dc7378996715a170845744a79b,5,1.2,1.2
7875022e3c7a491fd1ffd28bf1211db5d656a0e9fcb59b0802aba51a5224a95c,7,0.0,2.8
ebf0b1b027567404fb9dbaf0b113525d2830d4af0102540cec6f11a718e75fc1,7,0.0,0.0
e748d7f24f03b2d733cd904abfb47be424a1e31b1b1353c357fe645316d7a25e,5,0.0,0.0
430feb56506d9cd47122b0207b8601d38ac05333d4c1f11698c4543ce8a933e3,1,0.0,0.0
7c2b417cb7a1ed5fa6e077d91039c56c8e5da0ba88ecca2593882fff29764589,6,0.0,0.0
492e51de380d779a0f1817480a0fe2f38cc3d380bbbb441526656b576653a41b,4,0.0,2.5948051948051947
0020b044991f0ee536c37b62c394a23464286cc3616be8cdb496f69634734c29,3,0.0,0.75
981827be27907173dc5d8933af43d43aeea817431862f9a195088ca7eb3da696,7,0.6842105263157895,0.5333333333333333
b2c21b271ac7fdc349b09ab57489a27760ecbfa28ffe9e58d0641722d63c3516,2,0.0,0.0
cd91d73b9291d5bb06ebe06fd4a9ced864fc6c2b9c3390bbc7f04f8fb2a8265f,10,5.800000000000001,5.422222222222223
0887298ba13d6f6d814ac8e3d6b389e3efb9a4014a201434d0f6326bf20ccffd,3,0.0,0.7222222222222222
deef42c9539098d206aea5e331462ea31c6c8691ea7d3a85927e002a54d87bd0,4,0.0,0.0
0a3bf3c8cd529bc54656fd48245f31df029d0148baa2c5418de32079f5d83063,5,0.0,1.6552706552706553
4b48ff24c9b944dad2e8758eef9ec51acd27b10df4ec8804229e1e3f91f2fdec,5,0.0,0.6
c6e859cfffedc4bf4c56a6e459edcbfe104779dab5f125626c7aa72641cd7e81,10,1.75,1.8201058201058202
ff67dd1c0a7acbb2f7f532c9034ad72788b92147f85747624f333e3e3b434c3b,6,0.0,0.0
17d899fe3e0964aa6b9a09f395b1af4ce92105f91fda644e5ac0dd2ca1e9c373,3,0.0,0.0
f9bbf06f3509b69beda36c81241501e040294be53d82daa524bfbae3936998f9,6,0.5714285714285714,0.0
c041bcc7f1d5b83868f906ee37e13754b106d0c210181a6d31a0c307fd9fb975,3,0.0,0.0
93af707b8c91461fb86cd3e70076f7ecc319e92c52ba400595700a8e05e2b6c0,6,0.0,0.0
7e60166d1d019aa2cfa196ca3260503e336b39cecdaeb41c2cbd31913d30915e,1,0.0,0.0
e6b659c3d74ac3ba9a545c77cd348b8c490ce51e607a6315bf2d6a71d04b43af,2,0.0,0.0
02983864d0ffb1017b17b6a66181d82bac1795038e48987987abfcb30942518f,6,0.0,0.0
d4044c3b0c1aafc571a0bf197f8082bda2fa32ee961ef68eb75c525667efbdb0,6,0.0,0.0
614c956748cc9c4220fa56c742af838c3aaed891ad9281f0b5876015c667ab19,1,0.0,0.0
f89cf7a587f411e555b542c97b613bc36d537acaa80f71218c09eab45e06fe07,1,0.0,0.0
1011ab173c94759c52e0694cd3dfa8864a194bc35182e3d9376656534599bb7e,3,0.6875,1.5727554179566563
da459f57f539e10f360e5b2a7fc3a313b2255513a17af9571798e233021d7867,7,0.0,0.0
e0fe1c80f442f8e8fbb3ec4e79def858d4ff106bd0838134e0e644ea67f7bf71,2,0.6,0.0
a9bb46e3f6e27ad5acee0bae994c16837fedfcbeff729fe620be38a4fb46ca76,1,0.0,0.0
779ed6878a365f70ae5880840e57fa30e2b926fb3cb886e05b3d289a03adfdeb,6,0.6153846153846154,0.7692307692307692
00895b4b44877dbe5d7495185f60dceb850b0f31087dccd694cbdd2177bb9589,6,0.0,0.0
4abe07b4389cb95474c67689bfccb5e9e07f3ec37f82304873e765166a3eb944,1,0.0,0.0
4b0c66f93d48fc8a3625a7115f157fc22072c1cb2218d63a460fd320ede78788,3,0.0,0.0
604b222806cc0a07e9431cd6544eea5dcc6eade987b8ef37c05277d0557ef720,3,0.0,0.0
a89204ca70b8e12354f5563ace849943791e4de7b5edd3b07b4b31de7f528489,1,0.0,0.0
c05a90c1b65765e2a10ac8412c33ddad6ed59735c0b6de4632fb1962faa0fd80,1,0.0,0.0
4487511dd63e921fc3b58d44778bf08f78c6bf792f8c20fc2b358066d68ac0a0,3,0.0,0.875
9dfe8d2fe7b0ed128cd18918e102d326e87049a2ab2b4f0938c297d517f20b40,2,0.0,0.0
9d6d13d7c8dabde5f02aba6aac7522f5c0b63e7b974193a8b3492b30bf9b6bd1,3,0.0,0.0
15d909c2c345c6b883a9bb167c68f227355a35a41ee5477a5e08dc18943e9c90,3,0.75,1.4431818181818181
6b186b6d074fe271a37f4982391ecff559b3b3d2faed6db83ab20a5fad4c3dc6,2,0.0,0.625
754f6f590783337736573288dcc23c04e2a5df88814b9fb1f903f6fd9221aa7a,1,0.0,0.0
c0fda30be182b22c4d906546bd235f4795bfd60e55d6b763d9debcb659b5085f,2,0.0,0.0
871a3f930c8d36ab3f9c565c88e2f09c1d0e0c61ee210eeb0e0d967d1ccf36bc,4,0.0,0.0
803d7b1e053130d8bdac00409988974011b8b7d36f8226f6edec942ab0f5e89c,6,0.0,0.0
42a5e20233d459e99162a54ee45a7eff8765b7792835bfeecaa52f834bd10d5e,1,0.0,0.0
b6722176c4087b9b4bb92fdee7f9a088f1b6e8384ef5c5ff467b1ade8f675f04,4,0.0,0.0
609757e5b52a01cb8a282703363af73dc72f4884bb09c9574f9159806e37306c,3,0.0,0.0
71286435250c1f7311587d3730047b834b81a50c73da294998885f0eb5190c88,1,0.0,0.0
2c5efdc4e478abd1e99a06de1a09c6df61d004c5737689c88f15af418e519838,4,0.0,0.0
e7b19c2fc041a4e3a38cd63537659d449d604a13e3388f2cc33fa7ebeca2253b,3,0.0,0.0
c3fd32dd9022e312769f9eb2bd985976dfd9392f61f97b66b41eaa11f9c568f6,4,0.0,0.0
46ee38bb111415e4295e009d6c966a07ff61b4cf1943340d533d84948bb50545,8,0.0,0.9444444444444444
c9bf814673856521c3483583b23a383167c520d46e268dcd50c7b0de3d60b93a,3,0.6363636363636364,0.6363636363636364
7612a1c850d69325cd75c809b6c8afa4343e583c6a26856d06e37ac82dcd8271,3,0.0,0.0
d5ca0fd14d9563d964ced11634f6ea02dd87aad8dcc1ab53e4d28ca9de6158a3,3,0.0,0.0
5f50e50b553da362477734a2488dbe6c36f680b5fc98b1df2d003ed4b4a17292,5,0.0,0.0
4a9a09394d66518262b8e852c6bacf7a708fa846a7a8b3fd68e72acb36866adf,5,0.0,0.0
b2d85061a3c76d15e7f452cee82387933815742bd9ec5cfec3471c8627ac3379,1,0.0,0.0
e8e8a965121b89b8d9efacf7b5b276714730473d5cbcbc6ceee3d63bea581f5b,2,0.0,0.0
7ed58a6cc055d1313c7384eae9b8031b482c8caf311e9c4ff647236b02c112c4,3,0.0,0.0
5933a36366d871d5768e1b22307417a9a2861cc41577fb1247943eb87353ad99,8,0.8,1.3263157894736843
690584670ceb261264e1899c814fdc594bd4d0986e8edcdf644b4210ee0dacfc,3,1.580901856763926,0.0
70d8bfa1e9b3dff680d8110a535680d63567441a9d1d8fc352535336ea9a727a,2,0.0,0.625
33a34f74247627fa5fc8e7bc8f6412f55705568ee242f9f258fe1619d6203d7a,2,0.0,0.0
dd938642e71d59f81692a0f689dc4f207e81415c3b6bbdd462f584e563fb2ad3,3,0.8,0.6818181818181819
db47038793909bf3433c7c8c23d8dbe8a1d580b1ac6999138b8747c89e5e4d94,2,0.0,0.9333333333333333
d46e9916ae3ff2dc95fbcc8f1fa4911d36b69f9589e51f9e9c3faae9a91c1896,3,0.0,0.0
a0ffbba9e0d76cad338a92e7d796b9d171dbfe1de152f3168aafb0bf3b6fcb7e,6,0.0,0.0
f3a8e437699ff7cef38a751388e68538c35aae36052a608d9b04de23ce6b5430,3,0.0,1.1428571428571428
0b8f01b89a50afb6a8122cc083a72db4abe1643e5fccb314bba0bd4248c3534f,3,0.0,1.6666666666666667
7e4f7700a4be6e45971d754777f6ddd39c52be2ede38817e019f89279a017962,1,0.8888888888888888,0.8888888888888888
6f91050f22f2d6b5949f922ea1195146ad4d8cd2c9970947aca05e8dacef6039,3,0.0,0.0
f8711ce1b6f6dbb49c11dc9b05b900a59b831f6f9537ec0e1bb2082cb8700bab,1,0.875,0.875
1135aefacdcf118b09d765e3939b3a82aefa6cf9b6adf93aac7acdef69d2c7a6,3,0.0,0.0
c421a0371e15643b9fe6f6d3cc38d82aab1ffbae5d08581d765b39d6fae7cf9a,1,0.0,0.0
1db1fe7aca14aa789230ec5da117f76bc475ae0b1c837116f99f53bdf71c4b18,3,0.0,1.0
bb383f67415073a1c0180b6bc293a9d693473d867308bb61710aba6af83addb4,5,0.0,0.0
40108ea7942244222e5f50b2907d6b578e8653ba5fc76badb2122c7001c71bf8,3,0.0,0.0
e57812f4dd081a7db231f5426ddaf9da1a8c4a92c607a88d33b32295f523b0b1,5,0.0,0.0
b23c95d40f886006b275d4d835b54d3ae1e0a81f040f76b95375b588fa69da93,2,0.0,0.0
e9381f964a6a3510ceaf50a802a3fc4c70622e9cd9bbd67cdcb0f3962f33475b,3,0.0,0.0
c36821f7d25282b744f18e5b399d413d5c52471ccc66d204181e86809738b93a,6,0.0,0.625
d5f6864537948f24115163638c07d1e98a1e5b3ef597a5f7a9182a7ea9653381,5,0.7777777777777778,0.8888888888888888
6e12cc858fa007fb1c32b7d255cbf32f5e0f642b133cd0ec9a9cf3d2001792cd,3,0.0,0.6111111111111112
fda66a54cd3674b79999cefc11ce05bcff49c264f1fa7ed148e3ad777bc4ef7c,3,1.1428571428571428,1.1428571428571428
35df0ffa8c11f3dbf8259fd886b7db7290bd796b0929c19af9edad4e36e2929d,8,0.6,1.1714285714285713
47f9a459ac7f4b8e7579fbae5f9f6f95a5721feafdd8d80457728f8076d0d0f4,3,0.0,0.0
8f04b71213d9f03c0dcf0f937b70d5c3fb533b2dcc87fa17bd087031464cb39b,4,0.0,0.575
cab24b8101f70433d7fd3f9e46b445bdf6d637282f1e0eb0e37a390e67d10dfc,11,0.0,0.7142857142857143
cc14ddaecf0bb2b73b40258d8c70cf3a4af3eb553c0284299bc934dc28c6b3b9,4,0.0,0.5151515151515151
f0b1049c95d2722ea1dc2ad73a41c48fa9cd08f9f990753c5888521fc4a6ec27,2,0.6666666666666667,0.8
5cf8b60d7663971f96a3b7ef0e3edf824f766022435a0c7c0d5aef79d3e2f0cd,4,0.0,0.0
76ace32b4695be460cc6a6d70644022a84cb0bcd1ebc4e7086fa870a2fe89fae,3,0.6,0.8
b5d73bf2da88950bafdd3f040d83ce332e895011710494b7f5494196eba90d80,3,0.8333333333333334,0.6666666666666667
a4da84732c0860809ca64f09b0163e9125992e018d581fafab6a61e16d1f7a42,8,0.6470588235294117,1.7591036414565826
b695123aa876d1017976405d1c327c9054813d1f5033b58bf42de0fcbac389ed,4,0.0,0.0
a0ccf8bdfab9b11417dc1f0a3d9d29cca07f7637350da4d9e9fad34a8c453e25,3,1.4423076923076923,0.7857142857142857
19869833ef968d2d2e68659e0374c6596a9a58fc767125aebab3cc854ef8a67c,3,0.0,0.0
580774328c2924255fbcb59d2169aeafda8c0775a78fd7fbd9561112104d03ea,4,0.0,0.6
d2776c9730190b98ac8ab483346a26be358d0b6422373126ddd01a69d2db59ae,1,0.0,0.0
f0ad3f95ad6fdadf933d7b80d043944fbaeb8927046e0943c4a8c5239d80d70f,3,0.0,0.6666666666666667
b1512c30531538401674c3a5feba10905a5cd5dd6452c4e8822f8b4c24fa8a40,3,0.875,0.875
f9118a53096ed97600ccbff0560af57662df6169b3a87da202f835aff372ca8c,2,0.5454545454545454,0.0
346a02c71877d7562d259f587f2f9b1311897f38d8258d0e04f8ce17c1cfb290,4,0.0,0.0
1bcad87d0c6d5c3f0a19756a5754a264dff9675dd81dca34cdda398fc45c0af5,5,0.0,0.0
cfb9ac021ca96b38367c48fe1b680c997a96483afaca0a8dae32116aa9dc0bee,4,0.0,0.0
4bf241cc57ae4b0b14e90f3fd0bf2127772d86280a26168c1aa9f457845e2dcf,4,0.0,0.0
27c8eda5212bb6c123f8316ce3dc18339ebacb313513eefbf9002b30ad53dee5,4,0.0,0.0
024a1a8c22409c1efeb64a9ff4ebdbca02113001095b84b20b5f19ebae0b60b0,3,0.8888888888888888,0.0
184d8d57ab15cb99f31f591687f6ad24a57d142e5a643edea007d67d881b19e6,12,1.6571428571428573,1.6571428571428573
e0b8c1b1ac0c0f195968a5c2362901f19ce1944c5a4bb8f7db3d5f9a9b17aff6,2,0.0,0.6122448979591837
b242fdb5cac73e80346c53d4a30765a57ef890f03acc296f0ee1fc1eeba025dc,2,0.5714285714285714,1.6397058823529411
115bd87f6431da19e224c97154b7d3a4574ad90e2e212ae1f6b8439ba1b85709,2,0.0,0.0
3d9818adcd3e2a496d6b1c251cfa3d8ae340d143e000db681a7ef1f91db21de4,1,0.0,0.9230769230769231
de1190f29e6754b1dcc18bf8c7d296b734d636135053ffeafc80328526a80cea,3,0.0,0.0
b08a9ef5f092a7ba20a18a9058bfcfe3fdd2ef949a94c9f88620d6a7d18b0c10,5,0.6,0.8
de0b19480f94d4f43e475fa55ce223217f16f0e38ee5f5eeb72845650a4d9332,3,0.0,0.0
48844a2b99e0a54c11914d612f16be9c3579c552cd498f26f18681856f6d71ef,8,0.0,0.6
59623bbf46bcfa651b93dd154b7205f27a26706cdbf3e9944084cdae116c7446,3,0.0,0.0
7acf6ff2baab95bd0f8bf7bc267267a9ab6e3cab38e19e5d95c9070dbc2e1941,8,0.0,0.0
525c387bbe3ff0e14a01a172681a047d9436130d5ea6d68b58806e51890d22f3,3,0.0,0.5555555555555556
b79057b31e86cb440cb573a0f8dea00d41230238b13a11fef99eb579902e47cc,2,0.0,0.0
50738d7e107899d7b01b52d9d56ed3014da3ce546080f238732fecbf0c71b6d1,1,0.0,0.9473684210526316
4650d6438e65cf02d9a6e09c3c211412d6d34653c81f63ccdcc8d97844188b02,4,0.0,0.0
69f4e0770cd01db264259037fe1a8290c662063cc3bb5f66b749db83e48e4dfd,5,0.0,2.2718390804597703
132fe1c4357ed2f3abecca36d34b846df06a7c0a18c9954715f84377b6f720e5,3,0.0,0.875
37cacfec4c7990957f780ae12e7e085db08280053477acd0287c1bdadfa6f3a3,1,0.0,0.0
7315f4a67819ce80684fc76b26e25d1d17e0fec02ef6b941d4ac3549ebe55744,3,0.0,0.0
b26e478aa30ac86044ea557b232fc92b4e5b445c091d8d535bfa813f5df9769c,7,0.0,0.0
c39e5996f096bc11473c39b57d3e6623c655fa3f5b7496b64e15dda93e841695,5,0.0,0.7
2134986f635c1c904efc58d17377d77a5fabf08f2829fbbbf669ba2bde6b72e1,1,0.0,0.6
cf9f8beb4c790ccee740287f5fd2b02713e8aebeb494aba0351085fafee56d88,3,0.0,0.0
fba0180f055aaa7ed000cab3ad6df5b8779f774b29427e1ab5ed8c5bac631d63,8,0.8333333333333334,0.8333333333333334
43b2a322cf8a0bec1a044198d9c4a064b37a09e8da6d4397d7aedba599605e05,2,0.0,0.9615384615384616
27a938ae8a6d9a2b7c81177b12f216575fdd0fbc22105287f40019d8ef31b47f,5,0.0,0.0
2557b68edfdff7004843c1f267503812f67c3c3d72a644e2fd03508a7afd1f49,4,0.0,0.0
5460e7a3f41d0aa2c14a7378c0bc34a3b1dc3071b22379bb1456f43639c48195,2,0.0,0.6153846153846154
4908ff23a1c3dacc27bdef705d8680057e2fe38dbf81796a27c04e1a66ad21ad,4,0.0,0.0
5edb275d093f5ed7e976cbff4f25d7ee627d8f84cf5d8f12e971796c28e0a40c,3,0.0,0.0
092065d34d505b2f7a945c1d458dcb5a75d1d8c88aa0a8631b8c79faf05d8f70,7,0.0,1.0
2ef1d8d52dd3c4c8dbda6126f3f9d36e6273155193e97a121694972933e2b3fd,2,0.0,0.75
6eabaf108fdf41e619358707579ff71a8c8c025220a5518f52e437f2dca6a5f6,4,0.0,0.6153846153846154
92723795b2bbd902392cf8cc9f425acbc186a0f4966c69c111469fa02d26436b,9,0.0,0.0
7019d49c1e2c6ced25e4f2889f533c97c356178b88e401ea1e9e03cc0f05a6fc,11,0.0,0.0
7bb4ac4550992a96433b0517ce2baa4019d454cf86396a38bd2136da7b63597f,1,0.5294117647058824,0.9444444444444444
57a9bfd033810fe7828adf09e95aac19fc2467dc59baa272971165ca4d5ac226,7,0.0,0.0
e9cd90b5618523ac44f476987154cdfa9756a8cfa95c898e29933126e0f6ecd3,2,0.5454545454545454,0.0
122650ec1b24c7f5c97f7d6521c8f2122e5fee443d5d63aaef6d10b1b4769645,8,0.0,0.0
306c73a124f2e9c59f6965b26382d57f170e8074cac2cb17b07dded635dbda81,3,0.0,0.0
cd30b5e84ea732055b36586d4c0d2c55d7c50e2748cdee46e0e53a5675c66c98,4,0.75,0.75
e0ba22d0359aa8ef95769d8d74acab6475b0fcb5c27bd21e4f2dffc9719f73dd,3,1.5,1.5
969aa9b57089f90fe47bbba3bf9a9fdc9c13aad36fe474871cb13109a79df203,3,0.0,0.0
36acb3f1e911c14e14ba733626b14fc3af430eb1825d8669d7c2eedc5444399f,3,0.7272727272727273,0.0
019f22ae745f4575bc08456a552e0644eb3e13a34708592eddb25a68cf85944c,4,0.0,0.0
96ba785e99788f69a948e8a0529c18e1a459fa14a89cb9bc15fcf604007837c4,5,0.0,0.6
1d532a14d07180de4e2e2dc512d8137bf287bb43cda1d16428a5ef5cf287ca40,3,0.0,0.6666666666666667
7275b2270f9cb816adfac36ab55ba96d1a687921b0ae1c67210be3cdf36fcd13,2,0.0,0.8
f61a8e6cb4d08032cb2199b66104f0964edd3fb5095d289b6bbeef7c45052b38,3,0.6666666666666667,0.0
6bb5e5e98cc14459b822dc9c0782e6497067fe434ff560656a10380a5cdc8cfa,4,0.0,0.5517241379310345
a3e5368164000a0f00a2d7b592b23b8f0e0df7e6d60473858ddca5e6d6d7f92a,6,0.0,0.625
fc22819f8ded0e14d84b36408b367fc3b96d0a70a0f8f7b9b3fba7343c2e1ba8,5,0.0,0.0
907df36461bb3a4f62c0c03a4fcc756489be27aa40925a43b128d684d0c4967e,4,0.0,0.0
abf37b0b10c33bbff2b408b9acc0749a5fc09d14638698dce4744160700a21f0,2,0.0,0.0
b97c612852cea2d1e7a83f35cae7837d9db15321333e48ff21804b46d8056471,3,0.0,0.0
dd2e28b6d2aa18c414b353e8f2d292f1c9cefc885e7e601d40a0b36ea67a313b,10,0.0,0.8333333333333334
2eca17a73d86d51b0eb5a9e3aab7744ca22179889b3dfcea3c4efb740d7deb79,5,0.0,0.75
d6dde2d5f0810cac01a5adadee5316e7d0a2eeec1e70acfb9e305941b1ab698c,4,0.0,0.0
26ded0d914ce29431d3eed8b9433b8d2df4f47b76cd4407c21d9fe93b0efecf1,7,0.0,0.0
97e312cfbf1520c0aba05b67ba44b9afd8b7d865308dd0d1062695b7c8139400,3,0.0,0.6666666666666667
752afd56af8f41bd68a182451cca002869271250dd7c41c0f9b1f1dde7f8924b,2,0.0,0.75
a11ecec38650bd497df20d584eb9263933eeae32077348ee2037df2c873c61b0,2,0.0,0.0
b44cd6726815907e7f957a5ea79546ce70399646e18c44a38d8cd435db0bbd4e,3,0.0,0.6666666666666667
1648b682a823f88be9ef0ec41245c06ca6b8cd51affc4ac125bfdc9c01569791,5,0.0,0.0
c3f3eb0cce2ab99e06ec8a022ef66d9d5705269e9c3538d880b2752fdc1257aa,2,0.0,0.625
3999f09aa25587af1e6c094c9e9b320d5b1fa1f7a1fa6b670eb5e079b5c623c2,2,0.0,0.625
2b9ec211e938ba7658916b1f806d0224d83805909b85acc8ffc7bde9badc566a,2,0.0,0.0
3c3c8ded29c9c097e68c24f9a25463b6beb8c36c450199b309d1cdb0519bbc87,9,1.4642857142857144,1.625
2c2734aea8b69fd387040672d8f12f016e7fbc679cdfd7d473a62619e2e08327,3,0.0,0.0
a9071f4a66f2d4842bd14babe34216dd5c4b69afeb22e51398474167e1ba7c0a,5,0.0,0.9090909090909091
2a112fa31fe61a545da61540863a6dc43a5d7e765c87a479f18c67ad9937176a,5,0.8888888888888888,0.8
0a82c2e04b689b4cdaa626b2d31768dcb6c20a0030014f398d1eb968000f7a71,2,0.0,0.0
21aa255007cb7a715c546ae775799faa481500b8ebe296507e23b1df35d57d03,3,0.0,0.75
601851d5fa6a99e1d7d6f8ce68728b7c44de035aa06edcfaee964c7612ecdd1b,4,0.0,0.7692307692307692
a13bf4207ae846a7a2e000830bb9827fcbfd5be70f4f0907df1e2d8d0c28d4c7,3,0.0,0.0
3bcceb8ebb2fb023b073efc57bb7e9f2be4478b04bba6a00ba4dc8943eac6347,5,0.0,0.0
fa16c045f303d715119aa7961382a9d2a47d22c37732132f42c2acc8612b8fa9,11,2.821428571428571,3.8499999999999996
5388c97a942d50ab387cd2eb81e9fba93c6faf57e02a659ec401f292e7695146,5,2.1,2.1
80d7295b92388bc476600f10d7b01b47f42079604f81037ad5644984566fab68,7,0.0,0.8571428571428572
82d030c68d3cddc9169f32f70bab5510258c5e38d57580181df336731f430082,3,1.5655172413793104,1.7655172413793103
fc6e9061420961b7b09fd77963dd2ba71486a8677c9bc9d4c073a14f0b9fb5f4,4,0.0,0.0
42873512dd5863bf44d33f36b21c2576088feab7adc95514a4249d887abce742,4,0.0,0.0
c895568a88225a0df68e2dc8472ca63e7bbd750ea2a87401a93b48e15bf9a218,4,0.0,0.0
3994fe01289d541e21215c0dc5159ffb3078206e1a9c8ad2d53f3fb02acff5b6,6,0.0,0.0
a884eed703fb4c7e05154f1ff7665eab899b2c309832a4ae7d4e3783007037a5,4,0.0,0.0
64a289595339517829058b10ee9d05f3d1d7a5f85e556570175f026be88f5f39,3,0.0,0.9444444444444444
74302a465ab89b35b9ad931c692dff54e35ae0bec6211a4bf5bc3f09a5a52e7e,4,0.0,0.835820895522388
03a7d154673a54d0e8637029a937a0660dde10f41404ff340f13ebe9e03273d4,6,0.6,0.9375
55e164f07c54b15f12ebae4ac76cf2271ae97f326082f7bb4072c6e1414238d2,4,0.0,0.0
4f55ffcc75a7c01c61f23b6ee45030366b2474c7b5a651bcfb175e04c34b93da,3,0.0,0.0
08752c1bee3f2dbb1d710b94470b5dbb83c50a0400d8e4dbd57db659f474ad7c,7,0.0,0.0
fa62cddca77cf3104b4d2a22487eb604b68c9b4ce861a3e469bb1587ee4facce,10,0.0,0.5714285714285714
e73318df183f2859024c254e1a6fa7f43dca0384013dab8a8ae3686596abd4eb,4,0.0,0.0
22426e954805989bd9cb5e5716da9cc3398731f6630f344b599efcfd73c7d69f,2,0.0,0.0
68f3a9eebd4d6e02c3b6db9b2a2cff72d9db4b7b97a1795f795d809536e0bc4c,5,0.0,0.0
12dd124f879b5cccee4b5036f5ab6107790478d4be4099a9decb6ba63d4bd5c0,4,0.0,0.0
35176e27971345f14a76304e26e4521755263ec5079e5827727731abf0e2d729,3,0.0,0.0
c6a330f052f3e02623aa8752925ce846bfc4fed1470c63e2e308415f0766fcc2,4,0.0,0.0
7fe58f54d7709a8bf5edd2e0cb56d5f60f65637a71b6ec4270a05fc89bd33b4e,1,0.0,0.6875
bdb723fe249d2a7a931f1d43212870074fcbc1f3acd0140776a24d5f2cd7a5bd,6,0.0,0.0
19134d541f8767b52c5a277ba8a4cfe9c466a41c64ee06ca79e1c27d3b24841f,2,0.0,0.0
42aa3e3d89bcaff51b2a9d24cb0a5cc8a891d3c146f9c08f41f551acaef90681,2,0.0,0.5714285714285714
0476dd46fde66452013e9b4044c0e03a691ccf5f3b9b68d78518325aad28c98f,2,0.0,0.0
9137b3a506fdb54ce18e1e2dd3112fde3b8e077e0271ec54d2bacd4b1a0b74ac,3,0.0,0.0
702c7467a6e666fb97e5a0b918cbe34571557216157a82de680797c1f56fd1e9,3,0.0,0.0
fbc9b1439316a79b642691bc8268170fe119cc1bc2a1333672bbbc4880bd5e31,1,0.0,0.0
7b13717ff97aebc271533af2176722bba5c98591b50f29c3201de4f80a482b1a,4,0.0,0.0
72b72e4c6880f582822a101b71ab7590be56ee5a2308f95f4a67ad456bb68e18,4,0.0,0.0
ed368df19c7d5039531b71ee3eea6189aff2830af407e628c8c88f5c028305ad,5,0.0,0.0
e27b41bc3102fc13268fa5561600d68605f39ad4670ace2297b9b89d671f793f,6,0.0,0.0
eb341ba2142cccf3ae291990cee98f640cd0c9243bde4031ba5fe984f5c5746a,5,0.0,0.0
529751949dbd6cc8860674c1b3cb3c0b6bc0849b1ca730883c30b1892ef825bd,2,0.0,0.0
d1339c88db481396690ebd2dbc3e660e251e52c8eaded0f1ead120592916c4aa,2,0.0,0.0
365107da1719eccc803a56769123f8860ffe84d802ee49c5ee61b273ac79ce18,1,0.0,0.7727272727272727
c77e37798b27918ef41bb3cf6c4c3f6b1b986e681fa86af799abb3fc0e31a895,13,0.0,0.0
4d25d976628b0460bf960be36f8c6972f3d3df6b9514eb49314a57fec3f4705a,2,0.6153846153846154,1.2928039702233252
885f5c0283340030e5cafc5f54bbd47c119177447e25c034d1e7cea9c4147fce,4,0.0,0.0
730c1e7a84357717d4e7e43c68927c4d1689f7d604ac3d48899071004cf2d793,3,0.75,0.75
31360e4d811b5f91d0d8660bb7c323e58a3b3b3971c05c9b3ba39e414e992562,6,0.6666666666666667,0.6666666666666667
8abda399eefedfe4bcc05db9c1260650a107dfb9f1ca4b9145a18bebc315c0a4,1,0.0,0.0
e6f267530d978507d8a2847b47f506c65e2452280a41380e3986000359feb08d,3,0.0,0.0
7da55bf931b5ded8e25e676b72057c7ad2f5884a208473969cb914d5be514513,4,0.0,0.0
2599b0bb7185ce8108c12ac9928e3fcf7ba5dbceda9c82c7a19bb40753233082,4,0.0,0.7631578947368421
cf94cafceffec68360e7aab192d88cb77fe29708dd3a8af7394254b3390fb1b7,8,0.0,0.0
ee4175f923dc570494fafc32b481e9ef11ab0a4334ba45e5ca6f38a7b8dc8b86,1,0.6666666666666667,0.6666666666666667
6e16d134b42b196e70bdf3fa947143b94cabb0e9fa7ff0acb418004ace787e4c,6,0.5555555555555556,1.3333333333333335
0d0449924669e9d0a5de83509046d3166399847dbf5c097006e9897009302182,2,0.0,0.0
67e5d14ee2b9094f5158d897d14c0aace064866a180cf86c76ddeed6472d3977,8,0.0,0.0
34b59508ab61df56902d38a8afa02f7eb41963d691a0da789c66788c05e7603b,3,0.0,0.0
5d96bc5f35817b00342f47f416874c6ec457d3c30681d3a89a5aee5cbce23200,2,0.8333333333333334,0.8333333333333334
23ff739e36fbec643f0a610dc2be8f14cc5d36052a6e02f19367a425d2d60b77,5,0.0,0.0
47aff42e6237e3990a3d95c25c78ffcb45130eb4b78d3ab765fcf2922b01d574,2,0.0,1.3409090909090908
2eb35133547ded2a86fb0a7e68d0a2b1f97c7abe582fd1605cd54fb978efca0b,3,0.6666666666666667,0.0
cceee6f6db9c79c52ac60f36528a493126f8d8db488e0ec06d6e34f643d041e9,5,0.0,2.2285714285714286
aac62b7458fb040d7f869b3c9ef5b61ccece5b8b9a9c09a61ffec796d0cfbef0,4,0.0,0.0
bc616e865296091ffb834e3768069dd15fadb77647f110449a7517458d5b5d4a,6,0.0,0.0
cd2d569ac0d0f99f5147169b90aab17c1dc193a0e72716005a722aebacc61f7a,5,0.0,0.0
92fc7f28573018a60d7e20b742130fc7ea8f44500e00c98a86d24b49c498f4a0,3,0.0,0.0
8265e03af253f2b673bc22e785876b6241843a3442088f59124f13aca9a084ed,4,0.0,0.0
7b0050a9d19c7f9a2038f19ba57de464445a238d88f13a71fb0a6bd9881b1d29,6,0.0,0.0
81364f4c646001794b94d0b6bd3422bda2871c433a9e9c101da150fa6d208794,6,0.0,0.625
c52b8c7bfc0682f05d701b61a8d5c68256aae77997de2006088f627be382538d,5,0.6153846153846154,0.9285714285714286
59df91bc62b1c2437187a143078c2a16179681c33ad0c4aef8aedb369b6dd482,2,0.7948717948717949,1.826829268292683
25a6042777226083fc5832dc1223f4d42d8b55cd17f0dcf26c3cdb3b433f5787,5,0.0,0.0
d63f7e24b5360f9dfdd117aa0bb92a70044411e5cf84c6638384af99a707434f,6,0.0,0.0
d889eb1c0f924322fe6f353bb603e24e9cf2c0ea9bfa6fd12ad6f517f9fbbc17,1,0.0,0.0
8aad97b1ed353288bf1056e351e62321200e681568e863f330f04854103902fb,2,0.0,0.0
00c07b455d5dfdc195d6eb865675b1a3f1683f6e3600120344f8464b7b7692ee,3,0.0,0.0
b38636894098538f101d71a89f3f42e9e353d61a7fa75653d834acba4acedd8e,5,0.0,0.0
8a2c5a1b3c6ac79de3785a97a121a7b51c248a4bd2e461905f44770011f37aa9,1,0.0,0.0
c14c5f9e971fa61c9b7f9f623f0e6d0ecae124fbec68827e38a5c071620b2d6f,3,0.0,0.0
85004addcca87a7616a16f879b053d2fe668c30fd4a1bea11311b3f1afbd87ba,3,0.0,0.0
190e062de3eba97147be3952c302746c004dd3dc696aa074d85a2e5bdac0da0d,4,0.0,0.0
bd2a6836c82fe04eb367eff7d219c14a04598489d02251a837676fe26dab3838,1,0.0,0.0
4c7bd807e0ec74db4bad53e637faf8348c7d9520b3834af1b0de71c86825a70b,3,0.0,0.0
fe12f3bfa8b44f62c4e8842df3edbfe86bc7e8cbec7e45b72ec2103a19339b2b,7,0.0,0.0
8e98752965cb4c639b8f9e34c247033291bbe7c0c07e24825979a438e5dfcf91,8,0.0,0.6086956521739131
98a9cdeef0a8701f6ee08282006c60a343766bf41668f184ff2d21f975d35800,1,0.0,0.0
c37979a5e9454e931f23330343f29537263fc1046aa86c72fa5e331425442340,1,0.0,0.0
24413c9e0bf8ab1844629ace8bf4ca3ff22589bf396b46c2e664feccab359042,3,0.0,0.0
b6f80bc1da196cbd1ff239e6781f586438dd440c3db828e618c4e4377a07eb02,5,0.0,0.5416666666666667
1309196a67a349f5cc1e07a389dafc1fd97ee69e18f557388b3b945baa1d907f,5,0.0,0.0
c83935b13e234ed73ff6bbfd6d86bba2b0b69dbe244fb20f4d8aedc22244ab73,1,0.0,0.0
45710220c74b7233436287982c6b0db23e07a2ec15acce060940f6f64badcf9a,6,0.0,1.9305555555555556
11510408b0739737f3103987239cf8c0a7db1fd60e4980ee1ef320b0a9b3ac56,3,0.0,1.3142857142857143
b60cdc658fe865f53978cdcdfb5403ff02ae53b9a908be4a115608dbf9a6faa0,2,0.0,0.0
4a9c144a411a4c197e2368fa895e1e5b6127524d40e939ee0274051c85f50d89,2,0.0,0.0
59388160355e607eb93d3c5c455c4c25ed39f753ded2d4171d8f5f80c1bc0c27,1,0.0,0.0
96ab9f9e6b7ef06e4a48fc6b4d41023398d0d2aad7e3e773e2a371df91e7ea78,3,0.0,0.8571428571428572
a111f036d095d72d3946ff677eab2cb69561828202fefb272f0be106a6047c57,7,0.75,0.75
a34f8a87b457bcbb50316fbc4e6a15079cf961cbd202753ec6584c491380718f,4,0.6,0.0
b535288a081da941c8ee5cd990464b612ef4331caf7be63f83c772e2043794ef,5,0.9285714285714286,0.9285714285714286
7cad6f9f8dbe4d0a6ec8bbca175f21db1c81e3a679a3d3c6398db78ca847ad68,1,0.0,0.0
9768efaff0545748b488e4b9717dfd216e0738a895aebb07d665953ed72dc229,2,0.0,0.0
327f0cf172939c64ea68f7ad0b060a5006a4e22d0d1425646227bb32a58262a5,2,0.0,0.7777777777777778
4b3a5ef5268e836e2f030da1561249477c8771e657f852ea59329940a4895f55,3,0.0,0.0
bd9688b707024c41c91e889b834f8fb09106ed73c3411cdfd59d60f05a28fb4a,8,0.0,0.0
33327afea6aaf5156bda9f71f197ed683ff3364fbd8b1aca5f505361a511c767,4,0.0,0.0
0a553911966a002268ac28300c0e06a83648fe0e225cee2814b0416a8aa0fed2,6,0.6,0.6
197611ccf2c9e101222babda8350658d7a6afb993cfcf64e13c23c0dbfe50845,6,0.0,0.0
7409de4796698ec0f7b2c5308b37356ed9613bb3de59a48c56ec03880a15e8ce,10,0.0,0.0
6e2b25feacd49da1dda859565c57deb3495220d5358c5325cc4b7f459febe822,1,0.0,0.5714285714285714
627c1e59cbd19d1d9392daa9e74c09696665ac0fcf7f49b0972d7c49c8a4793c,3,0.0,0.0
e0c4736999b0c9c7ecb3ce23936428594cfe9f3911dc628a1bb13e9669c672c2,5,0.0,0.7777777777777778
ec56864e345300dcf1fe72507578e7ce42ef1ccdc6300be2612c2d1cd0edd972,3,0.0,0.0
3863ff6bd020bbeef33ce68ec16c5801994a39ca05121ef39eea1f534c07e941,1,0.0,0.0
a5b940cb009e8f27f8501329acc50fe0dcae0f9100e70cf098bf9218a4bc7ef4,2,0.0,0.0
6caf733bff4ae0406c9b74c1d77f0a5eb77730537fd15d137586cd347abbf46f,2,0.0,0.6428571428571428
69675dd7d948615c991af9caf55d2b4b3217389fdf43dbaef3eb9eed8dc19a4e,1,0.0,0.0
46ddba392221b315b3a3b37814b5c62c03bbbc08ce512418e6e613fb8faac8c5,7,0.0,0.0
e4b5653b5f060bfd0d82f7cc7fe9f710907e4f1952da513e5a589e95c0919b0d,2,0.0,0.0
3119aa2709cd65dc8d683a37e3ba5d0961a3be8a220c9e26a5cc8698c9af4d14,8,5.5,3.6833333333333336
feba8f623a4adac8cd06014d7cbd6c6fa947a78c86fafdd5f439b22abebfd9db,2,0.0,0.0
9652b636cd1459a3f891c402a3506f7b62c71b9585dd1b2d2f633565d97a2134,1,0.0,0.0
b56bfe56960df5db9e6e192d348f6bc817450fbf7a6b93b286f96196b3a6d627,2,0.0,0.0
9a0157b57a323c07738638eeabc33b4ba05bef5b5d8fe23b40959f5c17a52536,7,0.0,0.0
69b5e969a2d9ec770244c9fb688f9276177ae98f5d200edf4ec6e66386bd7496,5,0.0,0.0
c79d269a86241e557f3a03257e8b94fae0ab11f17e9713076d82fc47d7dddbf1,2,0.0,0.0
88a14539a605d4bac6136aed5f8e4607be1d0289c0fe87c84ec53f67538dbb3a,1,0.0,0.0
5477cad10d6ec32cf8ccf7b21417241f2473643696c448b76f17fc6076263b56,1,0.0,0.0
6bbfae8693a295ffdfd222c62277e98d9a8f3df1c67bb85048aeddf01a42149f,6,0.0,0.0
11e973035dfb74ddaff886fb457c1b1cfcdb686db53ad1cc8da533ee838a57a5,4,0.0,0.0
e567a36334801a7cf0eb9995c3fe160864f291d3b2471d2c00cd784383b3c806,5,1.1366459627329193,2.1109316770186335
d90b4c653277f5a317e9b85e50b01484df70ecdb93dac30e744fb10ba5227d94,6,0.75,0.75
582d7cec5c4cac75a05fe13cf9df43eae20120405589546e32da38c56c001130,2,0.0,0.0
e4d6e0232bd05a64a4e3e582b811eab43f60d38e848579d84bce7abe781d17ef,5,0.75,1.35
0ec94677b8dd41c031fbdf4b183e8eb4bad67782e79d40082128662ecdf0b68a,4,0.0,0.0
1b21a69c03719bbad213e11f5ded3a6407fe8f1f718c27141b793b79d8c6b06d,1,0.0,0.0
83c3f040ba0ff1aebc92c091ec10ac0738ab2462e0c4d99469260c9f2df3c795,4,0.0,0.7777777777777778
4a0766ad0534bd74dbaae6b7b9906799f5009e542de8bf3ccf1a8177464b5722,5,0.0,1.6875
9a7116b099614cfa3b38a6b382dc6ca9ded6f9298ff400c71c386a62b4e08370,3,0.75,0.75
3e2352b0a9bb9668bd2fa6dcfca6844577db1639485a3f1b9793fe414d5df252,5,0.0,0.75
0eced7151bf7b63cfbe572d9e14082726d1edd048f3226d46a432ab9b64fa60d,4,0.0,0.5714285714285714
a100518c5d578bbc131200756dc6d75bbe9be492a325402001877aa27d0b3028,10,0.0,0.0
94c94d97f703358867a12b912b291955aac12ebf30aa14744acb1c41d9d8968d,3,0.0,1.3555555555555556
32a19fa8ab93f7734a58f15c7e2513a9d0f18445261b7e5b329ef546feabc7b7,3,0.0,0.0
