image_sha256,questions,before_sum,after_sum
b40135cf9f1d1229ecd30a0c5e7fec3e02c452c33be9734523f0869f7428beb8,1,0.0,1.0
31ae1fd1ca746602abd9024f8f0edec048c8a6428b85af6826e5e7fb973a2467,1,0.0,0.0
7481589c235b4a37912d0360329b6f334a0208c4bb78d990a369ed703bbb531c,1,0.0,0.0
5f62e4458a83262123504a0e01d82ca646cacdf8ae60d027c2e96f6a8c84d8c9,2,1.0,1.0
4310a39774b6642d8a584344153093adf6ec8a626a389b3562f44f6162ce1183,1,0.0,0.0
26401f0395f38a5c780f9d05d0eeba956876ba762159585e8ece52eafb8d1bfd,2,0.0,0.0
7898725f940ab3e7766381ed4d3f71ee9d212fff1c15cdcffa523c604d9893ee,1,0.0,0.0
8d5c8e8b726356be5955a13a34b53c8b0d1f03e0aa9a856d5517ad56d0aa5076,1,0.0,0.0
8ef3710ae8439c4b4eb91c4243e37e3966ec422835dd060a8cb7f9d74a6dd915,1,0.0,0.0
0ce87bf7227b8ebb679b8cb81e15b81aef33bc1a2324a25d7d285057f040b2ca,1,0.0,0.0
f21956e57c7d4a6beb5ae16725309454293676500384625aa18c120ce87ac80c,2,0.0,0.0
cd4b9d19fd997f7a225529b78a7c4b473135d122fa3f8e348e0b24769bd7b9f1,2,1.0,1.0
e342bcd82f538bf59a395c5331a14ba6d04345f99820953ffb17aecd19c452d3,1,0.0,0.0
9d94de67979c37063b550d7c1c5617ce0c47d46c86b45799b9ed2e35ac652331,1,0.0,0.3
24ca79ba93e1cf7acfa9f5a792050b76c50016e7736c9a1d9a960e4050965550,2,1.0,0.0
ef0bc7ae9d23326e5d3c8acbb0e9a68c3770ba558dd1501f18fd94c0ccee0541,1,0.0,1.0
f04d2e2aed70567cb31eb887167f855ac8d69fa3f14cbe28ef034831d2a287c6,1,1.0,1.0
6c6c53a93c5019f656375e48ca15e71adec4cb7b3d0f25c1272b1ab2a3e51bcd,2,1.0,0.0
78d0ef2c62a983d95791f0a9b7e5113d7dad0c442fbf1c4effe973065ac60bc6,2,0.0,0.0
cacd339470191182e415cfe99b80ed3b6c7bc257dd657f70c8d7882fc04d075a,2,0.0,0.0
b81ccd65daf5a4dca97b513d80fcbf06be9c75f6157c8219026a1a4522ee8475,2,0.0,0.0
7de74b2edcdce65a853cb1cec4ffcb63aa346508b47fb722959ffd150f63aefc,1,0.0,0.0
bc3ffbcc916a249332d832aa3cd01402fc06c28ed5f70d1780f537d657e64c76,1,1.0,1.0
ca7449b4f65a88c38a8852973cea2037812e7950fa9e7105c25ac793f20cfa7d,1,0.0,0.0
bebb83198c63c0c50d8b9d2996ae4922de4a85be01268e1d32ca419e6fe3e153,2,0.0,0.0
33c899ce0b5608fda02b23117f9bbe858eae59cf737d73748bf43324ca4ba0f8,1,0.0,0.0
a7e073e81cedab1e56a0512b74c80e619a320fdb52d67bb39059c51e2b1cd96f,1,0.0,0.0
eda731d9c5d9d8bc4a4aa00b77da7d2b9a8eaee66dfbfa198b5e187485af25ac,2,1.0,1.0
675dad2a9fe03ac4fcf34eda9cf92cec9c97be77a5d502f95b6c4353d801b9e1,2,0.3,0.0
7268a4b46b6d5a0b39c347f2cb227993ee5f27aaf5b57e57da52dcce61cfc67c,2,1.0,0.0
11a6fcc07cc081b7d28e6fb0e8c1cba6f7b8444f2ae3730aea8d101ba4abac2d,2,0.0,0.0
7a9365a298a8653a8dc6ba1fd3ca09adc48fb138e09756d4d4493e18038027f2,1,0.0,0.0
96dc7e029b7efde448caea13c1584b101cdc573eafc8c5342dc8a931d60e3a9b,2,0.0,0.3
955382abbf4c2ab87473a00d4c4aae495c2cd64241bcc215523f16bdc67e5a7a,2,1.0,1.0
7773745cec5eb8474dfbc70c224574bbb3a2f62fc5df912994c797ef74834e97,1,0.0,0.0
9dd7da7085d43d69b1aba5858829c92266fce8265d362d0f7a200802ffe611b7,2,0.0,0.0
bea5bfadb674c7ae819c04c343c08387d192252649e9f58653f7c9626a39d708,2,1.0,1.0
4a2756ce05ba1f3598dee3584bab9db1b362ea7fe6e28091561a0160f5827fab,1,0.0,0.0
890c3f6913680f9574b7e1beb0c3d1807b756968f5a24d21612a7ea66a6a6584,2,0.0,0.0
ef3fdd136412955f4826ef4d7a6bc2b70926709a9a508f48c9cbd3c17a386b2c,2,0.0,0.0
11902a2f53489fdadd7c00085a898e5f01f93e124b5fc4b9905cfd53eefe0e1c,2,0.0,0.0
3fa59245f05eda57db0f42a39d6d7f491caaa9b6a0525b169dbc6b4f905ca965,1,0.0,0.0
7365fb120f49bb076356398685d728675b41223bd58206d57f173f60a797b685,2,0.0,0.0
5421710ba9a476080c3a7c0ba585ea7d5f2803607157ff472f6b2f765f09adf9,2,0.0,1.0
82f425f684c90ff4ae904d5c561d6055831b2a35ac3d4f602a7ad05700d16326,2,0.0,1.0
c289a130d2fd5de2a6de976fe4569d565bc1efe95063016f0eb99e394439646c,1,0.0,0.0
29293b060107fac7e667346b850ffcd34bd9bd8b2a1cab3a91496c0749a25e70,2,0.0,0.0
e0675a77957bf48511e123f243857ab12295ad38040730f2b97b50dc3793c837,2,0.0,0.0
4e367e61a64e4e544cd178ffd89938b4aa9a300de04bd23725ea30ed7bebc02f,1,0.0,0.0
4e1e45c1845448d39fb61eb91fef6bf1ead50eaaaeba7d4b86f00b8521fbcbaf,1,1.0,1.0
a97b92f12a6c86e1c4f3c69e568392fcf6af82e052edf3420d7b22b1570b794f,1,1.0,0.0
94b7b56cf3b19eb3b47c17eeedbae73b1840b8d9a3b6e6276b3514127f02e377,1,0.0,0.0
b46af47f6a339a4826b8b65f4941b0e86c831c3b8f69174c3197a7fc48975263,2,0.0,0.0
bfd332502e47416357c5d788c84f97293e0c1bce615171ee839a87333581cd2e,2,0.0,0.0
d1acb4ac9c39ca0946d8537a2bfc6366effd8d64d2cc7cb71e2d2c7451718fd2,2,0.0,1.0
7cf2a08f6e1cbe604395149b5ff0d18d64aada1f7ee3b8948c8b6416541973f1,2,0.0,0.0
0de006c41164333923d2dfad69c1ce400071f4c4a733a0b83d5cbf3fb6e692c2,2,1.0,1.0
880cc33332774c3472d2e71f7cd60b92f0f2c60f453ef9c87f4fcf3e7849bb95,2,0.6,0.6
832360da57f73b0174e0134f33648b78c956a4f1d112d578e463a2548b1c8f18,1,0.0,0.0
eee372d7d315775a607a14d24c3e351fa240767a47ed79891959856a52229589,2,0.0,0.0
5c23d49d9d2377c0611f214a989173dc7ceba3c251f26c40338761afe1e18d20,2,0.0,0.0
07c3f340115d2b7544fee561959f70aa388e6b747aaf12a6eb0496308fd8700e,1,0.0,0.0
5cc8180755fa6a9b2eb685ada2d146c7f8597bee4b3c7d6be3aac9f499eb6a6f,2,0.0,0.0
d49d2b64e4850592d51f38dc59f1d82d21bf5585f7eb3eca6fa320ec3bb9bc0a,2,0.0,0.6
adca74df563b5e58329ac8c02d980b406c74b1f1ba4961e9c5fa8a7c314d3835,2,1.0,1.0
d51c74f5cfb236d7d746d21588226f1865e59d09179c3706bd6f902525c21b25,2,1.0,1.0
51765fbf53782bce10706f14aaedd0250114c001c84dda3de502535fec624410,1,0.0,0.0
cca9cf5df015df0bde54e121b7b4e9e427a5c1e25930075c3df1acdf626592e6,2,0.0,0.0
f74896140602069cdddc8b5ed46986bc5c4a6b5b2fa629149035277dfa04c3ad,1,0.0,0.0
15a6f7d530a819f80193ac50980850c1d2f26ed0caba573e10fd6462a6bb0aea,2,0.0,1.0
43ba34b6d75d0a9a971ea5548f485892360670458a1fa3467397f5d7ec4bff89,1,1.0,1.0
28e6a628baf3eb414ab6e4ace31d979d0e411acf34dd74c126b5ddf33a5c3dfc,1,0.0,0.0
b4d1770d42a8c26bcd249f9361d99907f62379958e2bfb337d9132dc873283bd,2,0.0,0.0
277bf9dd1cb54ddefb5619b47c8d2cf50c85ab88296b400482683d5befbb5db4,2,0.0,0.0
56291c5018a93bd46befe98d6147983c91612a3a38e1e62d0315090b2aeaaa17,1,0.0,0.0
a7eea6060fdacab30b26af97584790864e97d3c398866da0b621f069d5369622,1,0.0,0.0
8a85029b9ea30f6414ad78e69b4de2039fd6d32ccdd48400b96aeee3e8ac7679,2,0.0,0.0
3c6f38066730ab46972e6f12185164eb9822ba60cfdc176397a689db8bd21214,2,0.0,0.0
84baa070a0a16640a127f842515e544612c8a6e2b8cb47faa37aa65a129eb27c,2,0.0,0.0
9597ece9452bb2bfcc811d4b79f25ccc9c0e4dd8a76d280db620817779f06e14,2,0.0,0.0
3da82dc1752e01a23bfa0bbd8b04c38905d55a466bcb082572cd2af1cf845bc2,2,0.0,1.0
6d4246ba467e46c542f5269b667c11cc49292386d209a7df0bf594b9816a1783,2,0.0,1.0
22c86e9746120e6bf41a0583162eb22e45c57779e56df586b0b1fcdb8a2aea9f,2,0.0,0.0
65b68383cbf2d372f98e6a5b60f34db4136630c182d4252cf16361e4918b3f48,2,0.0,0.0
6be7a5df70fd8add152d5a813cc716f0528594ca3b179d69e0e8c9153c2e05e9,2,0.0,0.0
d761064fd259feb77acaee2e53e7873d8042003f07abf59ad205c0efc83b5959,2,0.0,0.0
724cf7ccef707a62a97232f960f887648b2fb6c63fd39ac3afc5f3a35f63a0b1,1,0.0,0.0
2a60c8166eecc92d9b9ce84584a9a8ffbe238cf9ca812d9d36f309260fd87443,1,0.0,0.0
92a23bd50710982dfe7de68b6b2579f2afb5fd33b0934652e1a42455bcfa216c,2,0.0,0.0
84d4312ce8c7c69796841a4914f0c97e0413b22bb07387b996e862badcb09170,2,0.0,0.0
535266eff20806d0f26c06d4dd7d8563827b82de7c2826dd128d01e1fd1bdca6,2,1.0,1.0
d6ad06c2ef6458a20a317c3acbf58f9b6177c5c1488efb1a9ad5d2385f28f622,1,0.0,0.0
2050d3aff3a149b68116adc0f53cd8c24c52e1bbacfc0dca8265d6ac5fe4fcfa,1,0.0,0.0
f10eb2a32438ebb268ac56652156d9b0920234f3c22a1921bbd911a3c2ed050d,2,0.0,0.0
961efd120bc536670afa80e34a9b0d197db54c0b69d9b787697ad2e52497eede,1,0.0,0.0
61a48aa6c1433a030bef06add5ef888ac7a7da0e36048ec875749e7fad2fa9ff,2,0.0,0.0
a78cd6dd362bbfd58f722ea6123dbebf856187b0eeecda77fc9e141bacfb63fb,1,0.0,0.3
b6136979fca3554afd872eac565af5c546d16d826a5bc1cd612c46d0af86af65,1,0.0,0.0
6783c2514b5eed06b8819f63b9561bd3ddad7c3d2683a6061db20d05c8be7685,1,0.0,0.0
e2fb700c9358ac1a869ce8234f69c6813e2a8f292172b9a6727071df76617a61,2,0.0,1.0
43986a8a89e9a6c1961bbd446dea8868a1b84ce4825a26dd405ac87dda212fe2,2,0.0,0.0
94f96eb9a29412eba6cb54bb4e2542b3adad15eeb87adf61740386083d54a1aa,2,1.0,1.0
032073a905d4c1f0e7127c37010043e582c66ed9ca075368eddd942716b46ba0,2,1.0,1.0
71e0903fa0fdd0de578cb23dfa92a7de3f6f75087abd33951234370d1232c40f,1,0.0,0.0
e6956be3a82d7b0dcfe32318e2c6b8d1a80c9cc329ed113506b839d266041ef9,1,1.0,1.0
f3b02b10e553a9bed9ef1b7b9062477bd78439a7e9a0b8d7deed2b5e6ecee118,1,0.0,0.0
ff250db4cb90cd4f860bb4398eb4323fb7e3ce4ffd48e65a2a88dee0144807b8,1,0.0,0.0
2e383508fbc2d3aea22b8311cc217c41d58d0f82a7b5c1a37b6c8f2100a41f20,2,1.3,1.3
3b305ec197b10000c876aeebb0a706988b5a6b3af74b93ef22915f399c6d1e53,2,0.0,0.0
913c38fffc684c6c18777d1ff9c539c31d93c50f28114713756c7106c4d90619,2,0.0,1.0
d9feffb4b3fa3c8cdd1a5e45312e592561b3d96817a5606bc82b668d890baa2d,2,0.0,0.9
1733c1575c463c52a814bbd7a24ea6dbe617cc88b2f99170f6907b6873f03f2f,2,1.0,1.0
b2dbb58116e4eb309439d3073af50f154f6fc7722ab361177fbbcf31d9531acc,1,0.0,0.0
4d9a4eface8407cdba11303130d1e0f69d388f6021f11ca3dc5d7decde12aad7,2,0.0,2.0
b81f4eb3b2448536f523cdc7eee68b18582c40b8fedf10cc63dfd430a5bbc87c,1,0.0,0.0
151ac042405038dcca13ca4caaf6cd84fccd52cf59aeb443be8a47637bb77b2d,1,0.0,0.0
b9bb0a338a0985db69482bd0001a74424f2f64194f172eac1e7a6914032fcac6,1,0.0,0.0
d40749413e41ea654bb530c3cc329a1b025e54f0b72d87be981f659778bab243,2,0.0,0.0
5ac6a1e2d3ec9be24936c8eb0ff73e6837b8530d36743242bf5c2939054e1fad,2,2.0,2.0
1629e82d6497c964a2bf8e60dd61fa39c0ca81e803e134410c44c78c230e8879,2,0.0,0.0
783c2b83ad71c988a7ead13c28bb0db34238cdced61e9d8b272556b7939d78f5,2,0.0,0.0
8ed68fc25844165dbd5c4654503fb0d1f0f48a18e56dd92abc3151927a9c7895,1,0.0,0.0
6ce0f05aa46c8645a87c4d56c9a85470427ae1d107721b6bcfc513ef42b8775d,2,0.0,0.0
51a298d48bf2d43054fbb8a8b3ebba89af61aa188c633fbeb098ec911618c81e,1,0.0,0.0
162df537d441add22f04249d8f54df6250902b5901a6f41b9f8b1315ef284041,2,0.0,0.0
60846461beb36c1378000b6ca31f8a38881fb5992845d5d2e21518490ac0d047,2,0.0,0.0
ecc4234ed0520473c58fc54c3a2e8a72da9bf05b2399baa2c3759277287aa035,1,1.0,1.0
65db0f1355378fc148681c9b3ffc825c4ab30d0cacfff4b69a66cf0944464a69,1,0.0,0.0
95e4fad12dc787be33373f5f6d6a0c7afb9547e08b58f471a4059880aafd0f59,1,0.0,0.9
297b790022592ab13317ddf4fb1181493af273e0f3c9154e16aeb3e2ecf59afd,2,0.0,0.0
aae73a01e715462bd54009d94b1eef6be41dc86220d96965ea6f92c5ddd94c15,2,0.0,1.0
784af818ca2899ef6d38835fdba9dcad0478f541141f8b59cc6698f2feb73602,1,0.0,0.0
ee371515f4062135b80930cb73bdce899bfef219c5c2ec3dd274452db0321cb6,1,0.0,0.0
c5df32add7e4f31d1c51c45c29419c012452beb2a8b4e92e8e0ccd5608822e9a,1,0.9,0.9
2f910b8a825d7a5c932d40373e768a1d216164b9ba4d2a94b037994f37ac3bc6,2,1.0,1.0
2fdd1976104237c1a28151dbb37287e5f31de1a4af26010b71830c20d762525f,2,0.0,1.0
5ceffa82a3905d7648923cd84ad40cb2504dc0969a3cc7403a0fd1453cb71e95,1,0.0,0.0
c0d482f7547520a6af9b40c472c7e9689bbb6d16b89c41cf42a1208a1c147fc1,2,0.0,0.0
fc341bffa983d21fe6080bf2e336d94cbd781e14ab6330974c0d9ff8557fa8a3,2,1.0,0.0
8cf04d29df9c817b7f1a1ea06eae0e8907263182e3885fa5090fc2d0b90ea2ff,2,1.0,1.0
c0e8eef327f8ac074b35bb7c52d520ad922ac946981ac8f62b8c88423bd7b451,2,0.0,0.0
0c9e94d8cea8ed29c717ff117fafb8bd388b6b10e95cbaabddea0c3721eb331e,2,0.0,0.0
3f8742bf64285aeeced2c9ec91388eae39a33559c8aa1bc6086ecfd3be799849,2,1.0,1.0
aa4b0883e63ed892fab7a6409e5dbf3cfd68d14c6dbe5a64ff49463f4f98e52d,1,0.9,0.0
1dfb20285022d6ed0ac82862ad7145cef8a28edabea2f046738a84abed18caf1,2,1.0,1.0
30152a651a4adf91e58973e164f295d97dc9ab427a65bbdcb18abc8ed3135233,2,0.0,2.0
d65d5495d68619e2985e02e89820dfb277714edd72137a7cb3497d71cb0aea67,1,0.0,0.0
3dce8e4b2fb7efa8f29d5a8abcd3da34b287ba1a07fc72a56e5a21be37e9841a,1,0.0,0.0
01dab383c384f5ac061ea5d2f9bd694b617895da378d10e7654e2f70da9051f6,2,0.3,1.9
0b269829d55f8e19af48e61edba152a6dcb9364ffefa2ef3f59756dfcbf823a7,1,0.0,0.0
4dffeda59d357d587b0ed8d89758f46529cb96d16d1e903e31e523eaf094758a,2,0.0,1.0
22b13766ba5f9d8485edbce19c95f88701b4ed10d1a39ccc76e0ac9cb8e35edb,1,0.0,0.0
bf1d6be85f578fc99b60b85ceacda81aa015c231b411d74985e4c7d5c84b07b3,2,1.0,1.0
b7335e54cb33272e7ef0b39022910a6db57e078ff0da894468d5311b118f6b71,2,0.0,0.0
cc86ce46f953e9085c2d833d77084f947ea4b6575e2ceeff526186c0e280a572,1,0.0,1.0
51b4860450297834467ac2fdb77bc82deabd75d3eb7d2aff939cb5ec4d3bdda2,1,0.0,0.0
a0114a08ad26aceb08bc37ed59c1a1bc8b9c723526fd54f3fad2d4ffb547cd57,2,0.0,0.0
2306b4a822ada1be2c3e2036d49dccf90d1b00682e762c7713622d654fda1984,2,1.9,2.0
81bf88a9f8fed008372a3b516c67188d07099905dcd5a412556cae86836e8318,2,0.0,0.0
a4cb4b56f6caa046c6d6ae6e8df0cbdd3ec95af662225702df2b9a93e6bef60a,1,0.0,0.0
80ed390fb66ec5830f1189fbe33dc0790036a56ce5e5e6780a2435f4b7a72bcb,1,0.0,0.0
631f1b69eca7f89d9ff07d38ee53c0c53442be15f9211d29b77bf3cf630f44fd,1,0.0,0.0
4729cb9615e9e0367244b21be79a08c9a2bd5b8feb15b752c8bc4697494c78a1,2,0.0,0.0
1f41ee341604db94f12bac741eaf963682669329eb1f1f757b6f38b696144c5d,2,0.0,0.0
49bdb13eb51428886b306f995f8a160db810f7a0da7c7f9a47e9fcfb1202f169,1,0.0,1.0
382d1269c29ddd19fb685a0180eb1fc642141936133f5c2c9288e7d5b20f83de,1,1.0,1.0
57f677b4be70ae088b2b00eb2baf8254762305fcf3f3115ace22afc1591f256e,1,1.0,1.0
f585db8635cdbd35d45ae4a30aea8a69e19103c5daf15d1ea2e42565990a34d3,2,1.0,1.0
2e12c8e5080921dba547949e07e799424cd543b030cbcb28b5debb34b012d467,2,1.0,1.0
7a2c9c29e95a25a43eee7856d224a502eddd666720ebdf27d106be50e80e8973,1,0.0,1.0
34deb5798f49da85bd8685e3ff936b09b490e08ba3eead1da5252375234e62eb,2,1.0,1.0
bcf15abadebb1f79b26bdf902e1403e1d4977546c818ab756c1bc82dde2a9e5a,1,0.0,0.0
dad61dbd2d4bbdb365b162e72f135ace8c23fdba30ecc049a5df1d80b36316eb,2,0.0,0.0
156fa7d104f2586906bf5c0119bdf6fb1bf7e0b79f1d4f221a512532d9737213,2,0.0,0.0
12414d3d28be94ee3478a506c2c94aa4fc3e19d31921c6fd9cbc0f6b7ec44081,2,0.0,0.0
e06d2f1004bb8057933c3a41b926ae6cf7686dd03d5595410eaeda89d302e729,1,0.0,0.0
be176b23cdfb1914845b1751cb224d6ef1cd6d54dd7d35bf453b21c4cf8aae51,1,0.0,0.0
1aca50ae9be5bd562fb2605edfe05cd6cbc57b5a984fad20df4d15a9aaa6c526,1,0.0,0.0
f087f8ba067eeb8f793484608789c164e0a3bdba555dc85fccf8edaa3b8e1bd0,2,0.0,2.0
a18824f9e1fabd232a692ab5a0fc3983fa8f2276b33d0d8209bef25f587d183a,2,0.0,0.0
eb39b76b50e87a66e28876bcf30a0a6503caa7a71eae338dd42eddc7b10d9da5,1,0.0,0.0
7097ee079eb12c3a1636b2ef08d067ebe48da76074c176eb2f1a87117b15c5cc,2,0.0,0.0
5929a6cfe6b6edf2b10fd45361ec1fb978232cdaed17ef4927a808499b9a6638,1,0.0,0.0
abcc966516fe02c2d62d3019629b1935fe857069525ab91a841feb2efe7d13a1,1,0.0,0.0
380adf8bebcfbf099d2b9feff93a0a0fac44333d4a41e32556adcad60c1f7930,1,0.0,0.0
4d99723f9d78934b206da3ed89aeffe818b58ecce411bd8f1bc90019842a88b4,2,0.3,0.0
dbd7c5251ffee9cd3107a515220bb5bd665473c11edd16172e4ca17554d820c6,1,1.0,1.0
af158dcd7c2b1196fb5bf028aca710eaa32162bcfcac3c57a1053d6c695c5b71,2,1.9,1.9
b00b09dc63632e5949da5e3dbe929de3296de15dd870acc3f84ce7d88149026f,1,0.9,0.9
fa6a1bb8fd719e79e6630e3391fb448ae7dad120fedf97c3277ca5278f32264f,1,0.0,1.0
2c98005c1121204e6fef49c55df26c5a15a21e88761d2957f331478a257b22d6,1,0.0,0.0
aeee8325f21a68923c8241f6a600fa8ca41ced430b20103bc589e84ca4afde89,2,0.0,1.0
e99076dd7d37a9131a1772a1dc01cb831acd6410868d910dfbe2b282e63209dc,2,0.0,0.6
22540d4b6490852b8c5fc67f049102ba695a3006c52ab2cc8bde2261436b115a,2,1.0,1.0
7db79d0ed0fc7b7e74648f78353faa2843fd4fad32ab3ecacde61e2a6ed5f32e,2,0.0,0.0
7b3b1ac8c2da98a66cf686889cefd8c98d2ccd80433b36d049e5fa2ddc946046,2,2.0,1.0
b3efa463ccaeede41a51e9c8c6c85483a7c200237cf48f9f6f56b4ec83574111,2,0.0,0.0
5464991691edeb27dce30df99945ebc47c2de68c1148ac2f025d3acd8ae9b5aa,1,0.0,1.0
4c9809d35cd1c60224206d41e0d5855cd795e50a35d74adb4887bb62a3d747fa,2,0.0,0.0
3becb9fa3b43e49be649a1caba18c3d3ad10dd1043f9d2acebcd7c527fe49705,2,0.0,0.0
3e2049aefedfaad7e1b9459bf9af6872617f5cfa810af560b7d320145b3c585a,1,0.0,0.0
109db8f8d04fa0dc621842c0ae0a90f8a9d1e4e3f08b85c35bd3931bb3a22714,1,0.0,0.0
f8e4e1afb33ba15c29e9466ce102dfa4d807dac591861b997c266630c84a2d0f,2,0.3,0.0
54ff68c4663fce98e09fc41ae10bbd7a892bf3622c357508202ef81e55de9b6c,1,0.0,0.0
529c79f656e61e7cc4e1f5248329a775875361689aeeedd52e3bc1ec9b087396,1,0.0,0.0
306ea5fccfd07f1bbacedb4fe5b98be69de7f6aa7c63d5edfb80d76ee08b56da,2,0.0,0.0
38510d3db02aa76340a4a97d16062483a5848bcdcf1802465eeb7c21e80ea658,1,0.0,0.0
1a28591fad0c6b1c21b7528037ce262e16f65ac181c6a81c3cfbd637dbc0abf8,2,0.0,0.0
55db8c60cd9dc87e6f89ba21f7f4adca1af8a1bd2982aa204cb08c20d02f6494,2,0.0,0.0
a28169127394d84f4c920be8d4f92e018373d5e89c7dda3e8ae1fec54b4bf5ad,1,0.0,0.0
624bd201b4c7526f523930a1e145dbcb01da152191fc0b612f936f0606a00cd2,2,0.0,0.0
82cd16dac66245111d95e88d896f5722a8d5d5c5c3236912a3d7c93e195e1115,1,1.0,1.0
e2149e13b8cc71c936828b12ccd24b7e5b091a855b074381742de1ec34801080,2,0.0,0.0
65132141c82a06bdb137eae794a47ef12f70a7441a98b5598fafec53a64de384,2,0.0,0.0
44340b0ed6794f1af489cad2ea7d6ac297344cf6a1703fd88814b84343ad6812,2,1.0,1.0
6090f7d6bfb515784f0ff1e9346ef981f5b4d78f1c6ab3756ec446612ac733b0,2,0.0,0.0
ff69a82837ef4f43c1068619ade085a8b09b2172b49d24705bee4b25b98ad391,2,2.0,2.0
5ef97e35b0ec31c53d95177de9ac7b84209091558ce899952687eb930cb73701,1,0.0,0.0
d67599b6926666d92bf51d6f4616a257156f71d80e5c6c97f7d14f90d412fde9,2,0.0,0.0
c228004a134471fe7720c7d8ed779b1f15170ad616d15093eef3d87289aef47d,2,0.0,0.0
fd5a01bef68e695385ca7a4f558fb9a298e38562c77200a46cfa260988f7e57b,1,0.0,0.0
0bc16ab402d723901b7720e333677976f6945b69461695802e0276e3953e036f,1,0.0,0.0
9a97050a1e9e0422278f08b09cca3758bec45292abe22a6ede5841d4879ff27b,1,1.0,1.0
4f251dc700245ec2a6e1ea79d94c2b14a900fd75a241be6c5c4022d76c32f11a,2,0.0,0.0
96fdf0967c27f4efc5cbced68c9610e62be8702bee83c972e35a2333a7261835,2,0.0,0.9
ffa1f85b85624641574376f3b05a3dc25cead6d21c5ca9ab814d834d10c12360,1,0.0,0.0
f2c2e7d735f382060ce3a59f8c2dff13d1eaf5f5ddf2ee4c7747ab7d4de73ea1,2,2.0,2.0
9e7842fe0b9e0d181d59ebb48893401dac0f78eaf1a07dcc0a4bfd074a66582d,2,0.0,0.0
f1db4114538e779f1a97596c2b8fc59eda8aa2d3752d7098c7bb962b683a4e5d,2,1.0,1.0
6e99ca33210c9bead32819a7aee9f00ec7186d5f337e895afca951a89588ce39,2,1.0,1.3
d3ae3f5b261ecdbfc54130aec06dbaf4ba840a5b981ced36a0133549933d0fc1,2,1.0,1.0
66cb3ff2aae374d1e11bc8456f4baefebcf5dea9752b0da844d5ecc797dae1bb,1,0.3,0.0
380c82de21e7362b0835e7e6bd20d3481e2937e6910ff347073078156f34be32,2,1.0,1.0
4bf46572106c7aeb06bb18b9420f9ff857efcd435b0c413fc311a3a1177ce7ba,1,1.0,1.0
5337f78eab723dbb1765b466f8bd0ade9cefc407baf94cf277c496e04e9da253,2,0.3,1.2
ccc400f056113cb0e492444b099a67c6e9e59bad65245816909eb4002b504f92,2,0.0,1.3
7de4e624bc826e3baca047dc33513411af0d8ae9f3258eb2aea3b9ad5ff70fec,1,1.0,1.0
9a18b6234dbfbebd2ead83b56740024ce4ac0ace7928c842df9f5187892bade1,2,1.0,1.0
484c5c6432bee792513d9a94775fc2a59281ec9d3ac415b20f05c143be468d09,2,0.0,1.0
f58be07f90907a2df3d4fad0aaa172f82136ee452f483ab5355db150c275a73c,1,0.0,0.0
59c5d7fce2734bb2f0c73384b144349fa9fd230551d13da6fe3a4f40d776018b,2,0.0,0.0
afba27c3d6d805227130ec1b5dd07da4e91d5cde79510191cbda3e1b5160ff34,1,0.0,0.0
e911fca74835ebf2529a8777396f827253f7999b0083197f75db77c28c8806f5,1,0.0,0.0
6511d74e01316b79d52dc0bbf52413b97a585d3ba7e2ec5ba7a107c7eec165c6,2,0.0,0.0
726ebadfc4aa53d617dcba9349fb8dda91e84049d3efa749c1b2f142802d52ce,1,0.0,0.0
bc73a909da68e9001a58ac9af09910144e3192301ac6c7ce9e17ef34ad32b565,2,0.0,0.0
6e27ffe62fce1d26401e8c807e19aeac8010a8ed9b0696f262ed0c9aea0985e8,1,1.0,1.0
175a6752a2c9e290e5ecef88a0ac2db99da87e8f9e0c3afd99701357ec307ce8,1,0.0,0.0
553d0bb24a1dcb2a46b09ec09728ce9237f447ac860418e1279799a0a6a7a07e,2,1.0,1.9
ab1f8308ddf8ce3bee68ff17332589113eea926d8b3f94017fefcc0b0c62d525,2,0.0,1.0
8151f44be65cd379c9278cd3d9aa53c80e3515676e80230fb2acc5a75a0be89f,2,0.0,0.0
784f71749db44b6719dffce38d1bda0517b3e361edb4612e39a8893aa0bc0711,1,0.0,0.0
7364c95e3043826d85f33b0a5cbacd0c07cccac8e40b09009b6f5c4a44f6a344,2,1.0,1.0
15539523cc377f2863a4048e55470e8f59f109cc9026d7b6f559b86ebaef38de,1,0.0,0.0
7afa911a0a693c72703074d6c475f4d3e0f48921a102d610f2ba82e2e51509da,2,0.0,1.0
d2be51a0554e38c7134229d78a32aad3f66dee85e13c0ec9a096bd6db9c3ef1d,2,0.0,0.0
2512aeae080117e96813702fc68733be80a4051fc1e871d926306c37a91abdb6,1,0.0,0.0
f0c508f87c063f1659cf876944ee9848cc05b176a13882fc59f70fd209164ddb,2,1.0,0.0
aab19a5d4829d79d331c68e0c59e566e91b2996593116b4f1040593688110556,2,1.0,2.0
6740dd976697bc21f3774fe0737035ba047eb3edfd187164e45e262f96a8791e,1,0.0,1.0
7eb22f11a4dfbae5b5d2b7f086bf13f4a72020048bbe0f6ac46553e157b97091,1,0.0,0.0
c4f595d46d55f634d8f433a08fae08a1c16374101d345b565f9ea31015618455,2,0.0,0.0
856777b4ab8cfa9bd4c8819667df95e830b9c420115924d9c0a8137bc5263866,1,0.0,0.0
594e0e7ba1ae70eaafd861fefd67ef0d141297d5926213df459bda56ff97c60a,1,0.0,0.0
8013214460a394c1c4864baee84df36e377f0f9a860026ca3d6965a5288d30c3,2,0.0,0.0
6adcf18d6c4c82f4c4b7084e32364c5df48106eb569ed63c49c07327debff864,1,0.0,0.0
fe7f6eeb034101883085b50babd511a854766a2043416b4b635bc0e0958c7b7a,2,1.0,0.0
cb7185b554add1575e418671610d00ca0cc39efad778726995ff919e7e028299,2,0.0,2.0
9be55b460938a06d85bf5f0a131874683de3ea387ab863666375615eab31e404,1,0.9,0.0
1847f00cc48eb500be4117ac1487c72334c1079d6a49878d42682a6514fd13f4,2,1.9,1.2
8cc1ce7aaffb53db26531085edb87a2bd1a4a0fd0359c1e960259c4079c941b7,2,0.0,0.0
baae15c3a86743447d64d1010a5eb67f67a8643513c5fe662434f131da3838c7,2,0.6,0.0
a3318b36ac47a95eb78663308be4798fa37e85d3c2a91cc228d3235b50fdd2d5,2,0.0,0.0
924d404b4ddc650ae0bb8f05aea4859d37407488bda45cf8fedc077db19472e2,1,0.0,0.0
01b22c987e09f92abfc725e2800a6911abe35da763edd432b3babd42fc9a0007,1,0.0,0.0
21f0e700096dbc9665a7e519cd219142b6e96260abf43a8383c420051ae46db2,2,0.9,0.6
5a082b8b6a240d8ff5d76a173a16704eca66d163f2a6a5ae958e1130322741e6,1,0.9,0.9
1c673a09de2a36e5af55b5d456996ef1de79bb7911cf7993c8c3b966ebbe1022,1,1.0,1.0
18b500c37a4b1de60e63abb40f68c12793a4ab8439cc0a413a999f9cd3d929cf,2,0.0,0.0
d920988f04b495fed8992c7897862f9b3b5f392e461a41344bc9e085e58afda2,2,0.0,0.0
7310c7b48a75f61b2be10a23540ab7a1004c0976fef4fc10119527916085319e,1,0.0,0.0
58fe83bd1fb77f7ea75eacb3d0a9d712ffa42b6562fffb7e3b17533b17fd05ef,1,0.0,0.0
e354b74bc216b8fe1e2c33d0e3fdee7b74d5aa0a2b80ecf9f3324f98d2ab5eec,2,0.0,1.0
56472599557dfa0efc0210005b87462096bba174510473d1194b53ab68e3a571,1,0.0,0.0
6f097822acfec37413bf455dd8a9bd63d67981d5f95bc5f7a7e3c2e30ec647c5,2,0.0,0.0
b4a9712c5d3b461d340310debab28daa8977daa5f404bcd06b7aed66907794b4,2,1.0,1.0
b8241cba26b53aa10622a9682a2804f106b299f37f570bf1601b1f06835fa53b,2,2.0,2.0
7134caf9e13edf5395428158d9c014d9da0b0bf37d808ef5c0cbfc61c2731862,2,1.0,1.0
cd8e000b351fb2b8e547623612f3a66d817ea1f0a75371b69a092f4760406f8f,1,0.0,0.0
6bddc9f575844d985e19ca0a85a1981a9d80f2a710c4bc914cd13009ba52f1d0,1,0.0,0.0
f22274b47b23274bbbd3ecde13a0ce707554aaa80de2c2f6f731bb5009390296,1,0.0,0.0
4a1adc41493d6600173ab2bebf81e26ca220d043493e9535b4719338b211b309,1,0.0,0.0
91af571ac8cdd3f35a053688b6b8152d8644d045fc41fd1bf51699b108b1ddaf,1,1.0,1.0
c8427b5dc4db93aae9516c6aa3554a662c7e9b8d0a5dcb91696afed50eef5b16,2,0.0,1.3
a26ce30c06fe8b804ade755444f1a6df405fbddf24c2d79db60e152936ab36c9,2,0.0,0.0
9773141823aa700c6d6c059babfe1c4fbefd18821943101e0ecf7abd531dfd96,1,0.0,0.0
2292c0b507096a4d6b65a4e5a78b058240cf1f0383060f59f281e8973309671b,1,0.0,0.0
1562de7c762ff8729b4b31213763da35c7c331e0440d038a7ecbb424d47d6654,1,0.0,0.0
64608e84a0699e4a9be39e7b9177fa3835436c7fb84f58acf85a0307c9bedc8a,2,0.0,0.0
b607d6ce5c792800be49d33780262c81c14b99e108ac8755d41df1464421e7f2,1,0.0,0.0
7f7d9b2c4389596c2b94e087b348c7a499c8a5b742005491f230c6846bdda165,2,0.0,0.0
d935b796186cfce89459806e9d4fa8d4eed34e0efc45dcd1343c86b98a3282f3,2,0.0,0.0
999512d948c56f0b5a60a047d89c67009842d0b96249df9c5e02db8f235382b6,1,0.0,0.0
96fd7b059c5f67f5b24a18541b18f20dbb19dd5d65e3bb70b211654fde745475,2,0.0,0.0
b6a6cf4b4d79b57ff9b71349fe45d157af45e1b2e972bd2295e7995d5c8a89d1,2,1.0,1.0
658fff604f90d84a509fa4ca144111f511716fbb249ad10ab9bb0a6ce1fdb272,1,1.0,1.0
ef6c31f3d464a58be8bc333cc41cc86921f862bbd3c0a73d0767eded712a276a,1,0.0,0.0
40918f0f46889e7363936177f7c832507be0d7da4d5d482394b40d61c059a41c,2,1.0,2.0
2a207d99a63cd9b10430d0750b63f3ef93b4b878c5a8d8a106249ed8bc2e0f99,1,0.0,0.0
bf2df5d5426fabf981cca3603241fc876e126dcb60ae9493dbaf34e56798ac07,1,0.0,0.0
a29a270317518bf86831e53b010c85ffbcdb06c4e43079614f203338baa27351,2,0.0,0.0
22fd1e720df543009dce271dbe03ea2ec6599c3855d012a866c535da2cb31992,1,0.0,0.0
2ae691ac417102881ba92a390828d75cab74fa677780e9a39e7c3a43402e9802,1,0.0,0.3
66eb319748547e0c269438608cfd7cb32fddb93260d9db25e90e9a6947f83f28,2,0.0,0.0
6727ae590c03b678dbde3180ea2ad7c2ecc5e3ce3b8700ea4fd5ef446628e919,2,1.0,1.0
5c5fe114d5cb40490145e8961b5736b8991756dcf4eb350c35b73993633e69e3,1,0.0,0.0
687c1e0a5310dc6fc954dcc5ac8761b479aaa4a33b950ddbdec8ee0a559ef650,2,1.9,1.6
74bb2468f96125e63c436cf2f3b264ca12b62b8715993636498c64a62ee0bbf8,1,0.0,1.0
e3d73b170868cd2ff080c7d01831b7abd02a55284b4ba8f703d5c10b228afa81,2,0.0,0.0
dc09b98855e44fef25a33d42df0e2397b02e646832307820455bddbea3a90dde,2,1.0,0.0
60881af324f915d76b2630a9e34445460ef785a12310596ce723ba6e3916f2b8,2,0.0,0.0
025335ed88f1d9b19b3ac1565c87fb31e2a91e1fc178caabe3a68477ae7f1c2a,2,0.0,0.0
5df500aee08879448e69292234d2c034508accae77b846478973e19d43017245,2,0.0,1.0
7cfeb550708734f5e03924e4b4c4a7886381d806d0d7d493880cc4f20bc3230c,2,0.0,0.0
e021c9539dd8777a8795bb156f72733f3e92c57d436243b159c40ad604d34699,1,0.0,0.0
0cbb94e411b937ca79949b8d9568fa9aafdb5eb2885bcce83225dc7872f8c0e7,1,1.0,1.0
f0d659e351643fac1f668c1195fb7215d49636d65ed1d60c69f7ee935056bff3,2,0.3,1.0
1a793e71cd3055cf72c86c03f5df327f028276545c261f8793b21181b9c04c36,2,0.0,0.0
135186bd6fa1bf98117896714cee9f90c0454c16bf5bdad2af74577e1a296267,2,0.0,0.0
e4a8bab2d655ab8bac0c5862fbeb5636194122e2d7b58be3935752c166981612,1,0.0,0.0
1c9df0c3a1901e3b9c5978be70dc83f92afd32cdf967718716429ac58b59522e,2,1.0,1.0
103fcfc3777eadabb06a5470dd8cbd170588d184cc67477705c76804a4a472d2,1,1.0,1.0
2fe36f15a0dd29d89268630ab8bea9ae3b7386943518adf71f4e638d02ef30e9,2,0.0,1.0
d0c6e7400f65110ec903f217fcb85e13332e8c7a0d8f0f439d000db3fb2e87fd,2,1.0,1.0
475d148e452b31d885c371f5e9ca20eb9c66dee1c47252553b7367706ac2cae5,2,0.6,0.0
fccb28107f75b535b28a8b497cc18a46aaa30ece3d2dcba3560a7b863e052b9e,2,1.0,1.0
598c40024914bcb4b7915999b1681da7cbc469b334c9bf07a90257f966f26f63,2,0.0,0.0
26a2aa4929a1a1feaf1c56451c4f8db31cbbee656679c87d44b7afb88b3fb686,2,0.0,0.0
0771af5c15992f8530556cdc55ae752297e9096f31d3dac55fb4530ead1761bb,2,0.0,0.0
87124471436aec4826d25400e7af46cd8a96df6cdb8cb888d7b4c12657e7a344,1,0.0,0.0
76592d3885df76cb11ebb366b64cd8a3a9221ed428709dd231dbd49b07391d92,2,0.0,0.0
c49ccdbbfe6e4e1be99012bd4228d56c4ae34623ec6dc1d0d5f15e95fee740c1,1,1.0,1.0
c0d5338c119216cf016bb9b710cae10be662379273a8da495f2766bab16eb9f4,2,1.0,1.0
fdf11e24e4c3311a23052d5cfad8155340206c92ef808e07bf845d4094d1a2ce,2,0.0,0.9
191666a6d3e7628bd7b8680776be23285b7e0f7347fa4bf6aa994cc19bef242e,2,0.0,0.0
be33079e2a004c32815cf7e3dd63db57c440b4d9c446ac1c49ccb6950e06c6cb,1,0.0,0.0
81bf74e7a743e50fd36b7ed919bbb5f3189500ca61134d367808f73a5e016065,2,0.3,0.3
66ac4f657bc50338f6ea466254eb2910a2db7aae9e805933da42bcad1a25ff7e,1,0.0,0.0
a71cf2acdb7d3690c6725ff675550367b6334d3c50692782d0752e1584c551f7,2,0.6,0.6
068641b83c7b34a09684f30f50c0357148619a9991f45e007a785965cbbcb9b9,2,0.0,0.0
f4f32284b63e6052af6056fd3b4e1bd63706a16583096e237cc99d200fbc7a50,1,0.0,0.0
e6f6ae5512871e50241b6fd79506784802cd0fa47d4a86d40204b9b4ac9a7a6e,2,1.0,2.0
589cf3136fa804cabd266eda1478a789e63f840a29654a6c60e47206ab8db3ea,2,0.0,0.0
4c1a8b1b27a68d219da961a63f96be249cb5789b37b5e277b468afdd4d253dcc,2,0.0,0.0
a5f3ebcd7c394f2cdc034d068e65ecb8fdeb152f5fd7640718510a61072fb715,2,0.0,0.0
1ba7da8b08e77e7612fcbca933faec5bf8bbb4670aa2e598f49a058d807d30bd,2,0.0,0.6
de8f07eb544f09f50e3ea8ec6478331ed2876ff66f3523f34860cb5ed61e1ae7,1,0.0,0.0
f98d651f7ee1d17e0a24d1f11548fd3066196fc201cf374032f09562c27711fe,2,0.0,0.0
3fd4f4f1ab8bb175a6f54e0958e1c4967e2f11bb8fc92bacd9fbd26281002b14,2,0.0,0.0
85915a08acb2b2107534b9d179ceb50926d151d20525d3fcca530cd944627ea0,1,0.0,1.0
8c047825a2ceac3979d9f58c58c59449523a2ff7b35d4ab2aafb8cdfaeed8633,1,0.0,0.0
deb55ca4bd08d2e8918b0f13045d4da5af4a2480213ba330c449be3f9a7e647d,2,0.9,1.0
b07f2763b6592a3673296dd588d64e3607f249390137f9e12c74d74b025e1241,2,0.0,0.0
91ffa5d56d688e7cd1988ac43ec63eb2e954603907ef9c9664431fc7c9122c7e,1,0.0,0.0
7fdd2d0de1bbbdb3d29f6dd1a4e10335e5a6f2e222af46f12794daa7310bf052,1,0.0,1.0
10d95e1cfda031697bf2d93522418851a3fc336f12db2c9106d5e07b3ac2d27b,1,1.0,1.0
a5c9a7108152ea952856e7a2bf55c6bb963bd64fb8d62e072c83603b3dcc4fd4,1,0.0,0.3
167df7b488b503ad95ec9ff89e0aa630e474db9cdcdd92475526d2c48cff2f12,2,0.0,0.0
bf51607a3f5471dec6807a018299b18243f1fe4e651fdf7ae313cc8e09f06170,1,0.0,0.0
92d7afb750cc893d72f00d61dd3340139c09c8e0f5f983a45ea8fccedb031945,2,1.0,1.0
2587270f082db02a7e82359b3b6aacd8e47b309df0f7eb927975c30fcd6eba08,2,0.0,0.3
129207772649a6df997cda09c2a32ea383b8b3d5d054e8ba73965843d2ec5775,1,0.0,0.0
9125ac14666d53488be1782dcf0837263f3ebb8d00a4a3b566b2c9d4339d9076,1,1.0,1.0
54c18371fa48fc4008ac6972c4f7c667157a9ea18a1f2f99092af6e38d2bec84,1,1.0,1.0
9c4aefc6737b4734fcece62e1c9c525a837df13cf52626ffd90f7e7a4544c5db,1,0.0,1.0
4e11f8439a42994d8a7f313cfc1aef008e811f83dce1afda3921bd6d053cd163,1,1.0,1.0
de203984c42e5475530ac0679248f375c6df13493184885745d7a5f0071406c2,1,1.0,1.0
c11a5a7ddc3470862cab8ba839eab1828c076605ce2362838fb94315ba78f46c,2,0.0,1.0
b8dba0860c7124802c81d8cdc0ee23e86921dbc4f72f9098b9f6bb232bfd0000,1,0.6,0.6
92cc5699be618a126b34285abcf0c8e716224e996feb0cbcc7a145f134c945d4,1,0.0,0.0
56b3508aadabc77bc5a72fc281dd1e72a394ec4710c627af07533c749423f4a6,2,0.0,0.0
abe1072c1ee6b61839e838567d949dfe764f3cae407359a438fae5f30bb341e5,2,2.0,1.0
cf4ef30eac9b8902f1bc7edf0fe6bdabc749212671b0b24251ced02954fe496d,2,0.0,0.0
4acf3cea6ed2b891c422647c53e9469217e1820dcaf11b5a3e52bfd5e0235ff9,2,0.0,0.0
08d838e5f6df6e8717c98d2699d6378560d013df9c9c167e32983a0214379c79,1,1.0,1.0
974cd333fa39bd78397f25b36cef839c09e11346794e8b48831337e08519b1a7,1,0.0,1.0
3aeed6980f1996d833a180ad76a383bb576f9337f6173bbd200a8c028e40c298,2,0.0,0.6
cd03e6df5df5a28db12bd76f5a0447440fc0764e0e0b220899e81129525d2639,1,0.0,1.0
df2d8b9bd86711a4297d559b17d678c32b28cbfc4197522858322166ceb2f31a,2,1.0,1.0
6d62d189ff0c223b67035ff9d3fbb5386f5fb5fb5bf06ff401cdc025c4f109df,2,0.0,0.0
2c3d63d4277bdf3aaad846591e09bb17c3cec39d18ce56addade77dba2b12b72,2,0.0,0.0
e816c433f679f73b5400d556f14f30d3df0122dad31e1f839aaaa25eaf6c2970,1,0.0,0.0
8ecf005ad6a1f2c2ef503881e09395b60c6d861c6f445c0032242e21a51230c6,1,1.0,1.0
6ebb441e3010c964f0cbec577f341989c15f4fa2e84009d8415b8b3bb4911c44,2,0.0,0.0
a8541b372adf573a250a27bafc5245d809715693c96035d6a94cf2a22e433381,2,0.0,1.0
c8db427c482878648128985d09e6e75927b6b7da47b9d507570a091fa0c52a81,1,1.0,1.0
00e92053ec39952646a2b4dd3eb1581018cb67ae4cd05c4165535f470f765081,2,0.0,0.0
1fe75c0ca0c0ab322542048fc3aa7ab3c19a83978038b764b5126ef16cd9a20f,1,0.0,0.0
f058d09cb6a9af29ecc806e54e68a781d07425fa0a7fae1cca87e07810f12d1a,1,1.0,1.0
6aeb6787b687ce976b473e52baeaac25b7aaf5ac9c1ffefbb8e93c746eaab279,2,0.0,1.0
b917781f2283ceb1d9d7f5f7b0463a9189924023c0a4ab79df22a0b9fd73128b,2,0.0,0.0
43250318301ed28c234ff68c428cd821ede4f34bcd92276d1b937bc6dc26bfd7,1,0.0,0.0
6dad1e5ea05cff8612a9b7268f37f1b16240bba6e9d70b6e61511d2797c661bf,1,0.0,0.0
cb4d887e2d702bc94a5d6e8f40a0aff6f9092c2b52073dc271f39041e9e23f4b,2,0.9,0.9
f97dbace1f35b775f291f2a628ae5827f0240943309584bd9e53d1b0061a68eb,2,1.0,1.0
af1fb0b430dadb60476c87279561d5ece69431511f7a0d858552cf18b5a37075,2,1.0,1.0
b7254734ee9dfd92c04215151081543da68209ac1e118df4543d755882fa1339,1,1.0,0.0
9bd17e91b2e7c3002b1941f2595425c71b85f5b4babdcf3edac4a8f187fb00be,2,0.0,0.0
4ddb05d30f9c37ef3d580b467ba5d0d0476ae49d531ac031f3d34a2809f0b7c1,1,0.0,0.0
f5338e674e898479e0d4f75156b979c95962c7621c08b131f364d9968c7e0077,2,1.0,1.0
d8eafc409920575dc06eb9edd3a3390d06cb5a152edd9ba19ec264a2a01e57b8,1,0.0,0.0
96963f1733c95639e74a365b9701b97758f96edc592797795a1f2bb080224283,2,1.0,1.0
cd7ed4da90c66fe548f6fbd770b423e4b34930268679a55e3a277f58a0158897,1,0.0,0.0
496db9e9932742fc39d9a6cffb5bcc1840178b5f172199bcab8b779789c15111,2,0.0,2.0
308b9a1f250c5c03729141813f5d2b3248e3477b41197f23a5b26aab06ca7122,1,0.3,1.0
5ab7f729c375081eda3463f9b63cf5b84a324e308e69e58a3a0fa8c3dd366dd6,1,0.0,0.0
da8a706715f5699ec08df8165f4ac708c2b2daae03c198af5d79903c7b49cab3,1,0.0,0.0
888403abe6a58b79bcc257eb8d3e64989793e9488369d41c346d762fc51737d0,1,0.0,0.0
46fbff753f832badfe239ff4a61151d50c154dcba3f4815f34959102675e68de,1,1.0,1.0
cc57263591b5e9d030b2bd0d531655af5f86fa2c1986f67fdba77f1f633b9cf2,1,0.0,0.0
0c7e9fe64a638d9d3ec18a7163f6781bfb2fb0a6998816448885f4162c6ecb12,2,1.0,0.0
ad5f98f083032f81b4e2def520a2dea7a0229b89c891b77a924ff9bc649b5de8,1,1.0,1.0
cfc7927217556bd7807c1ac11ace6cd3767c1506101a09da6a9d603c2151c76c,2,1.0,0.0
091091e44d240e851e79e4f532639a5b7fb0dca165e225c82b1a4603882db572,1,0.6,1.0
12024b9813a374f79b8f3e19b429c122a029b69fc15fa8eb5f99ffdc1b0e7c9a,2,1.0,0.0
fa90b392d90f2778b8baa666bbae322c9fc4d75e771730846460127b70e86067,1,0.0,0.0
a31349efbceb3635487bc9d968fbfee4e0d5394e1aba5323f3c65a31d5b50fa9,2,1.0,1.0
6b3f9efaa0da799ba06adb822ca07985f1b044dc591fb59bd8aaab67c0737555,2,0.0,0.0
caefac6a7ae581d2a108bcf2ff71bdcac79f310a6cc3dab1e8730746dee68f95,2,0.0,0.0
e63971bbb342a441659e38f23e76e77e955a148303b8ebb1536387a6a3d8fa1e,1,0.0,0.0
6118c9b5537a0dda6a60eef84e3240b303931cc9ad0cd44d006c44efe75fb46e,2,0.0,1.0
26e67c35222ec1265f56cfb7c892473255ed5b1b0f0e678792de3d097c591a89,2,0.0,0.0
02eba5cf269120d36f3a6af24465671cd60b9be69267f567635cf207660092ad,2,0.0,0.0
3305995764f139fcc8763397e38a4c67d636d1f3e2fb9f0d563dfb7896beb0a8,2,0.0,0.0
c3925637e16fc2a197958f28c0e0c70d2b1563466894e1af34921cc6d2c12e51,1,0.0,0.0
adb0195ef223dff2c2861c11cdf6cfdf0894f640eafc56bb82d84cdd85a409ff,2,0.0,0.0
d1b45ff39c0613cbd9651200339d82a5a6e65a79c8c1acab3c415284efea6c54,2,1.0,1.0
96c7c52ad2531f7e16e6375a5fc017c4876fb06721c67a79c3dc91366dba74ee,1,0.0,0.0
aa7cb5ed350b55baae70502d50c26933a5bfbc0dedf6de92de877c59cb854a13,2,1.0,1.0
b3ad6d3fa9e632927847673a9f2bda2ecd5b847e2c101fa42271a5af1de5fb68,2,0.0,0.0
2ef3a823461e2b123bc5e0b7eb1e839e864f59ddd22643bd53d4d1b93c688c59,2,0.0,0.0
b5472d55ba8adc155ef70c39e325045101a16e43bd80256e3342a9b4cfaa777a,2,1.0,0.0
8e809d366fa55a833ccc3c943bac5bae55776457571b258874a4599f57de9fa3,2,0.0,0.0
bd77bee2f4f93b443c565b87d539665d15c79f8ea7ac47d073c927bc43b36044,1,1.0,1.0
a672e3cff10863c5bb81517bd5059e50f8d1da2b50dd78a047a04f200cb501f4,2,0.0,0.0
3550d966aa7f3901eaa91e153a79f94c9747835d05888b81141be62c932460bf,2,1.0,1.0
36745fa771fde1b85edebdb37a800ba2e774ebf00a67242bd80fde467793d7f9,2,0.0,1.0
167401651ab0236db536a9fd48995dbaf9d8a4f69a25560ebee432773becc279,2,1.0,1.6
74237aeca1d35518bbe3dc4472eedad734e6273686f10e7498edb8b206704c7b,2,0.0,0.0
95cec6acce8251a92bd1f3ea8cd241eacc8bb63e7ae19143cc0905f15fea22ea,2,0.0,0.0
dfaa2d544b1738741d590f9eefc1f91704fd14227bbfbee5ccc6ba4be89f2b85,1,1.0,1.0
41028d04f491b49ec6dba65dc8d0a9981e7567889c7b6261c02be6f98dd7388b,2,0.0,0.0
ec9a3a2f9a2d70865bcd757262e133933c8255fabca70fe88b9658575ff0e908,2,0.9,0.9
fcc78437ac84af4886a18855f9e7fb61dd37451fefea69641addc12379c137a6,1,0.0,0.0
8a15f4e909987634f7ddd28eff1b3c4221def1a9bbb68d290273cb178fa34332,2,1.0,1.0
ffe7288494cffe8eb6524b8f215db600fc183a909177df21ea22b43a83114890,1,1.0,1.0
008158c64f53cb0e7a50cc1b83ef61a8b3638109152530573dab565f5862f7f2,1,0.0,0.0
92e7e5d78967cd43180d0d065bc24e42e462dd767dad0e5118c1aac3b421819a,2,0.0,0.0
20d285eb7edce1f0cc095a5906ad32e281521e5d464e36e78d2aaa9d770b07cf,2,0.0,0.0
5d6a372e78417c72b3a2278638e9a231972f6b7eefb2626c4b53731cf36590cb,2,0.0,1.0
20a7cd5e10064d7b0d3cb20c0592b77ca370f3dea58eed9011199075b25564ec,2,1.0,1.0
d08763c8fbde3f716536a91d23bf0f4717bf4c51e97e62d3611aca40bedd5561,1,0.0,0.0
3b2770b3781d28b272a8d6be0ae5b191fc6d082d0c438b198fcbed5e121fd7ff,2,0.0,0.0
42fb123220574ea0eda91bd83a2c715254a7b3a64ca1c030bdef672699dd47c7,2,0.0,0.0
3413abe0d0d34e47906ac813739541e6a854df5b6fc52d49d197fcf537f7c638,2,1.0,2.0
a3f1e722d2cc8ac7eb0b733ad80d3fe40903293f49fa9c6d56d30e6c7707f169,1,1.0,0.0
9abd45b75e90d7d16716f421c54effce1b16c40707a5b313658698b2061092b6,2,1.0,1.0
d8b44aea2070a29837a5e9a499c2203573be813a1a3de0ccc17f5ba20befafcf,1,0.0,0.0
9aeb65d3958fbc48aecb40af1db0081e5ba4d005cc391e64abffaaea34c2c76b,2,0.0,0.0
2480f692a4367ae678d2fa2cea7be128a17609a235733483536dc50a72662a65,1,0.0,0.0
e7e2b986c851a0e0a420f21b0dd4a8f0df2b277b979264fb6960ca6c8f8a0a9c,2,1.3,1.3
fdae95dd6ddcaec937b69a6cd4d036b067f4c38e3f5ef70287bfbfb3612af4a8,1,1.0,1.0
176cf0e418fdee378b43c19324316457b9a3bc451481048b7bab7783e704bf23,2,0.0,1.0
effcb88b18f7880944f36e014d370af1f585ae5a571402fc8387b18114bdbd42,1,0.0,0.0
3c7be31ceee636e2714bdf6be9f4bf784260039381935377d3a9a8256402a639,2,0.0,0.0
ec1042c3cfa4739a72232dc4b1293a191998d2ad5d73c34c0e3ff7a969e8f018,2,1.0,0.0
ec4dc80c88b92ecdd36f677ff4ea8f5ba092d65e74a0561feae70355c731b6c8,2,0.0,0.0
430597263cdab6e2414301665dcfb5bae849750a17e8d8313ba7e6de6969acf5,1,1.0,1.0
976f9a76afb21c3cec180df05b8c9dc212d6130a302e09b9fee568b404f59177,2,0.0,0.0
1c4ccce20521bb8eb3929a6a9a84e093268e1fd8e48660d246e4bd17d7aab664,2,1.0,1.0
0fdc4e1e624f7107641631e5c1568460dbbe19959bad4088ac39a8953193ad77,2,0.8999999999999999,0.8999999999999999
3fe54c948a198f27518fc76a5fe9b0b2f2ad6c44d4d3dc6b87c5fd6edde5f31b,2,0.0,0.0
5b3233b5235ed08d7cd72930e408d827b356516662a6170b713ea094aed2c0af,2,1.0,1.0
b8d7be483b4fbc022ed17ad8f124785d9120e2135903c354ab132469a96ef54e,2,1.0,1.0
1af8779a16eece3b9b86cb555bd5ca040dd8f4c7ba732de2d38978da6afd1f25,2,0.0,0.0
b7992a3a8569626e169243ef2b66c0927e592daefa9cf2f545783a1a3196b13d,1,0.0,0.0
1228829a60b83ca0df9c6cfa8c03684ead0c25021150a0bd173f2512d8e10071,2,1.0,1.0
c72582a1bac849259ca148da579cdc2864618fa6884062ca7036b2787ee66dad,2,0.0,0.0
c0a7ecfc4aed14a729300b1a85135835280d8c3bf766df69b10dff8877337e13,2,1.0,2.0
26c85c6fc6386e7125b6e53f56f2567fe7a49bd1b052fd5c152ab5da967cbfec,2,0.0,0.0
b8cd0a36001071b002e35cf711f77a80bf5c32088209a22a3bc7d42c0433c2fe,1,0.0,0.0
53fde379166385eac51ae30f46f71894e7cd80e91ff0bfd4fb531e6cb9e82687,1,1.0,1.0
038fe0e39d5384800d89eacb07eebcf8702c75d478200d4a5ded7c424093fc03,1,0.0,0.0
60244d2b096369f1297365f785f7e1ee2b6c114a4e37b656201a785c44c660b8,1,0.3,0.3
7fff69ba82a53829f3cce3381574719f239a6c1a23908ce094c25f0531def604,2,1.0,1.0
ce82d80a22e915826d2e21e14205cf3d81557d062880d4dac9257bbdf7f26046,2,1.0,1.0
9e93911aa68cc3b32443205f4132c9a6e222783a70905c239bf19931e43cc5d3,1,0.0,0.0
52f15d43a920c7c45e55643a7bd552d9cff55486c7ccd29614ee1ec27a8b9582,2,0.0,1.0
e74893f0def0db044d150612e0116e3c094f0b21c0fe7f30bf82f061b58d5c70,1,0.0,0.0
7a5134d3151cf3fc3a4aa1051228f72d279d72cb8bb72fdb080a5c1a88d3166d,1,0.0,0.0
47901372ba3671fe58bede6b31f459f29d5a61dcb21a6b877c6f6a344409c799,1,0.0,0.0
aca25b31bcd2f7a85018e8f1fac65db0c79f1d22f2262ff74a15d6d43d2703ac,2,0.0,1.0
b0911906be737504b9b4b3c7e745a37f5dbaa28b7d46dcf8d7856bc9da5c4213,2,0.0,0.0
c2bf39fccdcd71359cba4ee0f783c6eedb00120608600dd97d160d0c3a2ab75b,1,0.0,0.0
7c38b5652ab8165b89d438e6d5fb9f7275cb09be77593aca4db3ee626219fd78,2,0.0,0.0
80cfddceee4020c30ae292c450442130d9549b58517b6bca21257501dbb99599,2,0.0,0.9
f82eafdb70e6c65f902fca2f187f602ddae09f902e8a2c19a8bfe4999b009581,2,1.0,1.0
49e70a3e2cdcd24d884013e9afebc30273fdae03be80e81cefe32bf7a21b82c3,1,0.0,0.0
312147a1bd939b7ab190c393d76b37256fee8f214b23c8a6b0f129af76028add,2,0.0,0.0
a0d401c73dea0ac0e1d7ab19311509146ebe62e8f52706f6ee9ac2b15ced9109,2,0.0,0.0
555d688a4f935f6eb143b2657b378cca4243979be637d0d098f512cd1962fb46,2,1.0,0.0
a41df4bc9a35cb5d52d5899762ea66f4c63af7cced4e9acb2dae29ac27896bff,2,0.0,0.0
f4b65c590dc97f8d25112629d330f2cee50ee11a5237d064f02ecb7a7a1c4084,2,0.0,0.0
96028324de0c4264563ba2bc6492e9d4ff3b025a3766eea734a79c6a02e802a1,2,0.0,0.0
467db2dcd534b701e7a63992ef540ae4a9e477d10a17fbe2e92aca34c5872dc4,2,0.0,0.0
8cc695dc8b50c2d3cee1d3716caaf912c9e2e66a8c1330fff9d7eece04e3feba,1,0.0,0.0
f703a5ce6bbf7c1aa1dd11fda26a7a30323913d404d771d51deba387c840c5f6,2,0.0,1.0
c7dbae4b8cdd663a2b2e7a44cf073b930787f871c899d68f2b7e6eb4e105829d,2,0.0,0.0
8809a2e201dba24301e351735fbe0cd8ea0f4f3eaf6d511f2390924da55040b4,1,1.0,0.6
44cc5b49934695ece79d440011d1c090406e8b368381cb9917fcdaca7a3a9bc8,1,0.0,0.0
01d262293fb568c84a7b0211477be9ab68be162242a1b517b7e27dca7a2a0958,1,0.0,0.0
d433fe6b6717beb3f82c3b447045da29ab0bc09b822fb1783ef1609dc121e543,1,0.0,0.0
61114fa9e2dce2a87a2e33961a755521c5e079c073f0edd773c12eec2f8f3987,2,0.0,0.0
21cef3173138731f260110a6715ec199fd6b6c22f1da3209c9fa37a95fe1ce81,1,0.0,0.0
779f04b332e22e1d7b418d076efc822b8399c9283aae642d529acb9fa75b9a6d,2,0.0,0.0
c4f318fa1f1b625a708ffdda153415fbf6e803373ae1dd7e825c3bf74d89567e,2,0.0,0.0
3042a77dcf51e41316c2b20ab3773dee4486b2af1a1efab2e06d43e363514624,1,1.0,1.0
77eb052e1f8945fb4795bde0bf1765bb3bc7f7ff8d8e19471c5daf31e83beceb,1,0.0,0.0
739357d8f6d08d95657b19e459e34366368bc39d99710256dd75f659dbf6f2ad,1,1.0,0.0
317d449967851e380c1789f40ae8639f782c11327c44f5d6c62b1337b8ef6b17,2,0.0,1.0
b528e9602e947975a4ca92d2ef590ca11326177d076e53914aea3198eaac8c83,2,0.0,0.0
e11cf01d33d77afd58e3cc0fcfb991a0c02ec5f23da2af2678daa969f3a40460,2,0.0,0.0
861f21f4d23ce9f3aaf94476507a543d30de4311d8e1f2830bcaa8c18790fc19,1,0.0,0.0
399e48a9976448009efa9afcbc363ec8602fc54856947d255501813c5d5c1bfd,1,0.0,0.0
2493e1b066c0a354923082df6017e7e411c4d26947b087547c4ee40b83768eda,1,0.0,0.0
43bdc9cd9e3d11fd878d6353ffeacf15f819a9e2b5295d36d609d2655e73c8e3,2,1.0,0.0
9cca3060ba5cd30714e91d0170a31d4471ffc35217c80b456855b0718522b710,1,0.0,0.0
2363e48a9ae5f74a95b4080378d90d2faad9e8c8673f67423b93665465013a58,1,0.0,0.0
9ca7d2332d5462b8cf0f95b62c46ebfd2020c5861cf5eb5e429b2e0574aa58c3,1,0.0,0.0
9d682f3ab768854626fed628da5110544487c1b01f91307574bba10eb7557ad9,1,0.0,0.0
fe97231f224086187a4f627b3a050b3d32a9232d3e68f587865414ca381ed82d,2,0.0,0.0
86460fbbee3f518672d24a7ec9006562a7d09d7f09544d1bcc86d0cf2d2733a5,1,0.0,0.0
a55fac5f2e2fdd3a84f3e4e7298ac627162b39dea0c5d3b0fc5de85ec9655552,2,0.0,0.0
59ec22da1f37ca152a92b310df1682becb472fef6af77cd5adf1cc600a0f5324,2,0.0,0.3
d857267fb8a39f300cfb35bac53cbad948e203523c1adfb4aa9e2ec97b7cb6b5,1,1.0,1.0
1c674e996faa3d978c45efb42d5d9064be4d88b7d01d73019a3ac0b46ada295c,2,0.0,2.0
7682ecb35207b0f27222d12f8ed09ada9109211571531301fc0adf302fd530fc,2,0.6,0.6
da146e13affe8b01fa9e10848e30f47298079345fd34d748f4238620706e54f2,1,0.0,0.0
25889faec9e525bea328d97aff079d1ee161344f16d978cedc37dd98ef51a458,1,0.3,0.3
03a7f5d09267a8266f54504a907cb293dc52bbe20667413dde745f3015d196e2,1,0.0,0.0
f332be569cd030af88b9a805f21327cfc49dd9d7fcfe02716ea6c60e8ea981fb,1,0.0,1.0
529eec532d93c4e17cfc6cd751d769ffd8a5afba78bda62cdaaecc31dc6b7b25,1,0.0,0.0
adec55ae7da5c2e5cf28d42d4da415b9c092d443f9b61fb864db5a1306998e58,2,1.0,0.3
1d11bc21c0b531d76dd7b8016cb205e7fb747e3b98eb61a950c36b313d6c298e,2,0.0,0.0
b4ae7f140dca94ed4ddc13cfa633d920f245610acda7bfef108b075a28951b18,2,0.0,0.0
f46efd411562a72b2949cff05aff8695b1fdd00cdbae20fa44947834b3d55718,2,0.0,0.0
b5669c1585bbc1243e0df6bd067ded575876d1b32a9dad152c01af8dfd8aa70b,1,0.0,0.0
3188aaab39000875a25b2641224473ce2eb7c7908c84dcc6ce654c614e6fd2ef,1,1.0,1.0
7024486c1c06a284276e45888a985ae30ec1d87fd5bec6dc9cef0759dd3ea063,2,0.0,0.0
9ffaf6ed40af90284b82bcec780b3bd5b7f1c906d030a937f5862b09487a6f0d,1,0.0,0.0
7f603feb27a52ed80f606d0018e500659b3789ce2beb2949148d056ecc5526e1,1,0.0,0.0
17973fbd0ea2c4c9f442238a1a9d545f9e5790564905ad799fd27473b4fff925,1,0.0,0.0
5abc1ae1dc49d03cdf4f351b5d4f79c62afaa95ab771f434401a0459415495f1,2,1.3,1.0
0d2ebdd80530d4d33d51a62401a6b03d077b72659558e306ba7521abd8c80f5d,2,0.0,0.0
ba9c35e1852b0f176f604567d8904382c8b969f26b4ab15b387028ca9ba47aa8,1,0.0,0.0
200a44b8c6b28777c6ebd790cc8e4c4f12c802ff7ba2bc43097892cce5fb431a,2,0.0,0.0
60f3849669d1daf22d2e7ec8399854e6d3399ef1c8357a30a778e1ac8d7dac36,2,1.0,1.0
9f1b374e400e1cb9a0fe71fedf26b5b4f220dc0afd95ffb7e6605a742209babc,1,0.0,0.0
d39aa62aa50475cedd2b739ebf87e1d7a4f270e13bd238c5dd670c1544d25736,2,1.0,1.0
db4117b173be50be3a039999477a1255b90f9464603571767d7fa5d07dadf6ad,1,0.0,0.3
9100045fd17bdc4511a890b3822f16c59c1282096f6b9741df49238f9649b797,1,0.0,0.0
16fc3c89bf8ff28946186b23c5962d29f7b2ea3ab1883e04c013debf689b8cff,2,0.0,1.0
2b6190799e2ae463ab35d362ffd70fbf09111cd7c16a703243691da365bcca4d,2,1.0,1.0
e9f3502930a5d9167def6e256452b58a34bf077f3aa018f23e150cff4e6801a1,1,0.0,0.0
3025ce4fe7883c9c9763dc2820d70319b8e4b3b40ad7fdd3548be34736a490b6,2,0.0,0.0
a545612ff74749538890d33e44a168074c15828155a4fba81ec02653d847d989,1,0.0,0.0
68cd94793bc45aa7403cddf70321879ded87d693d486816ecdfee842e908b140,2,1.0,1.0
7020d7cab97a78aa9726f90c3b9b0190a916135f7dd7714ff0a64543cba134f8,1,0.0,0.0
12560ada9c0b41dd24b19e72e509d55f2f0c5a1ab0de66c80dace58d8298cd4e,1,1.0,1.0
81838c71ab2c24898ce14b9e42ed43a127b209fb9a3a43e54ddf8db165fc1bb1,1,0.0,0.0
167c17c808428ced22cba3c74dee7fbc0d59fb38182d0e11c56801ccf4e990bd,2,0.0,0.0
e775a8027c5e6317ad28c344ef41caa6597f00edebdae10783fd800199ec57f8,1,0.0,0.0
112aa0b999b88e8bb8e9a31be84fb5c7b3c75b261bfc7abd6241c5cc3708b87c,2,0.0,0.9
fda789339c5a65fc5781a53f49d65f90d927ec31cc16d2f08c697bab571d97b8,2,1.0,1.0
d6ecbd9414053c5b0e322eb3ba67ac1696a2eb8c0d9f5771e6fcac8ef62686b0,2,0.0,1.0
7cb75f65fd450e8301246eab7e025ac2aa41e58e9618c6d4c366a8990ea81f01,1,0.0,0.0
bef1ead6aaaad47eb322a8f50bd9f9d5ffc73ebc99ae9680c3643346536f99bb,2,1.0,1.0
087bda77c990647eda34f594d0aa98dd6016eacc2c45982fc7e01976c82ab4bb,2,0.0,0.0
fa521eb6674cf70e6e4cd517c78fa1f936ef2bc6d966f71b3915d8eb2cdf01ce,1,0.0,0.0
7480e23b7ac08da9f4663d5dbdb6d87bb8c2fe13b4f76e8f7a2ccd1769466b8a,2,0.3,1.0
646f59e8ca0be7f7deebd9fe73c6b8c0b176f7a709b59e0e8e0d1ef38fa364fa,1,1.0,1.0
ee3a20511743523d8fe272afb301e39636f183568619a7d5f93cdf2490ff11fa,2,0.0,0.0
0fea834f0464e3cc94d57ea5cbc5eb43b65f5176b6fb8f09670dee39de39492e,1,0.0,0.0
0d83e56f786dee17344f365d7112ead14a00775f1fcf86e161c2f3687de42604,2,0.0,1.3
6f7de2f3f500554b94b0b0a144bc84c452aaa497e7d3ecddd9848686b752bdb7,1,0.0,0.0
d461d377e5e68965c5e0665831f1da683fdac48a68a0b725f143e09a43e34220,2,1.0,1.0
f21dce12c12a18aba591e7aea103105a900aee72b1987e016abe78612cc51e62,2,0.0,0.0
9357d3426e79d6a54f0284b2f03b31f38f092ab742fd6e52c442802d452cc994,1,1.0,1.0
2652d36bf734c230bacbeaa5c6390201a254c3c5f9b1aa18b1adaf4e87b30c2e,2,1.0,1.0
b3a59a426ff139167ff07370ac2326715f5f54360a7e8e4a5c977c4d3d8a6f9a,1,0.0,0.0
e81303391708a7d02752ccbb9f548fc84c30c7c19f26eed6408cd751e863ec23,1,0.0,0.6
4e071e8296d8b38ba1e22727e9ce550e95bbb5350c37f4129b3a64bb935c21d9,2,1.0,1.0
714db2d4389ca9afffb407b347faa406b82bab157e2013f1f39efbc8f39dae5e,1,0.0,0.0
2ef9e83afebc08ba632aa2a5dcc8db236bddd34d97710e8f0c992aec060bd45f,2,0.9,0.9
b7d823ac165f57b9927748c2ea5b51cdf67cd9befbfd75c192ad3dd366f29e2b,1,1.0,1.0
7f81e9979045f7299bfb14f388fb6ac4c202a028ecabb5da24dff088299183fa,2,0.0,0.0
1ba8b40d192eea328fb1926ac8d07adc2930a11bdf068329df54491aa2ca4033,1,0.0,0.0
a3bc68d1966c6e2f319b1cd5d6834b01f5bbc9b4b4dea58bf4d2abd2f9c60704,1,1.0,0.0
eae4a86aa8d7a54d1116233fb2467b4aabda312415f2f542c19f28fff6c6acd6,2,0.0,0.0
4d7eb776d2c09c611bb62f47ba145e8772a537da7a6f9d7db70b3ff1722c7fe2,2,0.0,0.0
8516b89d3711fd8c286c3c261ff194cd886ce94bbb81826b506a2c8798a89e8e,2,1.0,1.0
90f9178b01cd326dbfbe1b5f3a3cf405ce97e162436eaab3d5131a56647daa2a,1,0.0,0.0
99d71a12e09c63a05693b88c87583129b18bb1b90195b04fc1534ab04363d249,2,0.3,0.0
ddfaf8ea5451e87a3da3ed9413c949c2df09fd44c0435b4355c0a5218b5c4a30,2,0.0,0.0
f2521d520057e3c7cf03b49fff292f947770c2c8a9997201f75f42c685eb2e6c,1,0.0,0.0
ea84bd377b73e09757bd37f7ae4b4da9643345858973a8c68a03b4a069ac6258,1,0.0,0.0
0f8343e787c38685e797f62fe5f3f152a81ae064d9973450937fd5a6507481c7,1,0.0,1.0
6a54374e97749122c82fe207ec70f16ae30f9906072570cd207d163f252cc6fe,1,0.0,0.0
2823244cde0fece3fda28bd611dbb39a8e5434e7516eff54762c82088ac6532d,2,0.0,0.0
6f6611880555976ec3bb3f9ecf98a101dbe7fe94e0154b9b1c31c95be5793665,2,1.0,1.0
bb2937766fecba0273b595c7bdfdc796ec3a74fb4906103596794105c12a2db8,2,0.0,0.0
e93c0d31005d9a6d0610d546658738f99601563785fffcdb8eae812ad7851415,1,0.0,0.0
d40af7c0d1903b21e6fbfce839d3710a498189cb738cf588d62713e5731b35c4,1,0.0,0.0
ed0a82e46e6bd7e5f401b6dfbcb2e77a8144266acc956030d2a5e874b836c667,1,0.0,0.0
89bf7fb89dd428fda91d65f314ff59b4d4b634f9be6d068c98ab849a9dc614d4,2,2.0,1.0
3b4bef75a2b3a8a44da765d72d6ec57a581b511becea3ebb154e25e2cdbb78dd,2,0.0,0.0
a92b685e56fb890b427dbbdddd9a34f7864df30230fa66624b01016b29173da9,1,0.0,0.0
e800868b24471f1837e1d6ed22a3accf1e49f2fa8bbf6a6b22d8ff2617c5c35f,1,0.0,0.0
6b34e608b17bbd5336f88b4e0b59bbfa8f1f219c09c946b7219a185a97ba3542,1,0.0,0.0
43e523c1c333e7105c3fd2834e8b3c982f98c6304793ad468e61f7fcd8ce3e38,2,0.0,0.0
b3af54325268e13b8ae11aae0657d8831500455d8a19e4f7dbf23a1fbd6fa0f1,1,0.0,0.0
5b0fbe4b19d636bd9d48689aca3a59c1a6849b62485938296581a6166b3d8b9b,2,0.3,0.3
81fe6a5a7cac9af75a6e0a632d16663cf95b05ea8d57023a57699067d3aea064,1,1.0,1.0
23513eb3ac489fc7305498f705f983ad3f60edc5035fa68f8aa65c691ed87c78,1,1.0,1.0
b93b2ec2a22519d99b0298d7e3566f180f405f6c69e9b4554cd649b82c7f43f2,2,1.0,1.0
dc77e5aeab272750d0ac3ebd89f1441304255feeeeb8f51c89c6e2a2dffdda34,2,0.0,0.0
ef0a83df36c1723c6d1f873e6452b792f29a4afbf19edc1d4579934953615872,2,1.0,1.0
c6f481044f88d1c1555a5b48464a43be6047e87f6c6405843930c4482763b090,1,0.0,0.0
c15f2006599cbac759ed497aa3cb00b0a47b0dd62af1cc229f945adc201a02be,2,0.0,0.0
467e3c69bb01a588bdbf5f9a8fbf381b67a0b4ec8efb3d7a56de720972daf5f4,1,1.0,1.0
269ad8bb163c82edd5407454334bc87ce7a7e866c21cd2ca8a995a8e955ec7a7,1,0.0,0.0
d0f1e4863a6a28ad81d18101ee4b43efb1566d83c82958c43715978ee7a4866b,2,0.0,0.0
52b040b607052f2741a0c6bb6164b7b39078c3a308c045c0e27d90f1633f0c46,2,0.0,0.0
9e75d0c8408c5fe1820a5338bf05eb03d647754efa44a837b9e6754f84b4b265,1,0.0,0.0
01b29b501d27426de057f39cce26c871917e872b951e087c19134d7dc990741a,2,0.0,0.0
af32a7f599b109e5ec9ef17aa31763d182e4bf941bdbe0978e46d057af5455f2,1,0.0,0.0
0e282270a26a652ef2baccd0e73a1b9e5f3c8d8840abad07d76fee9a3a0e76ae,1,1.0,1.0
ce031d2794ce245ccd4c7c7c0cd61b46d8c7b38fd4692e5cac3ad959d43bea09,2,0.0,0.0
b4bdd1a79f74d5302e60c1ccd8937656fd1fc2ff389577e6c9f8e77e5c391c80,1,0.0,0.0
0b968e64a2c34887ca2cd6dd59f763ac5d95dbbf56cbab598c5a499684f60687,1,0.0,0.0
ab5e9b908c25bb2dd85d98ab2548055c334d647ab4fa0792e0af14161df98ea1,2,0.0,0.0
25a2d874f112e5f64f8cb4c6ad6065095c34abeaf98b49ffe8380c4b45b39bc3,2,0.0,0.0
c78eed59bb039848dbf33af1f2118587a7ac0f30811896c026c78700b1e4bffd,1,0.0,0.0
8152d59d0d0cceb2670f439ef90c39a7cb7fc854beb543ea8b5eabab634a6bfa,1,0.0,0.0
59a27aa33940d5327396c7f5802ef51f4c15d66fc3bbc25d27c3b1d81e02dfac,2,0.0,1.0
8f407d57dde949ef797640e96bc551e5885b915a4b3acf5c9b987f2d8663ef81,1,0.0,0.0
2c63afe26674fb801157737708c2b563190a42ca42db9970e7c98625c9518a52,1,0.0,0.0
414d7f44f526d544bdc0fac3bb72a7eef57332c037f901c6c87600c07dd6de46,2,0.0,0.0
4c32630768f490297c91d0370f82fc1290948104b5abda210e4a738b7880911b,1,0.0,0.0
dad8be7bfd886e6c47a69da204b48ad9966e64b4fc06efb1c2488ed70cd9906f,1,0.0,0.0
eadb1b9085f272afd5541f2df094e78b1aeb75d9fdc773db7e04323b8d78b262,1,1.0,1.0
6cff0af9183f653cdd8920f60e3d57c70c95ca554399945c4d067e1db783ddfa,1,0.0,0.0
8c9863b78ea84522ee815722fa2538cb1cbab3d33b011e4fea788582c04f2775,2,0.0,0.0
249ecf0cae658a89be6f99b71192f9e9a28d40ce3d5124962b9b0b1b409e78c3,2,0.0,1.0
3ef083a43806e41e56d2de17cef1675956d32d778bf21a4fcf724a6a596682d7,2,1.6,1.0
b16e37bb3899cba23d080d70d604625c755bee5c2263979be90c134fd2fa1f93,2,0.0,0.0
80a09982fc2d6ada3c67bd11c7b59a80309c139073ead6db6d406e12c905b814,2,0.0,1.0
bc46f77e571603157f47132d72ff24cebd6a2b9ba84ced00e2f51b40b1b80a9b,1,0.3,0.3
c87f2ef8df4c0e2caba0a3e6be004366679b2f912733cb7ebb7b244c0964ad48,1,0.0,0.0
2129e2b25815116a6c33967135d374bd01db41767b31d0d31b9f27f62367c056,2,0.0,1.3
f61e491123324544c215525cac19216c656dcffd6941da596cd305322f53adf3,2,0.0,0.0
39d6b4ee0dca2a8485044f37838c1195b0f9745c3c28ec89199d10ae3b6f60dd,1,1.0,1.0
a73eb67737295eb30b8c6f4682e6484716977684062534fea3e742cba212d4d5,2,1.0,1.0
74f608c2704c377923c520f139a15ef648e5fc94841edbe1e989e1730504278e,1,0.0,0.0
aea380696cab560ce7bc40af1b6180c1a950d145886b09d6ace6d2c3d4c53cd8,2,0.0,0.0
04158583aee76b9e38699dcd58d36663fd98303b49d30ffecbfadede94ebc51a,2,1.0,1.0
049a4f1b6ff7fc9246d24aeeb8d898c3cee26f0600879c6ce95185cd40d1e286,1,0.0,0.0
2573034754f22d2c99ed02b8d0632d8e8144da283d477c14c49ab4ef153553f9,2,1.9,0.9
fc8fbc65b71c44379e6de9703d31fc7067d0320a69594ed7065ab13196194ead,1,0.0,0.0
b3e2f89311e501970cac1601a957c4084a9257c2ecab1b52c26cf383a9ae521e,2,0.0,0.0
eb07e7b712e19fe9a84a33661a37f140a7017f0d22444afee43e220fc04f4967,1,0.0,0.0
079e265e863cbe94c89589c7399eab4faf20517975ed076a6bac4a0d021bf95c,1,0.0,0.0
fb1c9a437043167f217001ee865fd5e8f7b0b915890336e27cf16bd5c223c039,2,0.0,1.0
bab05e761585b3b7a4bc717ab3b9f135b4c9d7358b9505edd0123fdce99b14e9,1,0.0,0.0
3e10b39d6ec0291683e6bca073e9a97d31c8adfa6de09cda4390c80f3987f9a0,2,0.0,0.0
3b6d326593e58353635636cfa5c75e83eecce1e9b6d28edbe19c8defd1072d3e,1,0.0,0.0
5a92bdd071c62fef5014967309e8b602c72d2b38f6e8dc875bf838af01405b5a,1,0.0,0.0
657d9390d2ed4c317798a9ead027ac502bf811f25804eca9d812dafed040fa52,1,0.0,0.0
ee91f2182046139e7eee567be58297e270e33999428c7ce058673d2f966a1099,2,1.0,1.0
e05af8522766ddc17e27fc8333d8619666c963dc9d0c5ffb5bf50c2cff5e513d,2,1.0,1.0
3b28ceca2e21692844eaae9fda5699d61b55ea0d5d611c0a3e622ad15a1de45b,1,0.0,0.0
b613e569ef505051b7ef3f545976c49f08c3dcac4818fae91e744cd49252b6b2,2,0.0,0.0
a1fe345f16fc0dddc8d05f66be75d628df0e55685bc0cc588c25d088ed330580,2,0.0,0.0
a33927bae9d708603d69e4800222c5a61d671d1408b267636383c9e56740af9c,2,0.0,1.0
a75dbe6ec9593ee56c51efc5f8b4f90b4b1a6a2da18edf160606a1aae5d871d6,2,1.0,1.0
36cfcdde395dd56a0f0bb2e0503eaf219e93b5d320953dedf5aa5603c3294d9c,1,0.0,0.0
a018a45cd629ed8ea02e3ebd13f0be0c594cd039e114d64ce91b85254a9ff44e,1,0.6,0.6
7fee02e5026c603c9e326f95c87f82d06ac05209de219dc1f4d2ddd38317fbb3,2,0.0,0.0
7b699f238e99d69993cf5700dfc093afba512ad408acc0e72fc078b979989278,1,0.0,0.0
dc433e07356603490347c8bb958be0040ddeb2f59a326f79054bb363f8967e79,1,0.0,0.0
999975cdb7f4f7fc4c9c0ad7889568b73dee6878ba07adf7673031f4a627af15,2,1.0,1.0
339cb800fa2491f747ae65d2fbcae83592d7262bcf5ea024ea0c7a6e0c745e4c,1,0.0,0.0
26f81ff2e5e56008330394be7da8e7c7754b64d6b056b710c31cc8ea872f4fb4,1,0.9,0.9
d548d7cd4e9b9bb14a6f614033d8af63b4200e834de8611f051398499baf1231,1,0.0,0.0
27ca7649b333d7e269f3dc4f5d6e7f4142d276c74a341c8fb52801cd66dfbce3,2,1.0,0.0
4543133f8c52cd0eb8842f2246b54c37c8b132fbff17165aa86296ec9573258f,2,0.0,0.0
efeb4485e0350c807b31ae17d5265387591ca9678cdb1e928e22cd3407e28025,2,0.0,0.0
2e8b2da73da8c4c34966cb88a419d56d413bbac1d6392ef99d276b201a1713f6,1,0.0,0.0
f4e64fb34ef135641dccf9954ea9ee3191b68b9f7f298086695a7346637a2d9f,2,0.0,0.0
1704c620d65f447fca09784913e0c3c6d6429f594be97b8e20cbfda7d1d86167,2,0.0,0.0
cc2ec5ecc87f524ce213eed4fd07d8b6bc27848e792faa6674d91a68e57391d6,1,0.0,0.0
67aa4905e4304e5fdc6702a49260610705d82b7a2ceb498dbfb13ec5391304af,1,0.0,0.0
e4c7cff0dd9040e8c98aa675b6353d3169f5da540191c3f787bb620de4adf00b,2,0.0,0.0
73ea150f8b9ddd04a55e3726c5d8dd7b4bbdd81b42bd20d4554f0677740ec514,1,0.0,0.0
2d4c6fc102a072c3ac7f6000169b865e3383fd3226b71aa4aab2c945ebb7082d,2,0.0,0.0
7e4dba697e78716dc6a7cb9d502a9aab4c6fde6383cd0114cb243af7eb1a113e,2,0.0,1.0
3d6159f892b7df43670fa80f48f7c06237f76eb4825144edf810166e6921a408,2,0.0,0.0
db2f43842c8819302b316223b3de9bcbc4be95d92c0c4b9b05e1acb6ad878b62,2,1.0,1.0
5d3173ff755582b7eb7d63d7f5d3746c0aaa61dd628bbbccc4d2cb08399e93bb,2,1.0,1.0
6d29fa63f2753200ce43e9293928e21e60a24beb602fa214d3af214801102ac2,2,1.0,1.0
47ac9db99ab26befc7fecdc444f1c481033a21f8e02655bc11c70dc2ba9e32b0,2,0.0,0.0
d11efe0187de4b4345422310de2c0e6e8adc8407afd62c974017c77aa60f9c86,1,0.3,0.3
de6a2eec656f2198fea0235a84a42fd34075bc4cdfdcb99414859a9e765074f9,2,0.0,0.0
534ac02f5f7e9a56c01c1dac427604118282d2585e1043545fff47df7d278c93,1,1.0,1.0
ec2d3aadb3913d3c88d991af526315f7f2692cac987237e31a09cc504a546182,2,0.3,0.3
944c6325b744fba930f71edfc4b00c7f2786cab5b995e1b9d05e120f3dd43c16,1,0.9,0.9
d872ac9d8bf8500ea2b793fa5fe568df2e9dc3fe04944c3b846fdd7b70575b7d,2,0.0,0.0
62ad5de45dab407578d68b8ef0317128d19f25ff91c31c944fb57dbf298bbcc2,2,0.0,1.0
22e103167688e8416160758a07b54d73c79ead8232216a117626b9086000a3f5,1,0.0,0.0
4b869c60e2b3fd8da2bf58234158db26db71745e45ca4f267b0580a6a1a200bd,2,0.0,0.0
48ba33930d4d424a0d7ae6d6e687d330143ace636b77ace47fbb03512ba1cac1,2,0.0,0.9
0382f67914f96375ed3bb6df4991140460b22ad7f0b0de94fb78d83beffac85f,2,0.0,0.0
cd33838dff864af1d5f37d45ee96b8c873845573c1ec436afd81be285c21b20e,2,0.0,0.0
e3826a3d47bdddca4ed1a8b7b31d5adf5aca5643b2c146632b062c8a294e8dbe,2,0.0,0.0
2f99739070721df7ee9f4664279354a58fb3a52555f0b4f46ee6948828dc202c,2,0.0,0.0
5e82362f095b1336e996675e58a226bcbd3807818924b122d5315d744f7a5320,2,0.0,0.0
26980d41e898db4b8dc3ec5d2a331ef4b6d7ba6d8db9f4212f16a4551f3fcc04,2,0.0,0.0
d3dac7038ac3cf8a2e09b23be22418d237cd91aa2b207bdb7574d1ad79cd6184,1,1.0,1.0
7169fc7d2b2a7f14dbd1d926ca33374bb61992f1d6123fb38f97614498dfd14b,2,0.0,0.0
ea3935024bb56b7965384b64a52d22ba9380c27b7c54ecc3c3a57c7682665544,2,0.0,0.0
cfe5ac2f65d8150a476fb651ae9723c3f4c02e379b030bd0c5bd1c5ceb48b569,1,0.0,0.0
ad46b679a90c805b589575557e021fe91ed1429a105f7ed2bcde43bb3dc1ca4a,1,0.0,0.0
a5ccc66565a4b3cc58472b57cd9866cb1ea55530443e10a2fe8e6b816cce3e8a,2,1.0,1.0
84b067d4c5f0fecd09749adb60d2d834911c91aec9080e0be1009a9034f264e5,1,0.0,0.0
c5cc461de392b332897a48ead32dbf1342cf72a5a8211463f7dc2ded482baf1f,2,0.0,1.0
e7f30e7c9514bf377844f81f7e4d1c76f12111575d06a268a8774245e6eb68c6,2,0.0,0.0
0819fdb71b568fc02fbd08adb70e83011e0d931fd2c79ead5411e812d6575fe4,2,0.0,1.0
c736cd34fa38b885f74a701278d576d936ba621b362dbaebb7398fbb011cd6dd,1,1.0,1.0
04c7f842e7e4406d2d8c0362ffc66bea511fc62cfb579524fe0d14d186c21ea6,2,0.9,0.0
2a59684c73fcf5379ec0437a197d7bc5bac98998213feec720c55a6c033ca8c2,2,0.0,0.0
dbee239849eb96a6b644f80a966064ea865097db591f8da33f62759a0e1a4e13,2,0.0,1.0
9577aa4d90c8cae0672210b2b4294062a08c513e9fa464631071d5c12e1df297,2,0.0,0.0
8979f542fe9e3215c94346c227c1c88ef38334ffdecf6a52c3e2bafedffb8819,2,0.0,0.0
452d06dc79887e5794738b6bb78f05e767049baf24d243b499ae96896beaf3b8,1,0.0,0.3
8199a163d6f6d082362d094f761cf8428925ae0682bbb562245e1769523e08db,2,0.0,0.0
79822ff40acd34656cce3c46f223bdf0aa90187c6998674ecdef979522d70371,2,0.6,0.6
1c18600457ad19ba810b4d27aef8bb9f43187f02ccb1b98181602d89d9639b31,2,1.0,1.0
316e16d09cfb856f90b5d0f7948c300e7e198d5c5bd2b7e2241d9a563da14d60,2,0.0,0.0
98ffe3ec4ce8f17fe076655457c69ca37eecee63a17972ccee270e28c3f5e4e0,2,1.0,1.0
27866cbe63b87e36829311161779f486db08e8e46ccb650bff0b5728cd47726d,2,1.0,1.0
ef50a71984f766f85cf89cc0b509c0b3d9728467a1d6cc8e3983bc71f9bbd1ed,2,0.0,0.0
81597b7903dbd8aaeadc1e0fcbf61379555592fe670be1e3ee58086ccd3039bc,2,0.0,0.0
24d82fed7fc1662e8f3530a43ec54e544f70eed5f715514ee331e3246c2180a2,1,0.0,0.0
75572e0c907e2a54c8bf47f77abd25986bf569236c2f4daf2833bf7010db9474,1,0.0,0.0
e3079cfd3b89b9523ff1682e10271d921a6c11f4b4dd01ccd1e01f4eb086113e,2,0.0,0.0
1ecaefd486020bd7909104731225189ffe382fa52b30f9eee265b37dfff9324f,1,0.0,0.0
bedcc45b15beedff7017027a6e7072365d6393f3fa4b12687f5d8f3962183d9f,1,0.0,0.0
1b2faf4ced3c3cda7cc7174e681ea180f5eb24371780547c949bdd2214aacc2a,2,0.0,0.0
ba2378c685e6d92d9a003cb5ebf673d6ffc4cd581e6ec542096b16fee812dcba,1,0.0,0.0
308925fc7e025aa945d6d16dfa7eae97285d4a9f2dc32407a795fc4db9d1c42c,1,0.0,0.0
cc5f4e8aa6cdf94048afe8c68922eaa51a277046d856aeff4e802ba668cb9f69,1,0.0,0.0
aac5c093c91ad925d463a9c3d6c9644a8b2668a133dc15752e2f7882328b66dd,1,0.0,0.0
4964ac4165d6d7d623473ec1509939894d0e3e6800e264b750606291759f9d13,2,0.0,0.0
79b7178d0e27e6c122586278b66b86c2914280722e75666b02504235ecaaadf1,1,0.0,0.0
269b57803f46977655bef064acc74a04c04a2b1203b761731b76d74ce2d63a98,2,1.0,1.0
95f3114864d2fd01c49c2e0694b40a98f54b998a99a256845e6302aabe19694e,1,0.0,0.0
85331bd6b5daffec8d5a02b9b60e5f4af57f51ae1fb136b77e76f9a520786483,2,0.0,0.0
5a54f31cdde0ee6e7057609a78c80c05c6677ccbdd9a64fa79676c36e0f7e8ae,2,0.0,0.0
72247b6611b00f25dccc67c8446b83d09ad7c2b8fff08eee0c10f98af5fa19f4,2,1.0,1.0
64b2c1dbf0de5ca05c2b8a953d659f99bd57b4bbac75fcc489012108d4e132bc,2,0.0,0.0
109f9611a2a07bc67135aef943411bdce0f7c7b0e0ab1e9c72a87c6701219b7e,2,1.0,1.0
ae8c7603979272fcede8910f43e44a4263fda2502183d4c1e65a49b338397da5,2,1.0,1.0
d4c22a5203c8018c051b01f3cec51b1a618e34130a0d66379fc898b635215d3d,2,0.0,0.0
7a76e3c7ba4d8a629e9cb4dedb0fd20e1eadbabfb88b9e635f0ca7c28846e812,1,0.0,1.0
989e4359822eae83e0887d0bc7eaa7d3051ec7a72d305564ebf347eb3bbf03ae,2,2.0,2.0
f2befe6cb4d482987efec034c5bf67ec8f8586f77649404f8c6036ae227eed21,2,0.0,0.0
ae9fcab72608e0263abd1478fe475d3492e3a50cca3eae018ba3275623c3aecc,2,0.0,0.0
0f02410c335fef7aee6d4fdefee16ad125eacf9f8c5f1ccd4aa0d299fdf0324c,1,1.0,0.0
94cc3cdeb80298cf30d368213c1120e64dcd41249436a071582d26eae14b0985,2,0.0,0.0
f2a380eb179fd74523309333bbc8c2bd1d41f8c715224aba96fa8d83678593ee,1,0.0,0.6
746691046664bfb65b96e93b25687b0cf27eb2b2e9f433f7e31a096466687e55,2,2.0,1.0
3c78ce79604db958b7a07371b0849e7389307e92ace93094d68cf504113c614d,2,0.0,0.0
e283814a631dc3b2d6d5f05be2e4d2e85bf77e7f639bae5b13f655e98e51973a,2,0.9,0.9
f06e1f3ca17261397b6e0e31714377513225e4293783f4197ed67406949c2b20,2,0.0,0.0
330da989e600bac750785bbd959c3a0ab9a1d3568564ce7bae3a106b15ce2f63,2,0.0,1.0
1b7d851970d473eb8ace32bbd62828aad61fb472901ab269c4bf91849c7ad17f,1,0.0,0.0
e66de22920aa2d22aca3a1c9f4ca9fb65718ad04ede941c8c516de96aceed959,1,0.0,0.0
2a0090305cc24e925f6d6307b5ba24a19009528f87c4be19f524f1eb6f59be52,2,0.0,0.0
c208df69f88bbf37f6b9677f8b4360162e290e37ea8f7c68f437a046fa9a4f75,1,0.0,0.0
0481e042e2cde4e5ff4d6a601929885f4861c0751fcc2f5edbd01b8de3552c7c,1,0.0,1.0
2b9ce06678b09f0069a8ba601b2fa3e3d66698633819d2ff44ddf0466ee4b81e,1,0.0,0.0
28b3781b61fd8fcb0d59b6365a98b02cde53ffb3a2b360e43175fe2c1475d862,1,0.0,0.0
10103fdeaaa497a9393bf033e607d307ac360f7937ec11458f2ee5db51f8b289,2,0.0,0.0
3b2a1393a645e857a193d23c93489a2f6ad7db3f22a51ce854a52fca0f5fc827,2,1.0,1.0
1af69f1126d868e87f187aeabb03e948f86d06fe4755677f6e4f4c930134ace2,2,0.0,1.0
fb7160c177e00fb828f94ba20bbffd5495fc5ac82b1958fc4d3edf62a20a8903,1,0.0,0.0
d49b95fc6fea9e7798c3b17c7962c71643e7542d930ce14e1d541ee6d824859a,2,1.0,1.0
5932648a7c2a087277d6b3c299f2bc9caed1c4c8c323d3881277e35035ba2ae5,2,0.0,1.0
bbab5ad886c0cbd59515c448fa5d79c622dc96942d2f9a746eae4f3cacbb6b7f,2,0.0,0.0
824db0f27e7ec70f6d3ab41a66fb9b471e7192b3974536d7268ba1040c84192e,2,1.0,1.0
21dae0202edd3312f20616e1f3aea66e95b38239958ca2565986efce4a4d24ef,1,0.0,0.0
329605eca312a32175098de0b9273685197680e25ebaf8888acf2fb20008b366,2,0.0,0.0
04293d8a790b39ea5710d8a07259de83c9c3fb80a4bd882b06f598c61fdb74ae,1,0.0,1.0
089d8977d8cdc196548f5a08b98aab5a2ce52398f10491f7de32efe3e9d8913e,1,0.0,0.0
9346dcf53bb486ed276340b7328e6daf2566df6c6bab58c0241c6344d76a1555,2,1.0,2.0
52057a421121a78dc80cedfea185392207081891fd06ad0fda81738245f65571,2,0.3,0.3
0cac7ed71ae309c1517d645f7fc8a36ba78ea22ba139ff05f2dc979cb11dd626,2,0.0,0.0
bee73dea933462ee1f33f6e4915b167a1100264c0394947cb90dffbeccfdeb9c,2,0.0,0.0
75f50c9ba98ed813b5b0c59c606c88a6081e1bdbd82e0ebe1151f4f4428f5a62,2,1.0,1.2
196bf4d5e82367acfbdadb97407b84306f3f1b752f782504db6a6858f10ed6cf,2,0.3,0.0
5686650d5d477a914ee510641d596548933df1a8874ac10dfe66700d37318d16,2,0.0,0.0
1bf093c6c4e31a2f53bddea24aa6099a99e6943826dd4778c2698653300682b3,1,0.0,0.0
0c24c5e9ac7148f9a722809d378707df4b839a00d3d85be1615d433ddde5a562,2,0.0,0.0
825a35b8129609711b776df6aaef6d93ec4ddc07b20538c716668f0a1518bcbc,2,0.0,1.0
0eec69f11525ebb6aaca238f7ca5ec953eb1f9de762ceb69231e6d55a5eec06a,2,0.0,0.0
456adf3dc3377c97a04fe1835d19be5a8bf6e6745f3a21aace96c8d188bfc19e,2,1.0,1.0
9580b595be761f84ce41c2f5344f5707394409135cbd3eb2355cbb82194bf731,1,0.0,0.0
1ecc9c96d4460c6dbbeaf3893c1781feb5ee9c0a24cdcdf777423641b0c0ceed,1,0.0,1.0
39f4cc1c15dbf175d0de9041fe4ea4fa1397e5280f190ac71b4a5bf0d957412e,2,0.0,0.0
caec0695bdd573ac735af859ff0574d25edba26403e4287aa90cb387a9de23f1,2,0.0,0.0
49af495b298e2534ab28433c0e16e9101c7f916bfef7e653428a76eb4824f886,2,0.0,0.0
65d74119a27c8728c0b0a1d902576a975211f84647fe767d15adabd3952f2424,2,1.0,2.0
7c85220b3c5dcde11173296052d96025af1baa825fc266a0fc0364413b5403f5,2,0.0,0.0
37c5ccd4f2ab0d0521154aa2aea7d08f8c9eb9425fa99c60deceea738c64c9d9,1,0.0,0.0
34d2d106b105109f48541c821c6fd0405dd7bb9aef5ef1250d701f90c82a37c5,2,0.0,0.0
f509dbf8b11e35cf4929ce307b9148de6c57868e168a48c568717f7d30fb8fba,2,0.0,0.0
9171b0f7857d16f5594d6bb8a6a693695dd7fb46a7b7cea20466de6ab8053d6a,2,2.0,2.0
6948b1b6987d1500f3176aea3bca8807306b51aa433b6f7ad2f40a4014c04340,2,0.0,0.9
1639f489c7965c2f6f4d54a0863b86c87ef97648de05a113f5eb968897feded6,2,0.0,0.0
f5d516d723dba5917d9e7a16ef545c224870753ecdf5db50c1478cbe54aa9622,2,1.0,1.0
f7768b23b3c2d1fb2bf150ac90c7a1c4ba2820f5076c33f775b0211753a3f858,1,0.0,0.0
6e255763f49b185ab8ad3ce4592002fa366e8800f906144963a578b9663f4f95,1,0.0,0.0
b23ff87402b47cb4049500ca7dac67f8584dfee069ed0349e255ef791baf484b,2,0.0,0.0
3d5b0033794ea6476d1b9f2825d60949ba3f55b77fbbf39be71f373dfa08beaf,2,0.0,0.0
d89bb84865f91020e8ce3c1229451fb7f3ea5528ef1e4f488663b582f6bd9be7,1,0.0,0.0
712098af8cc0f50d032ddbc17e7b1094b4cf899c03d623512190befe5d3bcc7a,2,0.0,0.0
9b0f686eb919c36ef349620401b19c5eabc7dd6bd7b661a66d7f1cbbdfebd788,2,0.0,0.3
21604321741d4f4da468403b93a9a2ceac13cef69d100d935eeacece789d39f1,1,0.0,0.0
34e043a198353194dd4b7c5802e68c8c715427828e6115ebc11769415eced97f,2,0.0,1.0
c9fc110187c0c58b9f456294ba548ff2e1e2a8ed77e4f43658bdbe2c132e52d6,1,0.0,1.0
0876f97cf874e738766369247208fc22b94f922b2e27ea66a474dab98aa9af7c,2,0.0,0.0
daacd938c27ce81b84626c00014be3e933e040e03b89af42207a37739e84f191,1,0.0,0.0
d785928e4c6eddcdc30a09eafc9a58e200b24834805c9e87d9e2866750750d88,1,0.0,0.0
9e092137989ea538258133be01b6b4092094013725ef1d98dcd133728c66b747,1,0.0,0.0
afe7fd586e75f9235fc68f42d3c6292ab85f230635f0432de1c2e15d07626ca3,2,1.0,1.0
151bedeb07d6733d8cdd45310d7acb9e89c7169d0df81b318e8f69a105668718,1,0.0,0.0
225ff76c542d9f49474f60dfeb316e3ca31828b44b3ebaee52dcb3eeec984c30,2,0.9,0.9
4afcba86db87486be5ca2387c42abe01c8fd28114cf7439a89d45aec1d9097c1,1,0.0,0.0
6290a4f8f75c439c56628894f1dd9f44ac4c59cc1f107e2217bd9d4777d87177,2,1.0,1.0
62ad0e50ad5c4ac6b29629d0875a2b16cf1a4ec568381b7bf990e91417d6c28f,2,0.0,0.0
1e286a3ffbba326fd5769bd249a9f0b2988066326c80dd2863f3263a78523ae5,2,1.0,1.0
9080ae6fc82a05bef1dc23ea0fe6a384a76d8e427616d9ceb5781a5ec54373ca,2,0.0,0.0
31e75f1141cc58df8fb8318ee16d110a27ea63afe4d489db47d5681c36122f1d,2,0.0,0.0
414522d13572e9d8c1e556092a9c61990ae2a8636ab535da53ac2258293b5539,2,1.0,1.0
824b49ac8675a5df309601daa6ba6963d34d98407ca0bc496168cd90caa7dced,2,0.0,0.0
1c10609c4b18fe0d4f29ff40a7c2b2df5cd9ac449f78170d310dfb1615d68f20,2,0.0,0.0
af682e5d5eca2ff9c3172d04643fdcbad8a514307d678a304ab3ebc87ec55ea0,2,1.0,0.0
b0b8c30f84f464fc25c350030ee295b87975a534a94e18264598af9566f7e912,1,0.0,0.0
ac1806052d8615d4c7ad8da3ffca52236dd32fdc2a6c1986da3c2e440a5c7106,2,0.9,0.9
a31a80b86aacbc02586a601c96404046828963966eab5a73a7634faa07e147cd,1,0.0,0.0
7c556d94b05efc868a957e8e04c526a3e25a4404f86d8333d8f8cc695cad12bc,1,0.0,0.0
9bce6deae8ad920f09717d1569aa136c29362b76b28d1f2e8a6ff07aa07adccb,2,1.0,2.0
b0db9afd2de30e351ae9377188a5d5359d3bb1cf3d9c908d2657abedbdc47f0d,2,2.0,2.0
6171d1ac9185a72d76e147fedc5bc7240861e25b7034d920eb7dad939ff2dc0c,2,1.0,0.0
7e129ee0efe7d1d0177429d0a670efed267994afc030e5fae026e128c2e3e233,2,1.0,1.0
3e5d1fe56824e7996134be3d7f81f2c90778bcc83d1426a42a9e50d0b01526d9,2,1.0,1.0
7abd767e85af04d82a9aca7ef920b4e2c416e25f9968433fca4e8e59ffd476c0,2,1.0,0.3
beaeeca36884ecc97498e42c6b3dab3877646d05026d935880b74c8a40c6dfb2,2,0.0,1.0
545ffc4ea4f31f4bb582c49e85a93da4dd007aefb1d595883ea8eb7efef29501,1,0.0,0.0
4b78c45b26d3b4f323b8551981e9bf686f0b23fab9bcbb2c69ec895c0b8e2c07,2,0.0,0.0
afa936fbb6f5406afaf3188b6fb55af8fa1891d72a1e65612cb9c7989b80b140,2,0.3,0.0
815ef583159b6923014ee44c56079938aec587aa88a09e84a4c20be1a9b4f6b2,2,0.0,0.0
b436e43d80a429771295a2555a8c6e4f7bba83b4044f5d9edd759a1a2fc12518,1,0.0,0.0
40ba2a2d6264578d1c5555400b54abf887d2e03dc0f07d78e956eec1eb530eed,2,0.0,1.0
cd50da79e950f4e04af2af45cf3ec4ad7b3bf8ddbc83ebc961e1e4d57acc613b,2,0.0,0.0
052a10769267f58baa370540561bf9f03109d47416473a5a783c5d45979f2f2d,2,1.0,1.0
ee330af74fd87d8330336550b6ae7e0e2dfa8bcbe3a819b5d133478ae620d8f5,2,0.0,1.0
e03fbe62b2125c6355c51dec552b364d209d2933db864c2d69dc5a55d721265d,1,0.9,0.9
8fb0f7efd2d347d4f0b8134dd91728e312e9fdda62bc8ffe4d271397a4f1310d,2,0.0,1.0
1438b664af30ae05b228b3d9295e92e003b44ef1bc017475b3d9db0d8c9a5424,2,0.3,0.0
1730764bf0ef5ef89909642fbb797086022d1c93062bb410ee1a47ec1874a5ab,2,0.0,0.0
93a570d9026d65776cac9cd366d4f2a0a333251984292b36b6d6334eecb487a7,1,0.0,1.0
4f978d24dfa0bd6e13fd806d6f3221212495179ba69fd5f3926f0f8fca437af2,2,0.0,2.0
3463084c43f13d6111ff293b009ad292c7d7e31fec4225f4419ba1d38231858f,1,0.0,0.0
851a1cedb429a1de5d5b416079060226dead87342b8c9568c62dd16b3695ae5a,2,1.0,1.0
af337c727a68736e8787780c8955335ced8eb02c6fdfc10a446a89ade6915bc6,1,0.0,1.0
5e7694d733f8112d2768910876f33eff8f6c0f4ff43b49bf74024ce6e8150efe,2,0.0,0.0
ae31b01d79c9af3c267f2ec0cf5c656e7c7605ef99322eca9a7fcbddfa6af9e6,2,0.0,1.0
98bda96b96b0be20c3565e694c22d762acf837571cf30ab9a49165cfd3c9281a,2,1.0,2.0
21b899e8c561e17138cc5ff361a25474176e88c06bb23c880e4eb40c0f61250a,2,0.9,0.9
b3dd52b20d8319239a0703d5aac23238f16038fc9f3ec4f2835f3a77e09d398a,1,0.0,0.0
19d5625c338d8fcb8473b896fdc11d3155ad21492ea3dcda039942aa51b6ca64,2,0.0,0.0
bfed44d8a28270e4adac328df98fab60a8042af6bef672b19f605bc2dbe86aff,2,0.0,0.0
7e7d4e72a393df405f89a6f27f4ebf57c8a51f0433860d10143805bd2a53bea4,1,0.0,0.0
5a6b1c057955dc9273915e4d11ff46ff4aa30277df76711e2839ec49b916af1e,1,0.3,0.3
f45095a9dad082e1fb0a464f68e773330f6672f63b941d28b11ec1303a2a8219,1,0.0,0.0
c175a9c4574fbbc2eebc9b19a4f56eecb66a41872ec9fd49f0496d4d2a584db3,1,0.0,0.0
d0de4652f53ccd6f453daab67fc582ee0736e213e096afbe59a8160ca93cd808,2,1.0,1.0
5b1ab4a4418f591892efbfd29588ed9cb8380a441b9b25660418f3480c6bae76,2,0.0,0.0
31f81ba2492276c146fa9f6a93c9dcf0ee0b4790291203add0e25b599a6726da,2,1.0,1.0
f01a14cc7e1b0cfd887b6f3a62403e72dd3b33f96d76178c9cf3f0517165d512,2,0.0,0.0
d98a9dcce0ef8c62e311526ea1206f6f09d529e0bf9b679283a662fbbe1ff120,2,0.0,0.0
d199c16ea4de2b7a68159cecf7a0e84558622b286bdf3080fa363981ce2df6c8,2,1.0,1.0
141d3863479184ea69cf030361eeca7aeb98d2b452e1590bba83838f6f9ae897,2,0.9,0.0
035e84c1d3c8b47dc24ed4e7667051daa7c79ff5df7d4a5cc57cba731e67fd9b,2,1.0,0.0
08824b167d7fdfac3a477ed742ea176d89d2fcf0d50d3fbd021f318e46b0118e,1,1.0,1.0
7d180d6c2d0c0deebc63ba13bac02eb37a3b45c090c5a06a3cb97b2a2a7f7d3c,1,1.0,0.0
da8e63853d0e022a68354f548773ce2d137516b42ad920ad8522daed362f8950,1,0.0,0.0
549474ca56d90f127a606e024e7eda430ce5358f33808cff570d4a0f232fb0b9,1,0.0,0.0
24206154183bc2a5a3b8b46bbbe0bbc3ebb05b2756660d6c5fc737ea417a1982,2,0.6,0.0
842cbb7873fbf54e72c0390df373d0b04db7dbd71355773a1c4867c877efc3dc,1,0.0,0.0
9dfad56ae52e62322b91502bee7314ca416e79edbf4cae15f610f2ce5a54e67e,1,0.0,0.0
1494dbd3139fac40ed32cd25efa2afe17dffbeeb891bfac11b2a13f790bece1d,2,0.3,0.3
c9a704df811746810e16830b2b442a8185ba7b7b417bcb57807e4d446ac13403,2,0.0,0.0
1007ec85946f0cdb431547f12b69f6f5ed34f85f20522254a101feb8e3d4a878,1,0.0,0.0
2d5cd91d57c9ec060f27202c771ce275f00dd4ae277e9d63c2118f2fa706a9f3,2,0.0,0.0
c01abadf2057f2570c8ee80b7052e0851c35878618908971bc3dccabc93f32de,1,0.0,0.9
733774ab94bc3bbe7fab2264d4788758d086dfbecc4e148a54f11e3178fb17e6,1,0.0,0.0
9d272e799f33cf1bc426c729b391e2cd6fb5a907864ac7815353abf9c251a25e,1,0.0,0.0
b1a9a203d046eb92160176326d002c94edeed8fd8c183a588675df47db808eff,2,2.0,0.0
17ca2f3478c8cb3a68bd5d201450b0be2e13ab8cd40a38f06387667e3a68ba4f,1,0.0,0.0
44414199f6ee8b796001c765d97e156e1dbb4e84505dcb80467eff166214c6c7,2,2.0,1.0
a83baa89b16ada858e3e896b1d1ad4ba5879bdf5965856f5aa600aef079dc165,2,0.0,0.0
466bc08f3acd539187717e366a6d3ccdb0d86d779ab1abcf22681874d2415525,1,0.0,0.0
692c1fae1293109318b3b9235cf05dab50d1ab93bd12b881eed68f45a32f0ecb,2,1.0,1.0
fadaa34e61c3c29390f0b028e96ff04cc3232c50e56727393056a752dc8c89ee,2,1.0,1.0
851d936a1fcd23d80c6e1ebf3328d58f736a772bbe6a7a2dde14368994a5db04,1,0.0,0.0
886df51cbd29548148a33697673c90727a17434a523f95c635853d07a0efb8c4,1,0.0,1.0
1fd18b7ab9518c1e8f699d6319ec43a6b06db50706c93d08d381ca599407e9be,2,0.0,0.0
d32bbbad8627356a69855fb537beff71901a72512412317044ebb7cc76ead5c9,2,1.0,1.0
108a8d94ff10592eda738657873a7ceec513e665d206433634b27b9435ef6b92,1,0.3,0.3
c7ecd37f4aac281c395d4c541d8aca897a8a4a12d18c2a4cee7bbcff8855033e,1,0.0,0.0
aaaa316b5fa97f95abce967476067eaed852c1c08545ed20319339dc49fc5065,1,0.0,0.0
e783822c0dabf8d47491eb52161c4a089c5f5d60c3f8d513b6a6a93e3d6d94ac,2,1.0,1.0
8b805de087e4d1f1769d42b53a9ed4370e288902b2784b5b7ff0d5f5b45c3819,2,0.0,0.0
f07608c31dd2f9f20d7093ccf110e6b71b504070afb78ffd7caa1d02ec8e413c,2,0.0,0.0
f4a0cf12e80510348ba44eac640f3ae2c84ec17e71d46246e6bdead19e46f0da,2,0.0,0.0
4b24cc1fd2fc07aea262615e2fac1a602b0e46115ef36e491210427d9696fc14,2,0.0,0.0
dda8300f1eec9d1c6c6a5faddabe7d253a23b7d2e6ed6e6be4270f5192ae4c95,2,1.0,1.0
5294c90301ce8cee35bcc1cc12847a32ca4f9f6c8c3c59777bf631b676547a22,2,0.0,0.0
d2051d8c813af6c79bacf872a89d18a4489dfe74691bc98ee2100dd6092e4fcc,1,0.0,0.0
f55052e532afdc226dcf01e3f003b2381b75f68289cdb19a0d15ca1bc2ecb174,1,0.0,0.0
fed873b6e2103b8f6eff74e1796e89add3627d3c03b9d826ac669e97177822eb,2,0.0,0.0
0b8e5999d0722c61ae6e3b2ff6c1c522a6bf198a10bb05115ee6f8296a393d08,2,0.0,0.6
fc625af1b392fdee1c9b80f8ebcb1fe4c0d1fe7a2a5760bbfaf3d6ef43ed7252,2,0.0,0.0
e502327d1243b5d545439ac010d5c990318a85893bdbd1684ea2e29199f9d8f2,1,0.0,0.0
87785f6b275baa8cd856d2f7a8cdf4b4589a17fb1ae1aedd6eaee92fac3b92f1,2,1.0,1.0
5381877f8a9d64272166b3d3a1a2ec88baf0aa311a07fc68f4775eb4516628f0,1,1.0,1.0
3ec7fc62827d283311398d8a7c3fcbc0bfc59cdde74e4a54377d2c426f72b48b,2,0.0,0.0
fd3c0c79f9954877c99880073d9b05bf10da092598e38ed17a295eeb5c8709ba,2,0.0,0.0
3e3dd4f4482361615995f793a2669214950c989dba5788420976a0f0b1419e9d,2,2.0,0.0
372435749a2d72e432881cd79528abc07a8a373b09eacf3bd15074da718eb691,2,1.0,1.0
3897385e5e1b2d6058f7ef787151c8c0e3ef7396cf50c6ae78bb5f95c51c6f5c,2,1.0,1.0
1909282e22a568f89abc51a0f443d54ee868227fe9498eda0dc341eaa35c6866,2,0.0,0.0
fa1036194ae68f8b5890a043127d42fb286bac823def59a2cd14c08fbf16121d,2,0.3,0.0
8b037d52c7ad61ae9e99d0f76e5e35eb3a55cc4945fadd516a71d7debaec5d60,2,0.0,0.0
54bf9eaddda6b4f5283b119e6a6605819d86a6bcacd3c1e9ee3d045434920359,1,0.0,0.0
33733efd2c216ddfc8ad6f29cdb1f07ac37da5605518f7cffd3cecc7682c3d29,2,0.0,1.0
9c28ad0e151502c336446d5c35d0931e64204e69c31e89fba193b19210124885,2,1.0,1.0
82ba419b6946e01819fdaf08cc981232d218a09a6beebfe40c7b964e1a834cb3,1,1.0,1.0
ba507a808f191b9bbbe858ec3909f3f5a41aab1d7f2d1ca8dfb15d2168b2f1ef,2,2.0,2.0
4fbff0ee98f39bde36e422a09b8d4ff292e37c7fbecc8213038ace86c733d3c2,1,1.0,1.0
77a779da844f3b0b5bb39cdb5e1742ec2e6e4759014e66795af933358d86c2d1,1,0.0,1.0
599bc268eabe25e0de415b8ba617475b47e2f2175df0853123977e6f278c1d9a,1,0.0,0.0
076dc9220850f97197b2e8f2b61b82abe8d0940d3e0cff9803050cb9375e4ee3,2,0.0,0.0
d145cd0e626ae71cf0cb7d2c703d65ff262ddbb9233500eb2689282426c99bac,1,0.0,0.0
4bab117b4bc857f10cb5c0e8da9e6c92f8066aa5780c9c7e4dc14761c53ef164,1,1.0,1.0
7dae9a19e6fdc7290377719241e1a7fccafeb72caaa7f88992815ea375b13f40,2,0.0,0.0
d7c0c509f97bcbee24c77dd2a9336b25b9e7608912bc39b14b7fc7c355478894,2,0.0,0.0
5b1b3490f41e78e7f6142bf88638e59998865c225d4158f488f6fc5d7db9b266,2,0.0,0.0
c83fa634c84002ff6b1dbc0c13d334538aa8dcc8eb0f52ab11e23d64cb3861f3,1,0.0,0.0
b80632e3f6be8a256006f1152a031231d04b9bd8a1934302a952494d5cc82e2b,1,0.0,0.0
50c6d4270756c67ab2775f06e6d5f2ba503a38c04dba786aa9d31ea88f7e1d40,1,0.0,0.0
94c4f2418afe44aad8a1cba245aa7e2795e0057dff94f8c63af8f632d206d5f6,2,0.0,0.9
75203553f8cfdb30dc67fbce39bc4e4ea8e653e55b13905abfbf3944aa6f6269,2,0.3,0.3
e6822afd3596946ab1303d270a3eb7495279062dd100ac6f6ddf0836ee21e830,2,0.0,0.0
6dbd0c5424222631d0ac62df8e2d06ce8d6b839913abb31cf886113bed4def55,1,0.0,0.0
9d01ad5948eb780ae07ec29ad43130720eaec981162a79bdaba3ba818cd7679b,1,0.0,0.0
1d80ebd4465eada0ab443ec7bfe85513a22d8a9786fcc26a240719c270cd78b4,1,0.0,0.0
96386b98364fbbcdf462e2f931daf33c58057e32e09a6f7d650112ed4e6f16c9,1,0.0,0.0
3aa78986f5133757128f65ce6de98b8fb3f5b43da7808ea5d6e7d5e96c6d79d2,2,1.0,1.0
642fb385b46a6b70c47f535f69cef79015244a0ed607adfa54182d5cc93d8de5,1,0.0,0.0
69907b58781f39b5b36105c96a26ea76df25878166978cfc53a9497297f1b050,2,0.0,0.3
ae06907a1933f3f9452afc8ef488062fb389b09f66b1924c42ef54400c82bdea,1,0.0,0.0
eff4888461defb8853627670f9fd6edb7430dda7bf91420575b2523ff68ba315,2,0.0,0.0
351ddda9266c6335a4c20de653a54ba177371a0e4f348627dea378fa284634ec,1,1.0,1.0
0fdc584d746a367410fde53a188fbdffb2ac5dd07d317374d5f13ce1279a9afb,1,1.0,0.0
c7793ebb5d38bbba27c327d412bec74c6c417165b1c457cf31696220d2286041,2,0.0,0.0
79252e9b6739848239b49f2dc763611458ee318c9603c8a970f67a25a7474f61,2,0.0,0.0
784a87a93213911aa7e119f1c687d474e01958b3cccdd3648ca898552c38b696,2,1.0,0.0
be62fc6cb69e41044138deecca81625f9e315108b402cff772a1138fc12baf23,2,0.0,0.0
cc34c2004ed554256d4c95de38cc27477887addf9b435d26d9ab550bc10570e1,1,0.0,0.0
d49ffa2e02ce4e33597bf569f68c809265b912d178e0cff4369e6f2b3d4eeb99,2,0.0,0.0
ed4834788f3afab1d4d1d1646c36102e49ded8d5c419b47b806140762f256749,2,0.0,0.0
91cfab2dbc16fbe0cf628b59c3c2975c076b3fabaf75b5580df9789a756b20c1,2,0.0,0.0
8676ed8d2375722ce066ba819ea546692454710e97226ed11aedb705a816ffd7,2,0.0,0.0
4584abbb767362405d513afb18d06ebef267062fca4443b07fc0d9d8a72fa561,1,0.0,0.0
295d5a7cd0e7c8fcae9eeffa8f4fda1e9b97b3e10c3bebc47b39433f8fd30d9d,2,0.0,0.0
50b40b6cc5f5eb62a8054c89c092d987f2016e8602d73161b3e870c46d2c9f51,1,1.0,0.0
a15e19a51c57ae0453677e0757abb3bbd4feb490ee0c0e381342f339e1745b5d,2,0.0,0.0
aca7939488db1058c7fe34c16859c9de277a716565e46b9630f60083d4255120,2,0.0,0.0
70f30a231876196d1f092962b95c8c0b96c788381598ed77b856eeb2ac9a07d1,2,0.0,0.0
29673c726d24dad27539e158de257f8fecb29ed91132209f0ffd3a7bbd0be14f,2,0.0,0.9
fa13dc6104ecd2280e0780805ae3600822e9173f398cb3661a94e1af996b0761,1,0.0,0.0
a1b04589c8117d22decc82302692f5848d968c447fb59016ae2bd79eb5e88c8a,2,0.0,0.0
093d3d55df52ff8f05b5167c2c3110c5d22a3dc3b83ce0d208947c955ee75a83,2,0.0,0.0
d54b7181efbf460d07df9c362f7dbb6ea427012a3d4017689dc5ba8c8ec5b382,2,1.0,1.0
1b6ff061be4c43aedb2830bc3ddd8a804f543808918e74c3366be0d38e88fbef,2,2.0,2.0
85e44ede8d629a00e1e17857b1d84314f2e16fa118bf21f53fd2ce733e370829,1,0.0,0.0
f4603f974360449b146d7963725ccc729b216e16439533c7278e02ccca6ae5cf,2,1.0,1.0
f7751866febfda8c04207635efaa1ab3f060e774305c58f2b9f32219332b1a05,1,0.0,0.0
7f656497be93dfd3ecfa36ff496ffcb9d06a72e96a91dd742c1e4410a6005b5a,2,0.0,0.0
39c05df01cebcf0db98f7b353064f01230a9345ef40789adef961c76c310fcf8,2,0.0,0.0
e7835c73f59a12fd92b22ad7c636ca1fd9e8c29eccc343c71d57a051b9e87d86,2,0.0,1.0
08d0fc60e287e87ceef4092e3eadf67823a6c09cefd58d50b48a2fad34d19ddb,1,0.0,0.0
7d8d1058598acbc9d8b562d2f1d6a3a00c2b421f1e0c398599e43597a270bfd2,1,0.0,0.3
c765e665a3960194c6ba45a196f01a11bbb1486351f6ebbfac85bc32ddd6bb27,1,1.0,1.0
1e4c3ca30192e55d3e67e516713effa96a72d2a715fc6ce66407ed1655d83368,1,1.0,1.0
0424467c5db1388afe0dd233ba54973a900df9367f2a1a584232515b39897d72,2,0.0,0.0
11404850d1e8c114b2e21af5b0e432ce9f9a984092fdaea856692d72701dba4b,1,0.0,0.0
b6852fdeace9909d3eddb2c8c6a85114fa6acbad79a0bae2e21734d6b291f3ec,1,0.0,0.0
0b86a1a6ba4f921531fddeeb2b06d4d6610aefa16c703ae9832b79785d709c9a,2,0.0,0.0
830f4934063435491ef56cecc94df313ec47f56866d685fb030d96d13ab107d9,1,1.0,1.0
c299243132fd8494abb5d40c5d5a44e63442d4a54593cf23506509257ef1ce86,2,0.0,1.0
abff613b88e11a7a0eeccc15a17c776cd61bebae03c45e474129c373a44cf820,2,0.0,0.0
7b89e96d4089c00fadb878f43f93cfc1e0e8f10cb45e1e98d3907810101fbe34,2,0.0,0.0
fa599dad31969de430347833eb35898659683f446ce41d7547455757c7efc0b6,2,0.0,0.0
09fcbef72c1dccc445edf7a99da4cb9bf845a6a69d02cbe42b01193f47cbd3ab,1,0.9,0.9
f582520c1475cdcb1835c77221e7862ffcfc6ff01da650f074120096178722e9,2,0.0,0.3
686dba76ac754375709c27c906f8d26e67b121711142a129f5ed3810554693b8,1,0.0,0.0
8b29551462f58173d575d30e79f91ed9697223e94b63cf4a3b086e193c2017c5,2,0.0,0.0
da3910a6886fb95d4982b090d650bba7004cd70d77303b166f8004752f0c60d6,2,0.0,0.0
f5b76655240d78a5fb762ea42edc7665bdf41db375160324049d8ad121fd142d,2,2.0,0.6
539903cd281813a6ae9ab3bd8bf3fda72c80d8394a5f37c6b4b4ceb11f9d1b98,1,0.0,0.0
463c429147ad4927b04d8d81bb2f41b3e158b002bc625030998ec198e0ac1f60,1,0.0,0.0
b60319b11542190136f0e5ffebc6b658e065f0a44ca9c54d814bfd2b5c5f3753,2,0.0,0.0
81aee19f74c4a59a190c51bb3ceee448668f0b371faeb88edca57384de821b97,2,0.0,0.0
5b432bd81484b7af6aca783a707258b62c70a20c6913bac9e4c553113fe417ed,1,0.0,0.0
9b1f8e5f979c0f1580ed358b2e6f3c617e79976494200d1973beec2a09240e6c,1,1.0,1.0
fdc85a3faa1b1bf28d9db20ddcde16e51fd4c0357921297c55fd45dcc456c200,1,0.0,0.0
5d60bfe405ee46a3b20ac7ee20ce36968e045a4c626626ca2faf65e4e690d938,1,0.0,0.0
971a754d2d9f286c9c27bfd49cc721c5cfb648fb47137d9fd46021a2d1177f4a,1,0.0,0.0
5dc50d9e6b1d983abb34b38fb44a34f8f468febb0e9852e2079121e90f1add9f,1,1.0,1.0
734e7a88bf92f5a6d745ae340601d3b59bd7497210fb15a8591114a4e017556c,2,0.0,0.0
2cf897899173d99f983b68cc8a16a24a74cf4bd7b7e40e5a294a1dfc65929c0a,2,0.0,1.0
20d2b36f959a3dc220f619afea75ff0b55287af4cd08dfbc6f7e7a87adfe3462,2,1.0,1.0
d18d3da152c7d80e3d2a877de5c568cbb89d93abff793970ab10dbe5b9d2c958,1,0.0,0.0
6ea28b68da45ecac1d53a382f3a6a88bd6054fccb387915ffa089e41de28a541,2,0.0,0.0
068fa3e9e35e98ead150ce6afde7dae4fa94bccaf5825f97764f915e7695d9b3,1,0.0,0.0
2645a2338320d6ee7769b3ba463f37383b571d0be899140606eb7b988af4a2be,1,0.0,0.0
08fc5cc30de57a98e7c5d1a86b9f2561c62fec45a5d12e3267407f0789f40ce3,1,0.0,1.0
2d9bc6430ba31c1d5e6f053f4a744ee9e3d86db094b444d685f019009d47d37a,1,1.0,0.0
376fae01181bffeae0dd8d0aae060ca155b1adb5d8032ee37acdc0c50432a556,1,0.0,0.0
0fdfba3def2ce8bf972252f6756733745dd5717012ba4b107aa5cca1e29d16cc,1,0.0,0.0
c705ff5129d09f57d9179ca9457cdca595abdc2db8e83cb9a0f40ea2ddade0bc,1,0.0,0.0
a78f61e9686605844146c9c2779b611aad628b52597222bfd6156b1f3b9112aa,1,0.0,0.0
910f2fba913f1b543fea65382a0f1f2dbfdab2b9d887cb778a9b6d3ee44aea9b,1,0.0,0.0
3e597410e31476de0175b984cf2fa6317a97331a4c263cec81a086725c14c2ef,1,1.0,1.0
f0b4a9c545da06ad3976c4d450db6e84ac20473d49ef25dc07cde2e01f4d3490,2,0.0,0.0
5ee0c8714c108a0f7f8821a4ec6c147ec298d7d570ce19a6aeca025bb4134a37,1,0.0,0.0
f750564b5656bd52f07636533aef188200a5c010317fe0f9aad0b271b5d7afe2,2,1.6,0.6
0b08d11f90c54f1b37b1e6768ae833d0c78a5056de14fdab7c284ff54d5ce117,2,2.0,1.3
f48c564ef2210ce2094c8f0bddfd939357478fd94851ada01b05116a84c1aef6,1,0.0,0.0
1f73e94b409ebade3e6531f72485efdfd3453d2586e851504ca4be288a19bc12,1,1.0,1.0
2860837aaad47231b84e2978c383e9b180f505457505b80da6647a3c734d4fa8,2,0.0,0.0
abe8b09c634cc5c9ec3ad4b40429627a5af27d6b1ac4ba764968a52df9e783ec,2,1.0,0.0
2f8ea40bb0a12beb93d3515f0c47d35b85ed498c1a9023d75c9fca737c4bc3a8,1,1.0,1.0
3f5beb7db955a58dd721299f095b40f5f789c2ba444669a820d2af360ac96ea2,2,0.0,0.0
998b086583ffa702d5bbcf11e725de59be5d27f6c8ddcab20fa711b81fc875a8,2,0.0,0.0
1553c0d558b9c8a6bcaf43e0e774052dfa33ce4613bbb0d868a3f5ecb758922e,2,2.0,2.0
c12d85512a86b5ee66a4cdea672647266fec5ad727bcb649a44ed364414f821b,1,0.0,0.0
0201f119f8f45420f485f3c7a7d90187b9fbe69a0e1f9885dbb5c3d726495852,2,0.0,0.0
f8e9e61a18d977beac542ec4d112f531bf6bfe7416fa4b7e1478104ac8b93a21,2,2.0,2.0
a1dea99d00ebc1eb21298614b852f5ed8a4e817a397b8609a0885f1e28319751,2,0.0,0.0
7395124b493c1559101df03d1af250dd38469a9f182c394e119128c9f2f48e03,2,0.0,0.3
3cec7712bbc0e88e67c2201db58f8b11fd31787b5f1c1d845bfc1bc6bde6e73c,2,0.0,0.0
70c1a5b32b89d5480c997d5135184f8d3bffd8e47817b8d191fac980c3cec826,2,0.0,0.0
655b7baee4ec4e0153c9ce6f4d38e856975b093ec3cc5c64dd31353f0a2a9765,2,0.0,0.0
b42626669323bbeb5fd84765eaf7a3a069a60a1712a73475582782d438ba6c6f,1,0.0,0.0
bec5f934d0687711e04af641f136030685e8075e62b43a2ad2ca101f7c2eccbe,1,0.0,0.0
e2dd7a4925c5f395647e83802a9a2f64ae4410acf24b8a8048eac728ebfe1283,2,1.0,1.0
0c2aaddfb0acef783111f7ab84764551718db78c5b0a454c3cdd63309d5082d7,1,0.0,0.0
7460145e8a97bfc593e62888de964422e09bc52c9a4b7f3b61572c4da6600f51,2,1.0,1.0
9c60c09c62b299caaebcce76821c240582ab5d089bb29a113859366bfe1852c0,1,0.0,0.0
1c637227aca2f135728295eb25af3f0893044476186096f27e350e6b30bd2372,2,0.0,0.0
3eaa1eccd43ade899f9fca1df9ed3a0b9f5a061c91700c78bc9ccaa668da3afa,1,0.0,1.0
4ac1cec19fad855c802a1c0e37d4d704e7a3a4d4062237477625f4bedd87481a,1,0.0,0.0
1a149d0a32fe889ef8fbca4d5af7ed432a77433873134a47472a4b064ee2cd87,2,0.0,0.0
0f2644eb2a41e203cc1cead2ed64365df7592c44c474b252a79d4b1f0a784c8a,1,0.0,0.0
13f3b0a3013367d101575906fba386612de68e916599e9067fdd5e2f51b57c87,1,0.0,1.0
1989aeb724faf33eb7c1ef1903ea18128e35c9a87ec19b7665e8c060e23e4cea,1,0.0,0.0
0aa4c554f20a82e6d194c2e69b2212c1c631a4612f1ed2484cfda6f14ab89bbd,1,0.0,0.0
ccdabea59c219cc6b23e038f2df7313e8d138eab439a604056e6f7f8a13d1da7,1,0.0,0.0
9f97c8de1a1c86ad22c6beb47a023e5582b55919f46360640c3f892b485764e9,2,1.0,1.6
948af39425e1201cc06c59202d2e3eb3fbe43b7d6c390d56e1d2a651b8a88224,1,1.0,1.0
83c2e2deead0bb7e20019291843852574e6143212f67180f24c9ac491e5cace9,2,0.0,0.0
4ca6d25ed77b6c9d25ce50798b5b0e0472f25456b332f44c20dcd8aadba240ad,2,0.0,0.0
77aad3f301d5cf323163d8188988b7a6c0fb06387043ab464d1bcd623e35c990,1,0.0,0.0
291754338587b848dd6bd828cb8d1b6e2917ff14fa079ae7647009801d4299b6,2,1.0,1.0
51a2961292ea1a458e4249216bf3ef1277f5c020c0c6e3e8315693472560a994,2,0.0,0.0
8cfbba25a561fee418aeb6891abb7400abece2f56e426dc75b0f8612c0d14a6f,2,0.0,0.0
4098294eae8179097b3081d66f4d135249b1e24360b75eaadf376aa4b65a5425,2,1.0,1.0
2503ab333537e9f0e9f6cdf05388db26cc3a82c0e9ca58b1f1631efc72d032e3,2,0.0,1.0
5b277f3fecd887da583e756f85e65522a8bc67cb4f1bf8397a00ce209b266b4f,1,1.0,1.0
ba1326636e65594882096490cff4b08202aa84f98dd7f77816ba6f9ed538656c,1,0.0,0.0
1bb293b5ff15eb95223d7a05dc45a66d9af2db282acb20fc86b8bba2738f8177,2,0.0,0.0
473c51450179762caf5b6e57c2764b9f491d2cfcb71bbc93cdce715ff3b3bf8c,1,0.0,0.0
5034239fd9fac0c5fc338e81198b863b092a949827244f605a80769c91cda14d,2,0.0,0.0
34769086c449f6b7ba71c9c26bca2bfb30aadd6458d10bd4d02da599ce6c612c,2,0.9,0.9
809ee13486bbfa7f275baebdd5d580e3ca2b0db0a1c2b2877d387917dcbb4f04,1,0.0,1.0
8ce9b9318f154dff89aff1d284d25fcf47809a08d5b4b3db2b8286ad900ec865,2,0.0,1.0
7c8781038f9a8d07203790499abf35a60266ab2e888c84ee31b7f219990f48e5,2,0.0,0.9
b88a87f02bfa62be27846396fa783230ec14031560e1c019eaff0738c5e2637c,2,0.0,0.0
1556a2857f0b576397b891425b0dc39decbf0a6e2f9c4510726d5ee67188a841,2,1.9,1.9
753c3f533b9c272aa3cdcdec92f807e1cd3d653648cfc8baa59c8dd8cc94a2ad,2,0.0,0.0
ce73405da512d9619426e2e932dc326c79e50b09954d0d37a893698473146bb5,2,0.0,0.0
3f9b1cffa9e8234780d9e646feb090730e66f682ee9a784f5f1820490012a515,1,0.0,0.0
0ee50e98ca33c65433516464fdd83d198cfa2daa48fc4a6b0ae6825ab2bf3760,1,0.0,0.0
b82049d0777aa5c56d606b13e50772b09cb7108a1d41e3799c8effe814de0431,1,0.0,0.0
ca07689d1b6d375dbfed01e1259dbf3f62221d4271806d599b0eb6035c2742ab,2,0.0,0.0
871e001d403e760a5f7f22ea1a4840ce3719d53a64e1ff9eeab1293d7155cb09,2,0.0,0.0
e91f49959f8c943d95905634a422661f565448595bba04ebda81ecc1cfb5b372,2,0.0,0.0
20af03a17ba450fbeedadd2bc71e175495363e4386a379e0be8b5f8251a2ba1d,2,0.0,0.0
d7ea0e0936b0366ad983c8b4c1ec40972927b6363691725a9f187ed9dd39b507,2,0.0,1.0
902695ad1ead3f0fc8f46c8bd08f476b933eefd9ba0e0d814397e80a504d0975,2,1.0,1.0
5f0fee03617b0b59356339f6979ecc36607a559d07606edefd2b1133d855f688,1,0.0,0.0
f3d3d9b7a9272828bcdc9963aefb5f371a1ca2e0453f01344b12a818b58bc02e,2,0.0,0.0
cc5eead88b8142d10ae15055a41be01e532a16d408a32a84829bfc86267cd34e,2,0.0,0.0
c3932bf08fb38662635176e2ae5d33067bac1473e55ea50a64778f8bbf2bf04d,2,0.0,0.0
eabbc562c12ecc5900d4e974ea98139d58cfc2807cc474f295b3ef7e7a3f1964,1,1.0,1.0
a24ffcd03e0fd8854d906f240ecb8b871050e68913afeb560a891f5cfd9d4b96,2,0.0,0.0
6ebd565cb6d2f488247b83c7cc98a8ef1c2194f77e3a4249a86ff74ece2af5f7,1,0.0,0.0
42dcadeefb68302a6aeab1cff9ce54f7c9eaa2d8099be1b3ca04d71c28bd1a8b,1,0.0,0.0
7a77cafc210a4e1191398365d756bee1851ed80b06c8a0e8404b1d80b8588302,2,0.0,0.0
9b39153daba36322e7b590b139d101f6c5f8d494e0129e576ca60a67f24ef8fd,1,1.0,1.0
0e31a36915a4ce126879dcf1325947fc354942ba6a58741f2fb16b24854b0822,2,0.0,1.0
c7e75c4a116f43b11821dc1771f8f8bd1fe077c06da642d7aff15d6d67c7c5a9,2,0.0,0.0
44f68031255b97a31b276410e30a558318e176d061e80f9ffdb9a1f743ae5ec4,2,0.0,0.0
fade396ba421ae56e57ef46ac68e7bb5d090c0551216beb7200a633f098ba21d,2,0.0,1.0
71594954f2f5b0f82a22c0bf7e47af412a5f9d81a5eb9d9ad77bfced4211e7be,2,1.0,1.0
4240ddb3ddbf3f6668b9c1022495dfbf104c865522edf9ef88323f23f51f9b71,2,0.0,1.0
ad5aefa770a75eaecf7c64b809faab8b9629bb76a08ccf84d62eb99826a609b5,2,1.0,1.0
6b9186abe4f8a4a58205a2177dad379c9a0075bc7628a73e36a12164d363ae26,1,0.0,0.0
7f2946c366956fc82127fef84ffc9c0e28306561658283424061bb0dac3e928a,2,0.0,0.0
d84d5578621030788b3e23fa31d5b0ac42e0840248c8346dc313e2ecc16ee2d7,1,0.0,0.0
bf3f6d6c26d911362f5440cab10aa981b95c030db81031878af214e0d3321b59,1,0.0,0.0
505d39322b7cd193b9e3535ce4a881e40e6e117f43f96a9a9970b7d10fdd17b8,2,0.0,0.0
31688f915fa3db1a43c2ce78c1aca7cda9420aaec35d02f3a6be3e00655b2a58,1,0.0,0.0
ad78f9e4fb76d866d5242aa567c0682722d3d5c3306c02936608c8f923b6d4b6,1,0.0,0.0
9e8fdeb5663c8eeef52953796984cf141de6a50c3b0b55c4f81d410bb690134a,1,0.9,0.9
7ddc6a5a6c9fd0b66c75cd2364fcb5f37f5445e3dac759463310c46ee2469561,1,0.3,0.3
06730d12990c1ce46ce3b5730dc9f7b41a92836085d5fd10728c936b3c54e3bd,1,0.0,0.0
c53e74111a85b7fbeb2d309b8c67c73dc2972d23dc6190249536ee7b42edd6de,2,0.0,0.0
3c4352f1abca78f4b75fb07a90c10d73190aec1ed9e49d34692328bf74e752ec,2,0.0,0.0
e38f0d2d4d417e390ea292da8063e35524fb18c8a83a99351576551df19663e3,2,0.0,0.9
bed006b69c060e12919cbfe944142c6f6caa9919afe222f607d699ea920b1a89,2,0.0,0.0
a9c0e78bc82a8105e289a16216cf16bacb54dc22ceb31e7585579b982946a083,2,0.0,1.0
5be6b06535eb104ef979bcf6e22a3b623d807b03c8c125f7a5723c32b9b91d08,2,0.0,1.0
fd6843d98d3dc18e552da110ed4aaacff7a9eacf19ada82bc551875460bca1aa,2,0.0,1.0
4217f7b8688894f4fe847d5488f9887f66bc6b0bab0c41913adfdb30b6cc7ff8,1,0.0,0.0
57b6928a86382f8e8a349e0a918e6c5a8fcfb96b1a3890522c2d5a360409b995,2,0.0,0.0
0841a2154af68e464bffa2a1872aced99de7b91f5a64f75d88ec07c15c61648b,1,0.0,0.0
0e343df9f32c659bd759ebd3599253e65999cdfd79a4163be6d7cc24b72fb41a,1,0.0,0.0
eabcbd497462bad87f8b4dbba2c9f4752202baaf10ccbef557335badaa8a8ec2,2,0.0,0.0
75ee91b1f0f33c74253b80e26a359b5d733fbb98b423182563ca5828f45a8dcd,1,0.0,0.0
153030413f46423c9feec708dc934e7c4b25f14a1c3511c939e267b9c3dc78b3,2,0.0,0.0
77cb4ab326e493eb326d7f226142b041f7c1e4d295cf1f16db596eba65576578,2,1.0,1.0
29d460e79f93bec39b662b56b445a59fbe15bb2350d7e6c6bd6352216a6c455c,1,0.0,0.0
20ef9671f3045f67bc073167a68a9f8bf73d9d622a7e29d74282e8ff5037cb39,2,0.0,0.0
90912c1b632b4c61b4e76a8db835e10761084916b4021a93eb5c2d8c5059e819,2,0.0,0.0
19bf64b93462946be211310eb1af77ac8a205e989b700001b79baaccb4e379aa,2,0.0,1.0
ec2a4d91754ffb461f56447c430c21f9d493d82b010628bf391603f87a8b4706,1,0.0,0.0
c66f1ef4e08ad60a4ca2e50bbdc36aab54da52ba7610b52f305ae6e76e868389,2,0.0,0.0
cf573f0e6fa7bcb74c33a3469813712b5b1a358560ee26736f1a5a4fe505221a,2,0.0,0.0
dbe01ec4be937143e54624a417c38950d35f79907192c6d5ef8186a99c7f66de,2,0.0,0.0
ad8235e45105342b06630db1a2b899277027f2cf8d4afe5bc51d9d2a70d29bb6,1,0.0,0.0
f978efd1a7f7076544c11957fd0e9db44d1952c557c4bd364f5f4afdfe27394e,2,0.0,1.0
c8d54bdc610d4c164b79959faf2dade34048900cb11e6d211e40807f2fec3308,1,0.0,0.0
93b684700786764a9458d55398c233aca8ddf83d234965b06d8973f6eef3d224,1,0.3,0.0
eedf3234bca09e06e04829d838ab86d9eae2a3499f04727f7fdf2d495967bdbc,2,1.0,1.0
12774a5eaedd37d7d089a717eefd36ec60aeca1f2c9668a642aa5d0f55fb9225,1,1.0,1.0
e55dddab73e9e50aa1f919347821076688879ef4fbd82aa420350d3b85766a37,2,0.0,1.0
dd0b8afd7acaabd9a12ad6fe92f25640ffc7cbffa9e1f259ef602414a920e785,2,1.0,1.0
8f6f84b739e17b971d6a8682ba02af7a9d9f829bba4b5e114f72ee8b8ea0f195,1,0.0,0.0
8135529ee0bc5b1c71056207deb8f152ae81e12948cc53c160dc28541e6bf478,2,2.0,2.0
987df637463296cb81031c58bd7b3f28e0fae040318d75e530b39210e038f208,2,1.0,1.0
07c3d42cbd812e8394002ccb83ccf9ff35239c94305b4326e82c8c035f4f64e1,2,0.0,1.3
824e5b22689cb0ef68f565b013ecc5b238c5d81a734505982be382f0e6a1c00c,2,0.0,0.0
a3b8f624b9a743e475eb21263c45e38cc5e766f369b7dbb01e96d4bf39d47909,2,0.0,0.0
2408915c17bf032085741c1e241f55bc084082fdc2610d870a87656a6b5abea0,1,0.0,0.0
c854a11693d53fe3b4ac3dd96ca5fd7aca4d9df769615ef639726acffb3ec089,2,1.0,1.0
10d06957876ecee578ea1ce277937f15bc62ef03c47d1c3a7e4029b7d0d21430,2,1.6,1.6
69739acd82585769258e8038a10c5f4bbd5f80e47dc93b97cfdf65f922006d2b,1,0.0,0.0
e09301690c1c7a15923c84b3671f0abee18aefcfa17023cdb8e2a2b98f07d101,2,1.0,2.0
6d3cae116db14be88964543557310e7544f79910c9add026493c8f5163a0797b,2,0.0,0.0
390ca7ad1be501000690c2d6943a51e5a5a23d4b29fbfb2c7b54b65cccc92983,2,0.0,0.0
5f1bc45c2faa1d1ad9e2290ee4bd964bd234906bb73387c609079c960d7c42ed,1,0.0,0.0
9a37e00fb11210a93cf3a7b40f5e3ef282a3e40fbe71889fd7c7e59e6ddf22be,2,1.0,1.0
ead676f2db995e323c0e74c0a99586db95ab1905cce831fd3caf1d9374d62f9a,2,0.0,1.0
627fef9058dc2207d7d8d77a6aaa9e04fbfe621c15a058684512a51388fbd1c7,1,1.0,1.0
859da53a42e7f8ecab5b1b1e31109aeefe348f2d9774fcf11e5223d22b5a1774,1,0.0,0.0
2c61cd75c3e4821a62773b84fe6656bd2e69b7ac5c8038bdd5d30a5cbab00486,2,0.3,0.0
ccca739ce4160f1bb13f9e15836d57eebdf2f39079d640cf13e90f494072ad07,2,0.0,0.0
61e68e2d13d4d55006cd3278095a893d9851558c5f36836a33a77f97fe9f4794,2,1.0,1.6
fc93f2224797cd35a00477fa823203e0958a588d75b9b52b283b6f7b6c2bcfba,2,0.0,0.6
1e041331f52960b6f38141718329ce37a26eb903983a73e66b53fc8c2a172f65,2,0.0,0.0
f66849be90c0ce7e44dae8080a2976b8dc6996c41fd79adb045f49cd5374b752,2,1.0,1.0
a0a0c41383dea77a3c16e730aa9e8e660c7ccd4437297ba66180c7a3153db914,1,0.6,0.6
1ff3feb83402fe9c73cef764d8d09f871d3e7e340ee5bc1436bd1fa5ef85e3c5,2,0.0,0.6
d2caeab7b8fb6dde6154f4b0634387f57dfb03bb133f2cdf0f673508ed0cc58a,1,1.0,1.0
00296730e5cdc0a107dc5eff34e3145d830acf73fd099caba3bda97bfa6b40f7,2,0.0,0.0
7c1ac5c9d5470837a73054d153b9f09fde864bc1a8ba9dce3a4879bdd47848c0,1,0.0,0.0
71b98c45cc985f81096cfa17bcaa4c5ab2caa0ec5699ef73527813fe2c8e12f9,1,0.0,0.0
67ea0d794eaa563e371011b87cbb4478e88cbfc7833448c75a42deef36353b2c,1,0.0,0.0
57744cd3a9ffa0881b003f4a55b097c086d4f221c5cbd6ba6c85b01999b50ba0,1,1.0,1.0
afd46fa82b4e70e4e348b7a043aaa1ef19466af98222ca1a95f5dc1caaf2f754,2,1.0,1.0
d243f4ba5eb8b5af8bfa94b1ad0658a91a9a6ad2cf427826acbc4e7bfec9db4f,2,1.0,1.0
194af92d545d5b320d8de79e30880d47b86b0d73c637bff55b82cd5ea3ca6f20,2,1.0,0.0
98ea24dfbc6aa49f814a5965d6f4bb353f947953e88a2fb61a94e2cb783d5625,1,0.0,0.0
a73a6f14de75edb614eee9281378d8c15f2f1da3d5bf4c8632802af9dd051582,1,0.0,0.0
34a0dfaacf66ce433c47e5e7ff800d5f9e6decc7b4354d34c8a2fd5bde214dcb,1,1.0,1.0
401e43acd0c719a2285027ee31a956056dd4602db98b8edbaa8a4771c48a2028,2,0.0,0.0
db0578123a2a3af1f432cd950b54d72f655286d53b478639220c4ba3efd2cb79,1,0.0,0.0
5464c6912d85196167b70252838b34696861a86121702d822cd73f348b79c58b,1,0.0,0.0
3ae4992c062a80aefb80f56059f2129f637cc0ad353dacd117e59d558fa63ab1,1,0.0,0.0
71afaf54c1df43bdd85755e624bb569c0105e2d560742ea59716a0de8269a54a,1,0.0,0.0
a8a280b5b457fa408a36f8b31f63ae3720856dbc84bf0b027377b1fd3e331ec1,2,0.0,0.0
9a637e86e4a00ec71e8152bbdd99ec519248ba7b61cb586eee9bfe7ca620928b,2,0.0,0.0
5ad1c6b57849f4380f9995fe409c975b8a719bd45968b92a9d76acd6a785c3c1,2,0.0,0.0
5b0807fdf00dce6d986285edb6e232096edcbf101c20b99497bad8912323e4a7,1,0.0,0.0
08d3bcbfee7ec92ee169e383381e71468e1dc655d44e29c3c67214e62cb819e7,2,0.0,0.0
ba60028d171fd0c3c63eda49a4f45f84bdbc760aa469c4431e38344e8d34d36a,1,0.0,0.9
143ae372beab40f430ae34a93bcfd269d2c2e4d720e3c0982530379dda31a7fc,2,0.0,0.0
8d33b19072f5ddb23924ad470ac7f1648ca3b55e10ec280745d0fb2c58ef5ec5,1,0.0,1.0
06e7a1b0a518995a090eb3b30237e20c9a2331b19089d852651de6847655ac0f,2,1.0,1.0
f71e58283da83cea4dae83f5e1b18599df4bc0c7c593c34dffcbe046c2e04800,2,0.0,0.0
f341030ed71e7004a63547542eff95d9517d594c6c1252290a87b83932e1bc93,2,0.0,0.0
b6761f82e67a0c0999f52ccdf223d49ecfe19e1bdc3e5f6464af4e4d0ae426c9,2,0.0,0.0
babf788eb5e3a619958d55a5a0c35e74a545b2338bf23421e0aa8101352e3640,2,0.0,0.0
0cfab2429282ae156f16f4ac174b1bdb7ba0dfee76d7cf76414d66eb69ebf1f6,2,0.0,0.0
991e4015cf37def12856a191740b2e7f56c0e94d29d762b6ef93f368a95d3ee1,2,1.0,1.0
799a074be7178805596bfd8679ec9261e0a1c59ae099faa74a2d1381371125d5,2,0.0,1.0
ddeab096d4ae19bd5e92b8eadc573a85dcd581ceaf55308da286455375abfe6a,1,0.0,0.0
261fc9eb72cb943a52cce25a425cb45616c8d7d1b30bfa4084f1de722f9fd82d,1,0.0,0.0
ceea0f7eba954810231f1d664f0d9fe9d89d67c10c42763d5e6bf716d4aaa95f,2,0.0,0.0
2206006c1a5a103cacf5942123f2b65c15e9239e5acf9e0e27b9e4b2f3d1b8e6,2,0.0,0.0
2ec20fb8c454d058323541c7d1ae297c72727b74b540acb375a48c0717796c0b,2,0.0,0.0
c51993e72ad32a5c1eb23248d2337bb5d24a415083bcb2393be706d646872544,1,0.0,0.0
ba516ab0ec1bd688eebad1d8718fc9884716f0ad4e88efdfe063c996c10b308c,2,0.0,0.0
d0aee04ed80f69bf2eac7438d478c6ef933b951c59e74490a6cc87a3d7ea4709,2,0.0,0.0
f677ff4d8295c187d206d87a343a4c39b29744adca49542d338de07aae61aae4,2,0.0,1.0
c062eb4ea21430e943b1b28b1bb3ba813e0dd8600a53ee4653065a73f1b4f98d,1,0.0,0.0
ef463306ecb102c4965229cbe46ab20d4aaa428e8b2514edf528b896cf1983e2,2,0.0,0.0
41906b11e5d31b15ceb428d80dd348e160ecf6b94c39dfa1c454aac4759f9f75,1,0.3,0.3
d62e96bc9afcb209f5875989182837ced8f905eee36cf440084fdeefed5438c8,1,0.0,1.0
23dabbb6c3c74fc1c762085f3625f561f432ec70f8a11dd1a29fd024e586e525,2,0.0,0.0
4f97a8ef22d472037e08b71d22a3928ecb81d91a7d7e99ddf702d4cf297d787a,2,0.0,0.3
3f37c12d3cdc1d75fe0f218b1c1f4f84845656e44efa5ba3718ce982d1717170,2,1.0,0.0
e7de00983d529da73ad4d7387270d525f5126a1c446e807627cb38881d3b270c,2,0.6,0.0
77995e25f99ff814909bdb6e4ae41ccfb72e81c27e22653ce78b0c2b2eb54363,2,1.0,2.0
63fb02a29214aef3a4f04924bec51cec1a3aed44b8a20d70cd65e3b3ed2ae163,2,0.3,0.0
cf5b5dd7cabd48359d49552f521237d74d0841c4fffe300c9f0d4b14db5f6230,1,1.0,1.0
a4137cbff8eac0a4000d3c8416a543b63c58af3aa1d19f3a48856f462ede9df3,1,0.0,0.0
86b7bb3174b14992d8730b8b9e487657d338d80b052185e9b1e065fc02577c8a,2,0.0,0.0
65f77997fcd32117836fa71f16a1cba9cbc307199c10f87c198aa7f9931a797c,2,0.0,0.0
abe21880ebd97637804077f1794c2a9679fb6c04ad5cf9ce8c17f8480d24b251,1,1.0,1.0
30c4a85d45f084835b44cf617d8b8587710903ec81852ec17a3bce9574fda6e5,2,1.0,1.0
d70d038013489e2535eaafa3d0e5074d5fffc90b3105769bd69d3417b5076c93,2,0.0,1.0
f6f4e4e4b929b5353ef4948cd63e76ec66b9f13525ffacd9ba2fc3bb12bbcc4c,2,0.0,1.0
cbb64078a10102cee6f9cfe7ebc3822bc31e769ad7d1e47edb3e35013c8fe4dd,2,0.0,0.0
155b8b593d84f615fe90ca9785dbc7da43aed89b12e7e51d818e19f59040cd20,2,1.0,1.0
3d307cabf69a65ddaceb6d0e328320d10626c7103a57b780a69546c505e165de,2,0.6,0.6
1f2a4b2aecf750d4422b1fe2ef6ad9d167b1d56a6ebd83a724c9de244a9bc43e,1,0.0,0.0
c3d61342eb0bb047d2e7626b0b5b86a826c6a0925b873b7cd5bd8ab61c586baf,2,0.0,1.0
db46050391771c96f44afb8ad472afa1afc1700b6c49051cf779f029ec962f39,2,1.0,1.0
dce489c983dc08f7b30e6b2ba7bd958536de4b16db9a66afba51162d945b756e,2,1.6,1.3
f1220bbc174f01479dc75ceb11615935f4d830be47bb78ee1082481a18f77f5b,2,0.8999999999999999,0.8999999999999999
951fbdd9561fbbbcf9000d015e8b050f9e5f0c66e03d7fb990bfcb17ca54422e,1,0.0,1.0
3e2d1316355ee0a11e0d09f93befa2db5c34a9ab8da35f60dc06ee3dee7df679,2,0.0,0.0
31bfc422a94186b50ae370390a754c45c7ec1975f440bd522ab272fd4e34d750,2,0.0,0.0
865ec0479fd0e004e8e24f5c48b9da551316c8e0a65aeef7562b14d734490d3b,1,0.0,1.0
4a6fd3b985d35a740418705dab86e310295209845da89371efa78ccccf814208,2,0.0,0.0
2e2a2bad0627e55103643af1e2e9ba9cff60578806aa9e85ef035e0b736397ab,2,0.0,0.0
d521e41f7c404d7381127171588d158e7b2b72e19872f97f57a948b3e83eeadf,2,1.0,1.0
744f22c54545671a848f6a070c45f8c54ee365239ad0d7660888800d0644796c,2,0.9,0.9
9c75a29b39aa98a2fce8c0519cb7b366a9e15b7b322d864f0506f6f36e992e3e,2,0.0,0.0
6e1643cea1b649f171682295461e68bde119471ac26de0837b9e37666e658f7b,2,1.0,2.0
c0486683da0965d22132550e8b4b75f77118740179ae306c54ee073588b02d20,1,0.0,0.0
60b3bb3b2cc98a1cb7e19201775a692269a0775b500dd29d44316af85baf121b,2,0.0,0.0
ab1f9b64af16117d114a764ae1d22a92d65dae88e3644ca1d1352660bfaef1e8,2,0.0,1.0
d9e6e464c03ef672010616395f6cdb2d443000292225188fc5530f677f40f41b,1,0.0,0.0
7f24753dabace018016572a2a1216b58b293eaa34ad10f73ba678a32971bd5ab,1,0.0,0.0
a6ae01646be8d9034360d2c0a597d8f0d7af41f3c4af51e81c6f471a65654ab5,2,1.0,1.0
50adefd1ef8f7ab7b49b5bffe278ffef8460e826670bbcc02756e3a5e652c4f0,2,2.0,2.0
a24fa815761d371556323792c7babef07f3eddbcea2b8ce96203aa0dc4849ffb,1,0.0,0.0
64d940b3f7e04f6cad686401895853c64dc4687d507f18c64cf3994d279c4945,1,0.0,0.0
75433601c85016fbf9e3ba3962998d0d8832dd4e4f8f9a28f34c583f63e6488d,2,0.0,1.0
007a08128e442d538069855c8805eb2a868dc090214335a957487b28d6492c1d,1,0.0,0.0
e2e0291ea6978d80d888da0f525e50445fe839061e68e36475bce56e40ccef3b,1,0.0,0.0
d6b9d20c2847e5492dad4c5de136bcca73eb0cddba31e68516ee2239c2eee46e,2,0.0,0.0
e9211f6f161ab130c359f42526ecf2b1dc9efed51ed25541b518dd2cd1424231,1,0.0,0.0
6103e2a9e4730c255453a27ed3ad7fbfed8e4f127c65cae6ecc4cec5229867de,2,1.9,1.9
3b8389b8aaac19144b68069e041b4316327281698448e72b77b34c5cdc5a47a2,2,0.0,0.0
91d192f8acb8377981ecfa3538f09d7157257687f749fccf7ca33304b831e184,1,0.9,0.9
c3e3cd256f68470fbf0bfebf7e1cdba251ed343053718239891bedcaeebfb3af,2,1.0,1.0
0348d0c0a550010e6eb31a30d22293cfb6cd995dba0fe3a37f3c99e434e2fec7,1,0.0,0.0
aec3710401dbed6056a5011580b2f6efe75e13a650375aaf01f6d23aea31272d,2,0.0,0.0
9d2668743d8a83a94e62471b8e75b0f041ff60f639333d8d46fb9ce1678fa654,1,0.0,0.0
f5ee4fa44acfb418ef2aee4776353591a345fa5d44585b1a40df1851aa159722,2,0.0,1.0
f150df5bcdc6cf9af8d0a777a25a97d1b28b1ae021378a18b8eaf2689662cfb1,2,0.0,0.0
cb74d0e21611245eec0c07f79f1cfbaeba3ec471eafdf981f66ad62a53e76eb6,2,0.0,0.0
b7868949242cfc5c5995845c84644bb5fcf9c793b1cdd07801c366b28651e5b0,2,0.0,0.6
f9709e837fc6d2799cb75a4a56c17efae4570a3508306683068a467fdba3cef0,2,1.0,1.0
ed6970a8973b2527914de8e69d5ed75dfbaca5029d12b9b8fb6a1813507b0c0d,2,0.0,0.0
2b967aa287fa9f040dd494f5de7472a48c7453572417977e63d7b985e7bc28e1,2,0.0,0.0
47464a7a4459c28c5e5ca3fa0db819bf6489c8eb875ca1ed5822efc1aef3a488,2,0.0,0.0
f6e38bebf703403b645fa4a1ed7bd025e287cc06ca745a4963dbc5406eb43783,1,0.0,1.0
d0b4c1addd2205f4f81f62c3610029837c22645f8fe1079b92f298ab8c0d433a,2,0.0,0.0
8cfdfe39906a5728720d0b32571f32e606d97a8fd67d0cc96693e1bb4ead6893,1,0.3,0.3
7f423ec422e514621ce5260299bb994396fcb1596df36cff39e506848b1e8413,2,0.0,0.0
6ee1a1f45199ee8400a548cf413ef52ad2aa393c12e91a2440a1906e7419f5dd,1,1.0,1.0
fb5690302a08106dfe4c9dee54d0eaa80ec05b767f5c439816968eed393135b1,2,0.0,0.6
e7e01408880c68bdcb0e5cfd1e8ff9a3749226fad4baad7e843b613b0c36fa0b,1,0.0,0.0
0889dfed45ccaac531ff86a75157d70f3f5a20fd18696ec500f39566187e1741,1,0.0,0.0
b096bcf39bf3ad87a6b450bf4b4b7a4de4abcf5a5420e44de77bc24d116d05e7,2,0.0,0.0
894cb1a4e2553ce290e5e2dc9743e2601d80a099200ced1a057ef75e830382e7,1,0.0,0.0
6de64d9c7ea2a5ddeeee10d68a7ca7181d8e030649aead90dfd0e4def2aaec1d,1,0.0,0.0
0f3910f5c70daa821d5f18c5dad377641d9d3ad3369b8738efd87b83fbf48c1d,1,0.0,0.0
baa84ae2d7d50ea69429300a5bb19002b0feb91cecd390554b405c97147e23a5,2,0.0,0.0
9dcf2e50d7994416a9f643b0fb6f157b23ea0a58ae73acc1de87041f00c1f3fc,1,1.0,1.0
ce903f7c430b0d90b2556c3a7cd46ce1d913bd0e8a40d5b268f0c75107771ddf,1,0.0,0.0
83cdb24203303e4ee044bfc51605ba113def9806bdae40f93cd142ce98a320b2,1,0.0,0.0
25f24cac2b1ebaf4db8b9fd03e2876c0ad9554d49d6e3086f88965a676f70183,2,0.0,0.0
c1b92c4424a61afda5388d8cd2fe18fc2520d7a0eba3108388b2e0f5cc008c75,2,1.0,1.0
0e16896cc99098187840e780dfa691d6fae6cd7279e60c35a64d72c67e0dcf49,2,1.0,1.0
1e809b609ce590c311c3cdc6bb49a37be6ab654b6ba1ad73d9a75abf2f0bfd75,2,0.3,0.3
2ca00e92b48c5d42437cdf4eea237fb569098cfa3805d5f2896dffafd69a9da1,2,0.0,1.0
199231807a84c3d39ea97d2f4e53aebe4a92d32d57c2cc302fa8f8f06e3a3fa9,2,1.0,2.0
acc12b54530f0db80d820d62e6441db3f6e09fe8749265ca585f41983fed2f35,2,0.0,0.0
4fe66dc70f82a5cbd5351d0c5bef1bdb624e98ad4883a522af87ff0ce864e3fa,2,0.9,0.9
88da223ca50a343e40cbe0dcea7c18079a8fcaeef57f133bb313ffb1e37e8588,2,0.0,0.0
a9c0dbd8c7daddf586e61d9020a0bd4eb9df3330061545edb2445cdb8c6b6370,1,0.0,0.0
8a1a412a930a8b0a72dff831dbc1a53ffe32187d4658816f7a8653bd543701d4,2,0.3,1.0
3c127cc619034b4e82c52ca9c28f6830ba5dbfe0f1a0ab5c6b88952b647ca78e,2,0.0,0.0
13d23ecb4e083e3f65993e857110706a707da1f4df0b41ec4c0583e575085dfd,2,0.0,0.0
c81631185dbae2a66767f6008b71525178bfdf74f241ad57848599db216b3b56,1,0.0,0.0
39c93659b9b47d8b411aa8011658013de4fbac3ca82e8cf2b0de5966038b2788,1,0.0,0.0
c3f00383007b1b1fb9bf9b4b1a244536cf076f2c1d8e9c2c5f2071046fd0f6c3,1,0.0,0.0
c7c04fef420d7d8ab3b1b1f7e73fe06c52f613b1290048e02bb7e41627d311f0,2,0.9,0.9
37ec96f1731499c9c9ef9492b17b5e7cd47fd481c3ad0e1d2d53114c4ddc203f,2,0.9,0.9
1dec421b5ef5161f468df097ce243f17f82494356447dd2d8a17736c43c14fa7,1,0.0,0.0
fa07c91fcb49e8d96cd7971b5510bec162454db171b21fcbd96741741b8b1bd3,2,0.3,0.3
d0c777f676c2b6aee4c153c778ecdc77c11ffe91e764333b4973a942d331af1f,2,0.0,0.0
842a10444a77c11e37dc0c87374644f5f3965c77b84e86ffb0763e52fda0bbf3,2,0.0,0.0
03d7385af994149c324e5c9b9d4e151aa02c980f82a3405ac961c87464f205f1,2,1.0,0.0
d5cd063aba435d409e4eb08874ff9eba6c2577d521de5ab0e024ba86912fad3c,2,1.0,1.0
d7d874a0b2057d7555b9e2c18d2584a075cc36ba0bfd5e0211ee2b2937e07b67,2,1.0,1.0
84f3b2e2819a113de53bfd88d14aa2787e1c235ea39f2573194692bfc74fad49,2,1.0,1.0
dbb0f392d60b7030b8d6fd8daf554576f2eff4b230ac36e6ecbcca7dae899bee,1,0.0,0.0
53aa0f79012cdfd9784ff2850f5a33a3e610152a739f4e0f9063130ceff85582,1,0.0,0.0
488bd916790901bde3a4e0de71d21f36c87a27634611b2a5b53f301eeca6d8c8,2,0.0,0.0
9c2fce1df4d6157ea01778cdf2b42dc8b094f013dfb909f11b9b32d48133d50e,2,0.0,0.0
d93e40f46f82b4eb5b46d79d40716064e6d0c0a3922ba142482c643237f88ac1,1,0.0,0.0
e6c96ca8928e0c6779b929d5d22ae68b2d206cee13a7c0d23b2b22699a8477c2,1,0.0,0.0
4f636fa7fe06494ac4d768671eb72361a37f23b5a367373f432828296ade5509,2,0.0,1.0
04360a7249031cc6ca360a2a73d6f41cdf14380a9cf8babe72173c315847ab0d,2,1.0,1.0
67345b85888cd22d3fa76a3cd71515d884375e5790c3478fbb376c39e05db6b3,1,0.0,0.0
bb735b1df6bddb7212920e4514eb5825977a8efb8d2838dc18c982b7fdfb70b2,2,0.0,1.0
749fd335883c711e7006a09808d0ded1c546cf68a35d1bf048823417df46410a,1,0.0,0.0
bdbf852463dcc9b211e12f78f10a03bdcd9f80c48a2c0937eccb1683e346790f,2,0.0,0.0
410c0ed482e32c06efb84083379970a9ae0bd9196c393fb2f7c7c7491c3922a3,2,0.0,0.0
5cf428caebd3c340c75aa5081e8520b388c83e5187ad93aae9f15bc62d753f2b,2,0.0,0.0
760c770e9819e56726696cbbd75864b53682615f8743f2f228c602e5991ea717,2,1.0,1.0
d053b3dfe48cfe25887259e160851b0608f26513f66f334c58106d2603686119,1,0.0,1.0
8ce9c8045d5c969a4c73f69f714cbc64b91b50991eab12906aa9b7c6298c1420,2,1.0,0.0
ba3be7c195c7eec13fe86da0d308d6ee31d4c1311f73244e17db57ed6eb29ab4,1,1.0,1.0
d79152c424d0533caa9a06e92a2445a82af223307fcdc65517646fafd3c69ca6,1,0.0,0.0
61444791789592be19c6f93bca9eea12f8bea39b91a1df5c20ff95ab681339f9,1,0.0,0.0
37080a2ddfb9d35b560cb9174f789045454d09a13377a1ca77a3b11fd6c40656,1,0.0,0.0
5ddbd0bb82666e05dfb2cb2d48922e5e1eef8ff5a11f43b652ab6374e507e57f,2,1.0,1.0
b80d0b7c0e8dbfdb5d3e52d8c3efb9d3ae68248e893126bedb248cab6605fff1,2,1.0,1.9
cac3a6f466742df84202a56bde8e92b2fc001c8e8bc2abcceb3488ffe58d8b43,2,0.0,0.0
37b5eae8a7189322985097c242d08aac269b3329a013ac33a93a8673d8e1fa40,1,1.0,1.0
972b03fbe03ab992654c848e22e5acc0f14897185005012719322e891127fe11,1,0.0,0.0
4ecfa2ae7d709039a345f5f8d37932cd777528c81c8414788d5a41d9b01caf19,1,0.0,0.0
fa946dc4f4b475e67c611fbdff31e36c2ec0bfef5be7070fcecc30b59eb56c70,2,0.0,0.0
34f44c6dba34f7c7497fe00306262bfce02261cbd58534f372eebbb88e666cb0,1,0.0,0.0
a7e9070ab62c55b4970668d019f499a750f7124dd445f66bd137032f5b69ce4c,1,0.0,0.0
f9a90c314d7f5244272dbeaf5a18b3aa29cd2fb463ccc4c24a6ce97c5aaf719e,1,0.0,0.0
7a9580caf2747c20bb3f53426ccfcb0fc61ab54cc8d6e568d14023ac9467f47e,1,0.0,0.0
de10aca0592995e5ceef05db7573b32d42aefbb03f20d406b4e466db592153b0,2,0.0,1.0
6e417c00130d4cc8de80a0e1c607f05e23c2a1eacbfc614fb9e4178c0fe9518e,2,0.0,0.0
8d17e6a36a2323474d2d180793fcbb2ea6761c9c48c075bf79ad74f587f9ea26,2,1.0,0.3
63a927eb9f79b58ae9cb5cb6869fcfa108eb09fc1579b9cbded4f88696665312,2,0.0,0.0
7ca8354e5dcd805ad08bc3332e6c1f905964ae1fea5bdcbf3206397e2580f9e1,2,1.0,0.0
c8938b9e9a9de176cd1c7903259fa9642d6ef816db47995238f741a0a414b09f,1,1.0,1.0
6b6c6f3ef4fb948d6335c0975401d2f08a3dcbd2a51d4914bb27c99535b9ad7b,2,0.0,0.0
76dedc2b283802000832ee8c49f44475c667065ef37ca48732ba6be15a286a7b,1,0.0,0.0
e921bce3fb1a5b56027ecbb3af0323df61301e95b3924e0a852fbd50e0593cc2,2,0.6,0.0
0fefbf5a74ca7940fa32a475df4bba5f3ebf6e8ec54d932917f7d46fd420fda2,1,1.0,0.0
d52b96249a50a95865e484c40a8a716a17eb35cd74446139fdb68073b1ff0967,1,0.0,0.0
c5a2227e9af815ea8feba3226078a12e53e2c99d6e39bf4f742b970fac69a122,2,0.0,0.0
b13a67762d2b0c1975329c6a17165981d13d69930f108d5935d462d9f194fdcf,1,1.0,0.3
34063d68acfe413657dd31cfed0953293859fcdda3c88ce415cc5f71866966eb,2,0.0,0.0
4f36e1e09bd55f57311d18aa87c848e67836a247f9ed9aa40969d73633b541ab,2,1.0,1.9
d9c23919f67b7df8f8db7b9086b21e3e9b35a3661279ee3c26bcfae97edcc8c6,1,0.0,0.0
a1cc9f2f268c20da196f55c2dc5a65b63f0acc46751ec56e6190e07bc4ffaa81,1,1.0,0.0
38b50904c02fc3ac8409addb712eaa5ed129b02f5efeff486dab5af60bae1ce5,1,0.0,0.0
836e04ad53352f651d9b73d8c3b409e863b89f6819f071cbb5c66f814dabc1e0,1,1.0,1.0
cfda6b26dbb1332c6643afc1b22a9c13c63cb89b86d4fd302035c36db54f1a59,1,0.0,0.0
566031de34ecd5109b1376847e542b27f8a4f3b7084c04e53f18ebddfce879ac,1,0.0,0.0
c9f7ebb844d3be87323c3608da5c320f1c73df24258ca2cc4e081663df70d178,1,0.0,0.0
a1fe31c615d7a2ce4a322896d1271a3a4a59fac0ef0d3421bff379a8eddd1b26,2,0.0,0.0
64b9e0156cc2e1c29a0019d63bd1d5db070d4a96d607da80e7a2a44542df863c,2,0.0,0.0
f2f56a94c83803000ce9a8b4bd5ec03432e9128aef5dbda27023253e198a4321,1,0.0,0.0
4ba51183231d13b128b01109156b443a3f372015a56054de8732542f7591f208,2,0.0,0.0
34c31270ece2db383cec43a453949f538991f1473838e1fe354bfcd067d95e4d,2,0.0,0.0
062a47214131e1739ba5b95e3eedf54548b60c3efcf4c0b2bb331a0a03a907f9,1,0.0,0.0
c3c22fa3641fdcd02e2f73a29ff35fe21ca0558646e09d3e8d5dce8c9d8bc3f1,2,0.0,0.0
115649486711190fc9d7a7fa70c3fae97470d142e24dd958f3a33734aab6c2c1,1,0.0,0.0
5f7210e8035644f235ce20b3fcf6ace1cbc7301ee15651bd6fa36018fb70a320,2,1.0,1.0
642b092a0b6276418c9dd57b0542087b23aa18e2535004a683eaaccce4f15759,2,0.0,0.0
56806c8f8dc6269e1c019a075042198d97e7a9aca3fa83036e280c53fadea9de,2,0.3,0.3
31c995f0d79cd017bb9193f9b3b7e132e4df035f81b97a09e5c44b930709dd8a,2,0.3,1.0
d089f689971b1f414a7bbcd836f0b2175314b55c261236c1b21cbe84b84a72b4,2,1.0,1.0
d6df339d91ce4a3dab3403cb882a2473909f27cae900ff393195e58138ac79b4,1,0.0,0.0
19201ec5c41a1236c77b2844de8920d1996e9612ae87476a8327d5c4d7e2afc4,1,0.0,0.0
f76ee21058c337272c59058733b163a29695c63b414a9e58818c5ba89c93b579,2,1.0,1.0
6aea65c6e5732b4eff307daa9ab1a6b895d96b117f3a11ca052a3ce11d862325,2,0.0,0.0
498e5ba012d0e5a8d403fdf2269e504b1ea4acc9677a1e8dafaf2a1b33d1bb3f,2,1.0,1.0
93bfd3312f3afb32e5d732df1ca5075f31392c9470b83c637daba25e30425db0,1,0.0,0.0
5db1bf897f9c98ff52f30bc1f0ac229603511dc1e03bf34e1c86595156e54e0b,2,0.0,0.0
d21b809923e77aede9aafcc1ac6fb68bae571a01ae3190800e43f01e0280e2af,1,0.0,0.0
d8a53d3b2902a2d033a039aaa7da90d801995979c76fc606dcc8b15f29b1d3c4,1,0.0,0.0
51687734607b2339b27063a11b64dc2d9e022033cf341ba70f09d9ff2b10b1fd,2,0.0,0.0
ef78d0cd601a8311fd2106dfdbb8cf7019c2c593cfeb13ee9174219cd19cec8a,1,0.0,0.0
a92b19f5f4b8ee2cc673c0ecfd7af54410b5848b5461bfc54e7ddda4f54fb1cd,2,0.0,0.0
c1eaa7a73f42793c685fa366096ed9a7dd266a945f4ecec5b6a45619d074877c,1,0.0,0.0
79096aa28bced830cd5fc5f43ed78172a3e512af1af3529e6080cf615b5b31d3,2,0.0,0.0
7258da8bf32f02a9bfcafa88add80eb0f517d4574028ba44dd858a43b5c7814c,1,0.0,0.0
c1b93568f02079859580069bfd7970d7e2a03bdaf770ece3642cabfe821f4c0b,2,0.3,0.0
ea4faaecc07dace8d6a80d196a1286c11120591b257cb695feb80d566fb199e8,2,0.0,0.0
7671d0de59ca2e4cc015339bd607721d0103606f27b96f4672d4dfe8230bd1e2,2,0.0,0.0
86fa6d07072760357d07c2b67c0e3e4f17db0a855ef3a90b34763b9ab320ea23,2,0.0,0.0
15c9801b5685633f1f941fce8daf460d4adcb0082f88e7fbce201d2e448c4a09,2,0.0,0.0
ae558776d40ec93ab27da2d68087791e74c497f37eb3c9354340bf8e3429f418,1,0.0,0.0
8267d7342dd0447b287842a566f6b081da04c7911f735eb70f26a4233d2ccdd6,1,0.0,0.0
b9a1bde386bee30332cccbdec154f1d53b259612e486acc386ff67359f8cacbc,1,1.0,0.0
37266997dc7914581495d72d8312da75bb6b1c9715d6be8b9a5ded1fd37b8433,2,0.0,0.0
5437208844d5a3ced61539d1673defc36679e0e29ea7c0b8f39a6afd3f612d79,2,0.0,0.0
86e908342aad39477364cc6e20585de4d9d921ac531105ee83a20b5b81c58700,2,0.0,0.0
a39df0fccbceb0f32dd472bebb7e9e9f913db159c4cd887dbbdcf3122f7fd966,1,0.0,0.0
4a8146b84f1d88f5d81018e21166defc61df2b376ccee627821e0b48d248ee96,2,0.0,2.0
d19b11ca5c229fca26356d3506f8aad9a4b4408bfcf0c4e8338f60df52414bef,1,0.3,0.3
e18b49e4e6d27039315d43a5fdfb6d0a7b41ed7205dd14194b2ff50393e886cc,2,0.0,0.0
799dcd3d107ad72ba5db92296a31ffdda58afe5593fcf72393f1667e9bf5ce37,2,0.0,1.0
92bbce5d33b8a459f983643bba2aaf569284700ea2a8a8e058f85c5506e76f15,2,0.0,0.0
4ec4fcb70d9ea05f7c049cf47af74839df494dc9a14dbe9e2020a41f8d56c0c1,2,0.0,0.0
161f80970c5bbf2b566a0c10cb5b4d558febc0ec8510fb42070636adc1354f9e,2,0.0,0.0
3e6c7f8fb2a3733a14c5e183adbcd6fa1070968dcb1bfb296d6c92003072deae,2,0.0,0.0
84233b02148275028923fcc04f1055c0b1854ecc85fa83d0206615282417571e,2,0.0,0.0
4832f07cb3f8c4a4af22a33f8442942c6b82d3fc1588ebce1c3e77f3ad15b72b,2,0.3,0.3
e2e5870bd00be2d072f43c15e1874149d57b2b563cfb467522cf2fb1a2dd1bb9,2,0.0,1.0
afec8878087d774e61ca04b02bf0b7d259c1ba51e86c63c28da41a30ec560292,2,1.0,1.0
56ced5892db0f90c5f134722acb1ec05d59b362b8203e60fb66c99b445d2550b,1,0.0,0.0
5f59e0d791e4be0a29527f2c63992edbf0c9080faf1c0be7158eb8523cd6e2a1,1,1.0,1.0
f14fa44f2b719eee4b370030004095aafac48f8e4294ce0e59118bc97d62125a,2,0.0,0.0
9c4b9b8be889b415dbfa6c83c997eaecfe104d8e9f063c8c6a834514be8f13a9,2,0.0,0.0
a71d68889aa003a210a8c22525369a3ec39b0156bf4c543ae513ee73f7d9f2db,2,0.0,0.0
844a87c1239c73392ce4f19c6996c9916814143ca5b57c980442d49bbd00a54e,2,0.0,0.0
769625fc2da79034dce0c2bd904fa14433b66466ac69372066f7348fc13211c7,1,0.0,0.0
5487609556dec919804cc4d14f3c44c2bfb5a93bc2d33f3da25704f3afdd9989,2,1.0,1.0
c6de652f7c56fd1305dbd4d8c1aa198c0531e59a16dd22eb92bc18a14e5a730d,2,1.0,1.0
b4120f2f678632b782abbf2bac575804e64384f443cfc57c3ec6af93dd6bf811,2,0.0,1.0
83617c77349def5ab2a892958b29e3568dafd72fbfcde768999a54d11367cc58,2,0.0,0.0
80a9207852ac15699cbdb766dd1810f23bcce96d671b32928849f920b05f7cc0,1,0.0,0.0
5743fefd46b471ca2c57f6cd8a2b6a0dc2442c2f9fd3442298e454085f857981,2,1.0,1.0
1916bf379373c13dd8e5a80d92cc8c3ca8118b6a89e0c37636542ee4f3b19edc,2,0.0,0.0
0f40a91910e40e8e6644f5f3ede6be7bdd70f91687203e18923bd405a6361152,1,0.0,0.0
11a89f6a6413b25f27e275538f89fb354ebe9f2b797fcdc81b1d55c934f26d19,2,1.0,1.0
96e26690aa7ef8c8f4db76b32d21cab0e31af968eddeee7a8c31c4ebfdb5095a,2,0.0,0.0
da8b464a1d32a6a97db582eb57d90450a10412d96d74f52af95aae919a6fcd6b,1,0.0,0.0
a893976b582f968f3737cb57edd8be573841862604f5ffc2214e34e059c576e0,2,1.0,1.0
a9920a544dcbc997c300a1a161a25377b06ab506a1497b9be893c392dddbf310,2,0.0,0.0
aabb474df0e44669b25ab8cbfdca24a0faa8e57e44fc787d1858ae06438e63e9,2,0.0,1.0
9577f3d55a61d4c0a640eb52d8418bacb10811c2a03c8768036ec9e2b852c719,2,0.0,0.0
ff6480544cbb872f39e29e105cb03529477a251a014a6fc142ccf3e23111fe19,1,0.0,1.0
a1be1b3d6e018d00aaa773f5b7a7724af7985016bbd2adc07a5066f449922051,2,0.0,0.0
1a2c7d3830c6cbedf09de4f0ed3200c9bbff0ae61313960683c61e9f3ba8f70d,1,0.0,0.6
b4e0e254beef47fb3db9edf8a5a774fda5561169d617c18c0b83785e92d5db58,1,0.3,0.0
b365b8b8f902dbbccada0e8fc73187eddf699ddcd7ea12cafcddbffda25d12d2,2,0.0,0.0
25aa0f014fbdb12279e57204b525f91dba1e84849b8d8da4b4ee383728d0be22,1,0.0,0.0
1eda7d835195a227cf7a1bd2228392d1cadae1ff82cde72d08e1a4ccae5c49bb,2,0.0,0.0
46b00c5895f2d4eb7dad1707b8ca81f1e5ae49a1a7a80f89188997c800b4e7e4,1,1.0,1.0
35f33e26adcd10c8e7a01ee313bd71385102cbd2978f6d48adac2e6f8316e26a,1,1.0,1.0
917b2d7493c261661d4a65b357beea8c3c5af928b58a3c9e540d8771465be609,2,0.0,1.0
891b9996c84ac03e3bcac5dbbf569a7018a72ebfdd83e4939ed24c1511340814,1,0.0,0.0
f37e27cf49e1b7c92c46f19291059db9472f23d5e0afe315f6093d9a418ce80f,1,1.0,0.0
6058d808b0b709b2837e69982d4911d76e8a88446a7f1821c76de9d4e912afb7,2,2.0,2.0
8a5fa6eb14127ae128faefd8f552b9481f5ae7106aac1f6935f3dc4a59196030,2,0.0,0.0
d8f40271835f3752599028bdcc5958eb3bf22b91927956289ca5f52847f30029,2,0.0,0.0
d566019928669eef43b12619816b6c96e6423aca19d4c49ad3e93467fd72a5a9,1,0.0,0.3
f903498cb166b2aa9e3a069064e370f35bc09b3404d5df9c37b4a2ac7e7fb980,2,1.0,1.0
5c2e6170f3f8ea57fe26e982b0323b4e0a11b2c97b8215743f5b4b19bdc55f99,2,1.0,0.6
26bffc18c91a91c124f7132c015096b3ff15da9b0782342af3b5f39b3f0f2c64,2,1.0,1.0
739fdd6ec65e486dbbe6c774d8374ad9dc252f4d47457d86d54361595adde84d,1,0.0,0.0
a4f6b9b3108dadc1f3c2d6a243ffaab0aa247ffb213640091f1858c24323e4de,2,0.0,0.0
2ccf2c1de7266f0d1e89f4769ade1b331914b69f4b478c2d225b9a7a198a7d5c,1,0.0,0.0
9940efc5714b664413d704a8e3aa95f118c1821e5d3fe76620134f504f014128,1,0.0,0.0
6dd72553e4614226c229a73cdbfeead9803c3732da9cc320066a8f98e746be5a,1,1.0,0.0
c3aa3fcf932de68c60641b7c7a1f6074d6174f4fafe7ed24bdbcaa68cef7d7d3,2,0.0,0.0
e81d1a3020472426de82e7e99751eb8d676748af3de63b0e41e960dff7da53ac,2,0.0,0.0
0c6b1656360e5e9093eb4764a04b919d1cbf8e2e219918bf04d0557a38d50a4f,2,0.0,1.0
3fca95ed3e0d16ee1e42cd7d7417eef5ca86d832668d349761d996be147644cf,2,1.0,1.0
223d5bbc38dac58baef657c4f383faf24845d02aa7573bccf2259a99991ef67c,1,0.0,0.0
eb98e7b9c1463edafcd697e6236a202b15a19fdb84db2dd53edd15010242827c,1,0.0,1.0
1e06f84541f5cf8761a25752bbccbbd2d4009d1a8d709f63a0c43dbfdb2c8255,2,1.0,1.0
8ac43175c21a38f835b940d12b518af47949bb776b3a37a406ae6e7f0eaa0767,1,0.0,0.0
9c7893ae9ebfbc78772b5f9ceab04b073d9d1ce0ad04c90af8b624984c4555c2,2,1.0,1.0
66e61fa248e012f774b784f12e6eef855adea860fb09369e4912c5a6ba8278a2,1,0.0,0.0
194c9042390a9007acd2de50a8d04cc82e6c01473019525ce31f99c4aa97f5bf,1,0.0,0.0
40a040ad102923945bea757f958d703279c46b1a8895ae9ac7b7a44b22e53cb3,2,0.0,0.0
3e373264eece9a6344435ab3927f7ac385de0eb874a110b4920dc7e3bfc1399d,2,0.0,0.0
71cf7a23536117ca6614f20b5ba92202ee2e7502d41d08fd74752f771037725b,1,1.0,0.0
22acde993f55e30585136373ecc5a78833a1811e7c50e2db285c18efb68f02c0,2,0.0,0.0
53306d4f49df61a1320457693ae980106eaa6da35e4608df83e125270ef88fb0,2,0.0,0.0
17505345cc7950ac1a621fc8f62ff216e916ca35973c14ab00191e4934f7ccb3,2,0.0,1.0
3e9e1e68c16ce9086318d59acae556ec73377a4aef231621840499c79dfb1766,2,0.0,1.0
8992a4d7afeaf4222ec2ae2ca2f3c58c9e0e9a0f5cf7777874d80876559f2360,2,0.0,0.0
aa901f98ac0ba1b87977f51d1d016d3f57b3b8b2239a958ae6e3fcb1e8d93b6f,2,1.0,1.0
4d9f9bf8a07e566d3f2c691642bc736e67f2e047c5139a0ba8cb6649e240e8e7,2,0.0,0.0
91dd525d18b89955200b974f34a9b6d9edbe945e3fa7d6d61bad4324a613cc05,2,0.0,0.0
79d2cb9ac172b28b74b8eb80fa5c5d0ed4faa0957762605b26051811ce218f2f,2,1.0,2.0
a56f708fa33ddd9b0948cf8d04f77a64a5f1d132453aacb3c33b94bb5161abbe,2,0.0,0.0
d3e742dbfd61cc752b119fdcb57ff712a44589be7be307eea9d49bd57d1bef06,2,0.0,0.0
7b70b74b194b0e646b84a01bffbe750f192ac9cfed21b34c61da4dc46e58aade,2,0.0,1.0
09712cdda04f9e83ad08ab52aa129eb24f139c47dbe5d5e42d07c4f5d41b828c,1,0.0,0.0
1863f43a0a48063af6c27fd6ba771f5e80d7573234f75a3fc8d8399bc5164eb7,2,0.0,1.0
f52a8812ad4febd8b0f274f34319a78120ef44c5ca1e9205871fdd9a69f04c64,2,0.0,0.0
ed09435113093f8f8e19d0d28a89a390be0842a038f12a3f01c57bf0ca1046b9,2,0.0,0.0
9d7e9e8f2aef79de527b038d11199fda113f1b27a4b96946591e99bf6a96b61e,1,0.0,0.0
fef914056e08342dceeef3aef34b693e7195a8a0680441733b5cf4c49e66eab3,1,0.0,0.0
a1ca364ba746aa9a93be1065a635ef3b905e6bed7302ce5382de7ee72822b7cf,2,0.0,0.0
c3f2eeb0742b2d3a0488199b2dfd6340d42d990d43b308aba64de58b789bb0e1,2,0.0,0.0
e0434acab6d8e8a6db507a939e3f70930ee9f1aa5b1054fc84230eafe6d9f3d9,1,0.0,0.0
65c1c103171cfc71911359b07ff236b2a3ce194a402ae7ef17f8ab2dd6f68ff9,1,0.0,0.0
b30c51df938860f4bc1cbc0c4641e16110cd8f5863cfb293c21e14d8285a3a00,1,1.0,1.0
80e6302da652bed6b8d84ac3b96b0ef1ca4c3ca2bab621c1f440551dd6fe43ff,2,0.0,0.9
04ffeb087aacb0a64eb4c40eb61a3c1ebf36bc60a367509fd55ffb69c2de46d6,1,0.0,0.0
75c6556139d1a9040067060920f8447eeb05d5e8023a434c629289d0968dafdf,1,0.0,0.0
14153f5cab2f6f4e3b5bde0be2fd3e9c55b656ef96e0e5167a5f3580d49ef5b9,2,0.0,2.0
b4f95b7aa873e047e5b219513dabed3a11bdfbb1dfcbbbe3e23f399be4d8b707,2,1.0,2.0
6c793792c16e91f86aba2db096bb807db5df1a4fba823b7b538be7085e33edef,2,1.0,1.0
18fdfe9f2c06269b92fd6086ffdedef437713bbb76d535d70872ee70de2d2310,2,0.0,0.0
ea0226a9f38dee36f7f3da284b345c4a516c8205b18191d28318200f463b467a,2,0.0,1.0
dbcad90465afc50df0f98102c8d39f7bc2bd324cd971060c3b2312dafb14c84a,1,0.0,0.0
b5f749e88839ff9a738d259991343dfb60d3ebad88394e8e6292d2cb5b9bd81c,1,0.0,0.0
7e1866d8e0e88ee2a3462970077e5fcf22a1fde7d19dd07fecd45d4632656275,1,0.0,0.0
ad663fd4c829521086132266be1cae8828a3e7dc8df2355ba4bdb68156ea3596,1,0.0,0.0
706a0ed7831f80f20dae6300b74ebb17744e7fc67ad10d5e68acb6f00984d9fb,2,0.0,0.0
ac8b327545e9426351b6962d77d9f4757d66d2d003f60875d2a1f0b168bbf3a2,2,0.0,0.0
87fcd098db2dfc3a66c57a68ebda210d55f07ce71be6162f016a210c5c0d8fb1,1,1.0,1.0
1489a9603463900f3782e4a450c09dbcae23471b9e0dc9d7a446322db8148998,2,0.0,0.0
1f99a19e1f7a203be28f6b1a0726a01d35474fd3ee1f39afd15d0b9eee29e4c3,1,1.0,1.0
b09dcf4eed5966ea027a6a0762c2296f3df856595bdb32edeed488a02871c78f,2,0.0,0.0
d45df139d50a1c28a944c2e63a4ad4f752adaa8f4734319f26dfd7852c5e1ff8,2,0.0,0.0
a72596fc846cdc023e0ab1fea8ffff1d504139086836299f781ee6148f01be46,1,0.0,1.0
615d71169dfe74db2546b7b8da0d3b1ff98f5402e482a8d7790e5c1aa43c25f3,1,0.0,0.0
04635d40fe62d27950a268b201bcca84d97ab4ebf196addcc3c942209ef46987,2,0.0,0.0
eb053569b0265ffd497e38732ba7ac6d1564c4b1ca83a4101f8121c87cf72d01,2,0.0,0.0
4b5f4e7db8c200e695974e11a0b2f4fa5e81efd0ec818df08c5488d36568d72a,1,0.0,0.0
e373fe8622fd08b571f3adf4b6de8a6dcd22e5786c26ae5bd6b07c08743bda08,2,0.0,0.0
a58e6d81fc1e7e384b131a21a94400864439fdb5eaa0a4ad69609cd1a25e1085,1,0.0,0.0
241d42f3ffd5b3629ec204e41e6c61c248d44453a1d158d88204b01c894b8560,2,0.0,0.0
38f455da4ac0ddfb4397124307767edb3604e08c2769329561aaae7568c6d259,2,0.0,0.0
8c5fe219f229cbc8d58076a922050dcb702510f026a86897d0f11f4973b94344,1,0.0,0.0
e6cc70d3f85ae9c6f5c0f44e6339a1748bc528371ffe94cc77296870cef84c68,2,0.0,0.0
a6c6058bf4bae6985043983b675d65ff432b7ba59827caa61ce71ed84c32d991,1,1.0,0.0
11db416bb17974c6e627f87178307f850fa81f27457c7f8e58c25187ea3ab3d1,2,1.0,1.0
7a5fce1806eecd6a9945351ba936fe84bf0a20e4cdaa6d64d26ad30f9756a453,2,0.0,0.0
4a1b2f59f8e833e81d2942add87663f047f4beb2fe44ce9fe43380b241ed741b,1,0.0,0.0
38d5f0a993c04ffad65a4bc0c5a8de8d98ed9b68a41f06a46923b1f390696801,1,0.0,0.0
e5c76a524c31bc1c5a9550424ccaf4175044a1a63b3ebc53e46d230308b41e39,1,0.0,0.0
6cbe3e9ab85a20f5f8b69457b98f2565def368412498db3f22776b57d3e9810f,2,0.0,0.9
07ac4d27b18403d44e6dab735edb837927c5cbbaf2462919e5c4a388143cd80e,1,0.0,0.0
2f4270c4782b3e160f94d3d0f057c4d1172e9add59fb82046533d46cead749a3,2,2.0,2.0
38324248abf2a91e5bef71b228302d264eb9a16f9c8ca50437d89d3f1cb072d8,2,1.0,2.0
e8c079ca456d1e3b1086336baab8a441662932f36fefc40c51a80643fa28cf64,2,0.0,0.0
83a292804300b067bd64ba15aec4e0da7a7456306d2d02bceb16b19e48599d49,2,0.0,0.0
eb21259d7a1c6cdd652f5178e824eea9348ae4a915702b27f9da2c5349ce8a94,2,0.0,0.0
bd188ae8215fa8121e61cab185d92a30d4525c30f68769e52f8f810a407cbb88,2,0.0,1.0
c15ca0efd8490f2aad907bd7f1bfc99a2d1d8ebadb6d3c36129b04561c676d1f,1,0.0,0.0
27433f6651cd73a4f8aa48273903f2100c13c4e400bfc44510749615fe8840e0,1,0.0,0.0
b890ec7bea961cdf288bd812be68757857710aa950b721c26c717ba3d57012f4,2,0.0,0.0
7c1728b10f4717a197ce47304b8e0658acfd6a3525aaf792f6e806892da2019c,1,1.0,0.0
0295e2bf1290c39209c1e4eec0820a4990977c54ef96456120cf92e330aed441,1,0.0,1.0
080da1b4e6b0a2d8a2a6de4273da5f34e73f5b26ab903bfb3335c4840d820cdd,1,0.0,0.0
d0805b544bb8bc164850885ac41a843cebcacc4578612e3eb87a71d44abb1242,1,0.0,0.0
7af9ede94810ec5cc6a2efd99ce32753f0d3c031da7461e7b706fb4c62dadf9c,1,1.0,1.0
18b7b46112d50db6110847ce0605d2c89988568cd9fa36c93148a024167644f9,1,0.0,0.0
5e3675eb3d3665e40c2978439dab17cff0fafe85b8c5e9fbf45829e50b6c108a,1,0.0,1.0
572d3c1b811eb7bd804ade56057873e0425227fb4c592f6cc8567636ccca21a8,1,1.0,1.0
5b394b8217cde6bbcdd36e165a3a8b3bee13210d8721f4159f1f938065d7b5fd,2,0.0,1.0
cdc43215c2fc4ae651fc59413bc69d0c126ccc554f43fd0d63910072c04225d6,1,0.0,1.0
bc1395d99b6fb9d0fbf7279159414df1cdf6387c102def8800b4bef2586c62d5,2,0.0,0.0
f3dc95c802bdeca26c0ed197479afd100af450f54f84bc26f38d4222c9ad05ce,1,0.0,0.0
d926ea5ac3b15aea42546bc938925c322c27e732782200a5618d3479be90729b,1,0.0,0.0
940b17374bc6f4ba854619803f39075cc2b406c26f09e1dddb118e0cd1920b60,2,0.0,1.0
5aecacadd0ebd274b96382fdaed0c2040ef9ab87e6e9fd23dfeb2f2f7035e4fe,1,0.0,1.0
d1cdb82464137d34db8024656af142306164041b6a2efd226bd7004d6de49662,1,1.0,1.0
5bac581c001ea216dea31a068c9d52a0ea59a987615bdb1ab89b6042e7b0d644,2,0.0,0.0
d30fefcf960c3b7850771454683b6b4467741b936f424d17daa532904fcd00fc,2,1.0,2.0
fcb2f44022c759650da3e423f0fbcb122a91d5bbad190948f893ed80e3153bce,1,1.0,1.0
581c4d2136ad09d8fb88b20c6557667a6f9680978d8f775ea8a25bf0d285d0a8,2,0.0,1.0
e42199d4d7b94aec50aa0b63ad63b6be51610e9905723cbf60ddddb7f7f2ccff,2,0.0,0.0
e36f43c50881e8a0754994c7a0012a1fbf6d9874571f839261b2211305aa8c3a,2,0.0,0.0
939f3a5d7c3b5a2c327696ccad9f3eefb2f0d72b7ba973cd1ee260a5e3cca7b0,2,1.0,2.0
cea27073e475a046a1996b40071bcdeaa4af30a91d1f8ae7c7efa21657bbe459,1,0.0,0.0
a8f59a3959b17387ffe9347279b895a6bc3b8165da90c8e80eaf1c61f73641b3,2,0.0,0.0
79673c94c690d65446605a29f95168813747522948d902bcee80f2af7f207b14,2,0.0,0.0
52c265339157163c040f5b1c2ead8c8199c77a3d7f9f9b4e01d4058a8179476a,2,0.0,0.0
cc1c486a7b0284274933abbf91a3b7a4489aca8bdc60631767f1b3d904f9b5d0,1,0.0,1.0
d7cf0b3b18b0084b33babdc97b30a6d5daf6979d1098f21146eb5b745dd646d8,2,1.0,1.0
68e0407f5856049ea00132ec5b50f15ff370e04479f8b2e899bc87d105b0b116,1,0.0,0.0
2c928636ac197955fa28de690211218a7e144817f36364bb85a08fff8b9e7f30,2,1.0,1.0
810cefdbcbf7bce4c313a51631c0f4be8d9bc81d338a65404a8b9aec69c2a56e,1,0.0,1.0
6140f6d87d2de181352dfb667578d950b912264f801cc1747c1078829c826e8b,2,2.0,2.0
4ed6bd36b0a776789df3a957bc2efcb769e882668bddeb1582c937a77ac17713,2,2.0,2.0
3d98f74340a1101d8d1beb2f4ba84bdd40f9cf97ea228e3571957963075ee882,2,0.0,0.0
ae7772b946b1ca9d16de68193df983e38ca09f304ce77a91c15850ebbcfb96da,1,0.0,0.0
eb1d98a70d10ba83900a93ff04a8bbe48965c9d9c9398d9ed8acfee622b8ad01,2,1.0,1.0
2be68932216274d63f3a036c2f8840877961df1bf351ba6cbc752940486af2af,1,0.0,0.0
a75ca2d71000a25e2d55ee3a6310d1a36201cee129ff9b4e36521c38bf57c1a6,1,0.3,0.3
7ad44ce562701ea54661f80931ad95e144631ddd48991e38283697e3c0f1307a,1,0.0,0.0
4dedbe9b03e56a7e040d558aed3a6eb6ab0400b0cedf28327e02a92522fa44ad,2,0.3,0.6
a94ce71dc36b4f12c2762c1036654b98d8c82c08dc4aba6c2318486ebc13e64a,1,0.0,0.0
75999af024d70f7dce98087a86d595a39da0e9107dffafe5d70696b923437eb3,2,0.0,0.0
cf90c44053bea9771e35d63f666b73a36658fba10929a482e43a066a264c0f1b,2,0.0,1.0
98803509e934b9592eec1d48ddd1e874d951ddfc0c73664e98cfc9d0a378e213,2,0.0,1.0
a72aea3ef44ca0e441de64bbeb855e54a023d5f200f67c355dea2e8fc1b3c7c7,1,0.0,0.0
f502f2bac2339e79a37fa66b6960daa28465bc2fbdffd5da44450e1b4734dac4,2,0.0,0.0
6d2bdc0e35d5f9c21953f2a5b59331eb133bd06465549f7eaddfe70aff4ad20e,1,0.0,0.0
35cb9e91223cc973b3d89a52930f7b690b1bfbccbb7f4e25e80e50a602e9a5ff,2,0.0,0.0
2824391e4010243752ea691b083da0f55b0d85edf9e0923214528fa5f4ea4339,2,1.0,1.0
720767ac68c97d05904bdbaa776dc99b288ee096d778f3e9d6a5badad7ce8ac4,1,0.0,0.0
7c4c88c95443a6db2c5a1deef09e94d7e30c7c244b87f8f8bfea881ba45efbb9,1,1.0,1.0
5036d6abbfed9b0073bb9478925f5cab08ffe10d1febb4bf9edbe023a8a08cc7,1,0.0,0.6
8d73778f72edce474a90d5f8b4104c298585461d2c371997dd778fd44664abde,1,1.0,1.0
c4627a347c4d8cc5b44eaeb48bcca655b7bd3761dfc6fb008eb0e2014cddcc2a,2,0.0,0.0
23ab1215dae4cc17480a179da8e258f32e964e96309e482b689b58b6f41e73e5,1,0.0,1.0
56bab91f2991218be36022c397a6d2c1d7940aff1bbd692adcf534723452666c,1,0.0,0.0
dbaa4ae676c31bdf5f2ce9eb4adcd987b4f481a5059a2d276cb400857cb6fa9d,1,0.0,0.0
e1d3151e6d58677d8442c12d2da87585a84946e8f8d723c47109ddf64356238e,2,0.0,0.0
5b3dc7bad55001ae2c2ba159ccbdda468feb4c4bd6b90971e5f79f4328c5114e,2,0.0,0.0
f94f2876e1babae65a71b6106b30ff9580f1beeb79e80309e47117982d02a7d5,1,1.0,1.0
850c3f784922b09e2e051b383040b054f4bb1721ce08142be211690f506a2116,2,1.9,0.6
6b6b0e714b12c1dfea5ea96964d2f33dba1d5987e85769e0a71042fbb518aa68,2,0.0,0.0
a6935a6f21ff74e194d824b07f50f68555c54938fb628fbffb49d1ce207b942e,1,0.0,0.0
c61c26f36089b548303f3a494d2fa60a9fdb4fa9ca0ef0fc31660335c70ba731,2,0.0,0.0
db2787a6e4f2f65e530b86cf756b763185bde6180d2cf540199b500e843a3f7a,2,0.0,0.0
b9b159830e71eefb371c75a98e77c6080cfef27df18795bafa799eea75711028,2,1.0,1.0
1351f6a7a20fa7978ea319c8d156ef5c44523708cb6d24e81b1c7a44c8a00894,1,0.0,0.0
5ce6d6361ff96280ce3b9887b4d86d47a584734c15adc945ce03762559ffd54b,1,0.0,1.0
832cd60d8d3865cdbe94eaf9107dcd4da5633b3fcfbf97a92934de6355f67298,1,0.0,1.0
f833052b7085a4fc92cf9687cdbe6f6f6ee9a0eefae7411377ad0b40ea070ff6,2,1.0,1.0
adb0cb87cced312604df7d1dfecced9ef4023c9b1f0e96094eb83783fa990a07,2,1.0,0.0
681e232fb1808caa60f3d194a11f1b95b310657a206a269d0e0e5e587d2d507e,1,0.0,0.0
3c78af4d20c9a506f3b65a37bc23e6f40ffc071520e4b90824f925aca6cd6136,2,0.3,0.3
d25156413c6ffc3aa078b46bff24e58af4f7537156e9ede81abf6f979eafce86,2,0.0,0.0
c1bdb211b23af505bd10d43ee0c104404e28c5df09e152eb2d8bde5258982b73,1,0.0,0.0
32c90723e214c8ba0fa4460b141b22cb7344b5e2d10e92db399f76f4f10c4bdf,2,0.0,0.0
92c8947b86b18ec5779f6a8c83d3674670545f934209db1d63924c9e9efacb2d,1,0.0,0.0
62a56edf54654bfe381d27bd42ef431d4437032b9ee50070a57ef8a0d1d32c8c,2,0.0,0.0
19b119a899b90b43673c0c520e3955c0b174c5f20321e5496196ba8dce42f17a,1,1.0,1.0
644568f946f7e8682447f16ceaf85751538a75a68937b55bdb0f7766aff427c0,2,0.0,0.3
065c08419b66bfd3524b6b867c78fa9c90120b1c005668f1dad1ce4c6557b5ad,2,0.0,0.0
aecbf0201a4adaae4b7c1ae340a5196ad83f9f9fe94cc3f2a6a78f4f0b59a117,2,0.0,0.0
361501562e554460081470e261c20a834ca069814956a2e4c32e5c85b47f2efd,1,1.0,1.0
73d16078ce1b6fffc3dd7ad8d2729ddaa30b29303119b06614b2425e386dddfe,1,1.0,1.0
2c4cc9f40ffca97e643011455f535ffeb238e1d77533964f307d12a357fd6cac,2,1.3,1.3
8d6b39df787b97e059f48a7ff7b9f775cb8a8a8d84eeb54f97b726e4b5d2cb15,1,0.0,0.0
91f4b1465156c2827494e783f46dc6e0cdcc24670df0fdbe0f78d0962b3ecffd,1,0.0,0.0
f15f2f81eec623da5cd4bb2a69da89d6f677d7f2a784f68412c2e821eb9c4ad6,2,0.0,2.0
9162a5c809a50a30f49ea36c30f0b900cc03da67d8f6bc585179f05d572c0a5c,2,2.0,2.0
b189d362e101ba0f50c441a3fd6f7d2743aa1032877fe4b30d9735ee2b0d7b20,1,0.0,0.0
df05eac11c6bf2df0acc6568d15d8c6c958830242a1f917e35d46ac535b7cfb3,1,0.0,0.0
f693eec677c490ca2b31c1c14947279931234eb0b0a9a43605f241cee424e4f3,1,0.0,0.0
f15ca7ce924929de45073bd289c42cd11968834eba15de43deb56a8ae992534a,2,0.0,1.0
fe36798ffe40d98cca8b805e0cab138b4e508e78f33dc8bc9c7e786352c6c662,2,0.0,0.0
11734a31fe738a0e19af89ce20eaaeaae434c260074ea2f71c9ca19f93659db4,2,0.0,0.0
1c74594ecaf67639b152ece3aaec4be34672e3a56318ab94646681d065c95ba5,2,0.0,0.0
440343dccf93691d5191efc4155c8539b08c2fa97f267ba57717b1483b43b623,2,1.0,1.0
14290e0a7b507169389692a35858b1de65c2319f27919d328204cc10982088a8,1,1.0,1.0
407371e9c0f2150367a190430e22bfbe21da8beb286f08315ee97c6c8c8ff17b,2,0.0,1.6
77a5aecfe553ae0c436677bc7324d87d45aea45b57c575c870a99dc192de0ffe,2,0.0,0.0
5da9b3f9afb8b33b3bc96332d6974d4720ebdb7d2834b2b491478efa48c7e62b,2,0.0,0.0
a599099a8fb7e561d24f0f2284347faa06513ef00a466c96914f9bfeff7a11e6,1,0.0,0.0
2a0599d6404f6b6dc6dc2274d623fa73d41c5596935958b26bd6756f614b5d66,2,0.0,0.3
e9bc20588c2c057d0e308948381326921b2440e11a3d98d2b3eea62e91677129,1,0.0,0.0
271e412db66a301f3818da0bb26102addbb0197c2d63020beee9c76dd6b11d0d,2,0.9,0.9
e43b35c2a2e87892092e43b0de785eba0f473ddf4ad3bece2122ef7ca91da40e,2,1.0,1.0
a55ee6dca8ee1c2969a9e616f03acd7255b9f4e3fe08e5c5924808c95fb85d42,1,0.0,0.0
be39b000a357916e995d623bfa240f01555e13674215b9847891ad3f85bae256,2,0.0,1.0
27208e902aa76171659248fcc72a9874b7e0aaadd3e0bd5fd7be241bca44c7bb,2,1.0,1.0
7d8094ffb7e4d2bac39b9f0338c6cc106076566de6d6bcd2abe042ff9d7699cb,2,1.0,0.3
81b3cb20ff2812fecef0e2abfa51d9039aba2be1c74ad90c005533749758710b,2,1.0,1.0
502f32dd2faaada3e43bb0173df19bb3dbe338c12b8a777f8b66840d52e205d0,2,0.0,0.0
0928a39f4c4a49d53b4817c973ff959c9163d5b561f1a62cf59befb6c287afa5,1,1.0,1.0
247d2b3385861ab09fd832258d9a1eba9c5a5c23717d878d4ff897427a1b9cad,1,0.0,0.0
b100b642c5e6b1f2d8054b7e0580e8ba64db16ce590eb8269af564b17be91914,2,0.0,0.0
0d755831e101c89e047efe02a5f239f4b7d3468ad5303a887f70716bb2789f81,2,0.0,2.0
b02a6d4adf9061815a5b0901f312054129611d2e9dd463633b8e74a15ebd4dd0,2,1.0,1.0
69eadf1afad3a3552fc7ec052257c4e068041e12bf673fd264dc6a288780754d,2,0.0,0.0
d4294971a133c810edd69fd66d0aa4ea37c32eff09325164f925c0c895e51f1b,2,1.0,1.0
9a9829501f1ba4147301fb73d20290143584e234e854bd153dcb50dba39a095b,2,0.0,1.0
c81bf2973f781dc45388e8d0ed75cef95f3a5d234f1171b26cbe830f626bb0e3,2,0.0,1.0
fa504148f64b0e25337cd9f2eb72c927dd2a6148e5ed1112c1ddd68d32a56a40,2,0.0,0.0
6aeff5e3fa1de4b3bd6b38ee15bf92322e7f4f11b08bb1776d105a53a919a78b,1,0.0,0.0
e30d9a92218f6b63d94da7f262d955a0eeca739659c1b6761582ace53703ae2b,1,0.0,0.0
a22e8e90ae2ed2e8d74214a4f5e2e3626b085044232873025e12fd5d359b24f7,1,0.0,0.0
32707075fcaeb7baa5fbad07ac9bae0b7a1e4622394fd223c550fea1ab5c1f8f,2,0.0,0.0
f44c31479db61c916a1e032bdcf99517982d6339b8092e3ab9e56db79357561f,2,0.0,0.0
37339903c0e5d10297c3995f7acff666ee19edd4b4d913e801a7bb82501ce35d,1,0.0,0.0
cb8f2429dc8bc4aaed7f9598425b680b701fe275ba905ca15750379466d1d1d3,2,1.0,0.0
4091fae6a316f5d2658d27ac6a117b065dc448110439fa2db77653dc683a625b,2,1.0,1.0
56fbdbfc99a7deae100fa338e874f4202cfc3e5f440112e6883e5a309709cb96,1,0.0,0.0
e6eef8df37800b822ce8d427380053b5b744cf4cd671935425390aaa86c697fc,1,1.0,1.0
9b45acec51c8fe9f39f6c96ea35d734d62761b16ce259d3fc19af879519e2333,2,0.0,0.0
f29a9285b46853e915a66da9c94304547ad9c75fd3dd92be9ba930d0d13dbf6d,1,0.0,0.0
9b53a757a60e58df6e7d80de4bf5a20ab71f801aacbfcdc90f4b2b140930c180,2,0.0,1.0
81822208c22982c09859d63606aa8d1f6a0d0ade58f58a3b97dbe36a53d54c88,1,0.0,0.0
cdaa982ee3886de784852e8e1f3eb42ba79f17fad44accd57932d0944f9acfe0,2,0.0,1.0
44ffb5f9354bad5e7b110229fae5c3afc7309e4d8525c76dd40fd73dd2e8f1b6,1,0.0,0.0
a1fc9eeb07cbd958f0ccfe96c357af1ebdc4a3bc75411ab33da93809c5a5262b,2,1.0,2.0
2bfc486d6957ae6292da94e8eeb2489d413ccea9caf8ca9a982c574c64969c52,1,0.0,1.0
58dcfef7a7b1ff1b61e365a3232057bfe207fa3c8d54bfcb1b2d62241d60b9ac,2,1.0,1.0
21277d07aa04b5008da49dafd9d6e2102ac2935be08d56fd9192560f4dc66993,2,0.0,0.0
a79292ad3be01533f675d76c53b530bdd25b57dbcf920e31d8b3582ac53c79ca,1,1.0,1.0
3329bbd1753d659717e3b8f786f7c845907bc8b5d7a355bff53c839d94f1ab1a,1,0.0,0.0
88d9edfd6d6f2ee769df9f9f1aae8fbcffa21754578f2224b54f594cfb4e4d6d,1,1.0,1.0
c19cbfde4bad3b83ebb7b1acfc60ae35a0504f92977f4e90888f19ab0414975a,1,0.0,0.0
87969525de365828434f881be4f13e69e0bc8c7b5b539e48e59cc82da2bbe6db,1,0.0,0.0
9243d50afcc62056ca9cff75bd0364dd30f6afd5e047af029c95116a6139a755,1,1.0,1.0
0430348ab0dddb4bec7431a8aedbd41c96a00b1e463c19b891b44fcde6c98bc9,2,0.0,0.0
617b1d070a4d452b8ce6a8f8eef5d467acba185c9ba051b307806d3fe02d3f16,1,0.0,0.0
f74dbf4495e164e022366837ab21df5e3274851c0553679992ad107f85800ca2,1,0.0,0.0
78fe5178dcde11c07af55ce39cb64cb617e59411bcc5fe8926b4f41e600c53f8,2,0.3,0.3
1b1f0ee97f248cde085a33ece6c24e69e19cc8575201be9ef12d12ee531193aa,1,0.0,0.0
42f6b0d6e79e8dd6bdb993fd1fe0c8a32bf61cac4fb6afa736da4242b5762756,2,0.0,1.0
30b1d56c2e3b7f7f1c83683d234410c47fb7ff922dba6449e784212b899de078,2,0.0,0.0
0aa7bf3265b90813bd48f134de3dfaddecc72825e20de3a53075acfced55d25c,1,0.0,0.0
e7adf913e49f507191aa5a1794b0abf525fa74d6472c024ebd6e6d7d03cab9b2,2,0.6,0.0
41b1f1d9b0c10fcdd2aeb777da0513624df8f618f42c4ebfca8b72d2510e8e36,1,1.0,1.0
4bd2dc8d33e355e9cca74a42bcbb3e3ed32a85bd6e4538abfae92b3f57bf5c34,1,0.0,1.0
ac1242ca048923d9d1a3f43dcc8a3d964a0fb70aa5c47894cd3620f6ae3cae24,1,1.0,1.0
59b38bd9dc4a021b53026b92bde3afb95b9d631a65e3ad06494c1eba37878304,1,1.0,1.0
ab02d0112529eacb0a927a53f0af89d828ba1322cb2495575b3f2eab2f29e5f7,1,1.0,1.0
c52f7721420cedd8d6d920222818fdb0c765ea3ba3aa29d082293e2c1999237a,2,0.0,1.0
e484d567098cae7e1ddf903e40f0026f195b202e887a309b85effeb15579bfcf,2,0.0,0.3
ef9ec080fbf0c306caaf4e663d7801b9d07ba4fbcacd06a08638712af30f2169,2,1.0,0.0
340a801670827f643e5907599788eee3392652b0ac925cb1898ed9477179f326,1,0.0,0.0
5101b1ba81ea38154c231b5b277d2d80510ec40db2c5148aa61810d63bc9c844,2,0.0,0.0
a4d9f3b0ad9e7154dd6cc4753c7f2d79e5bee406823d186c4cff9181c11f6e7f,1,0.0,0.0
ac4e6a5e08163bbfd6cf201250aa03ece8423c681b0707ddd6659aca4f41a025,2,0.0,0.0
4a3bba9e9de2db02b57590a80c6708dd50fdcc0baad87168d15ea1b14e423984,2,0.0,0.0
c60177785d8ea6b24d2a83c203c4f485483240c21574908b0fc062c2dac901e5,2,0.0,0.0
6c60a085c1a3e0a84a094eeb31b2a7eab6d4ad8d9c21c0c0c9292f8bfdcfb476,2,0.0,0.0
38bbf85434f83e66902f0aba62d15d1c96899bec5f78fda4e66738c192add2bb,2,0.0,0.0
0c8ab1aa6f0566df9b040eccc2dd69854062ef7ee209570b0db82cf3808a762e,2,0.0,0.0
f932d1bd95bdfc3822c20a6b87b9f6615cbdc20a77637bda0112c491ed4b2f65,2,1.0,1.0
c2ebf9aedf2f988ca06a84e5fb54ade9e15767d296dd17a8206407ad512b3c9b,1,0.0,0.0
bdcbe4363e05cd3a208c726de5157817d5434640c236d58a6e75b4d146c53398,2,0.0,1.0
1d2f9a70b8068ca668538c1405a96485100a88df21da920db464158d74dbbb1d,2,0.0,0.0
71214f0acdea2ed376a5cc00c097243210ee5ebf852d990fad2e518bf0857660,2,0.0,1.0
04fd6d3c2c81abf4217695001afb713121b47ed691f043686e3b4ffe3c7c0fc1,2,0.9,0.9
67a88902e84a536a170951fc0a97a962d8eadfc780f84f369da1c457fe275407,2,0.9,0.9
d333feae880cfaabfb4d5d4fc0f88a0df416b546e522a1e678ed8bb13d7297e4,1,0.0,0.0
9bdfd9d08f7923ee470f0c02fbfa21927e55d924539e0211fc728f905e4ceebc,2,0.0,0.0
cb6607e0095acde6509901f6b33cc08f138440cf246f114fd348e59ed6df3654,1,0.0,0.0
07b5bb86fc250bf5c83299621f3a6d67838c6a3517651f894e6297e9f8e73a79,1,0.0,0.0
a10eae7e7fa1764b8866025c729bbc4b3756b9311b255c0f7b81bf096119d7a2,2,0.0,0.0
b03a44b607972659249810e467c9913c8c9fb654eca025a572d91ecbbc54ca98,2,0.0,0.0
0272353fdac43c478f335374ff35aa801926969d2b94b293a5c95150fa59c7b2,2,1.0,1.0
781a507158dc753d471a8515138d23a43c5e277eee3339a76b9f925cdc168fb1,2,1.0,1.0
90b7d4dcfad2afaa109976c80a3a4b42f36d992a84789226b12078be10dd557f,2,0.3,1.9
4824723b7dc4b70ec0ceb04b9a731e2e6b7f88ff2e3bf8d17134e0e18200a5f8,1,0.0,0.9
ec7c85af5a566664c1ef20c3f5e3ff8e6da22c7ac80eba3b0dfb79a23dcfbea4,2,0.0,0.0
e43ed76f19a0e28e3dd9cc5196ef101fb73bb0e52a77737135c591badb6b238b,1,0.0,1.0
d2efa6cc5bebaacff67aa22f57a2a06e6328698cc31f9c5bb30e5a652ea7615e,2,0.0,0.0
f70057bd9f1e37e527d32dd2868204144ada025d17c849bf4a2994211f47c5bb,2,0.0,0.0
b2607d882fe5933044223627971de5b7bb3903d3c7cdeff85ab1e1ed12905cc0,2,0.0,0.0
d5c7f4943d4dd67aeab2e8e2b0083e912e6527cf83a61fdd52bfd1899411ba92,2,0.0,0.0
7df5f6dcc502bbec3cfc54ce39614344c21c8a5c5583745e049bc79ba2bca067,2,1.0,1.0
483d468ba8e628523e499d0c3b5b47cc4dddca83d339764bdd90fdea5d374465,1,1.0,1.0
76b74ab4a6a01d91474fe259f08cb51f11c7d24b495a948e8e121bc37b4ec7cb,2,0.0,0.0
9509278498a98b10e437a11306bb140d33c02aba05e9b216d9fc72a096f63523,2,0.0,0.0
bd7ac9621fadf762c148f1faa9d3f6fd422528abe43cea3584b6e76b8966f053,2,0.0,0.0
6b83dffadee3b6fe82a35227a657645d586f3a6dbaaac3c0ae5807da91205cd4,1,0.0,0.0
fd8275f984e77fe8ddf890f91b8245815b05c0d288b3effd07bf30cea6ca88d9,2,0.0,0.0
7e80889f390e806c00a07c03e4371cd1ec396b9154a1fdd0bb7f8362fcda3cab,1,0.0,1.0
ce1c747d0ddda47e98b9d50efdf777e60a3ef15e9178f1ad17a25fedac0cb094,2,1.0,1.0
e3b074e4cf7243b87fc1639f7fc00271a37d7a182447d7a502b7c513af6a2515,1,1.0,0.3
8c887012d6f2a6be7b0bbec16c45958a90580a7f615643d45736e73d0c5fb711,2,1.0,0.0
d1cc32e0bfb60757e0f1fa796bf896a3b428a85f9572b28bf9456fda6659ca88,1,1.0,1.0
3d402e56d6bd1e9a027999587178ec896d12ddf5c3928031a02cc31a490afc5d,2,0.0,0.0
aac1d4ef511ce9b5afa45094eb466a5a2a55fcd4cf8c7922a3b018b462855ec9,2,1.0,0.0
b4a451f60a72b9936805ede8cbecdee6e972764873aa4254848a0db4b4f6d6da,2,0.0,0.0
76bbd9b2cb2c0b9d9d3530e3fdd162e0be026b673333415ae661ce025f1fff73,1,0.0,0.0
193cf6d57325d56f379189f3fda7fe6c8cd2538e7e1c9af88b2d254e962a8484,2,0.0,0.0
bf97413e0c0e3382971fba3d9abfb94e83dfb09d46ddf73f304bd6505ac9999c,1,0.0,0.0
09ab1fd54be1d0a1725978722cb0e67573f3ebe00b9dd8c2e11739f45bf66824,2,0.0,0.0
7a221205e28e9ad548612c5b8aa78d6d79cc1542dfe48336f08b06c90fac61f5,2,0.0,0.0
026f808b60801edc8e68bbf542a2f471767755a04edad545d1dfdaec05461e6c,2,1.0,1.0
a52d44726b9b04bf441d7270e17cd56a5e276a1bcef70d6209bc650de8000f37,1,0.3,0.0
7f6559f3570782d037560806887017c820ad3806d9b3e2afb9def8fdaa6c70f0,2,0.0,0.0
52a63e54a92c218779a7fb2ee5f22dd26d54c1d04c46cd05ef801972d60df2a5,1,0.0,0.0
e586b3f37ce2e535bb2efd2e1f38baa2e4f1c3e85626da2c9be152a596cc672b,2,0.0,0.6
c0103b1e484da8a6dff6f46acf2afe7cdbd52f96036717b0e0eba8c75d2a5150,2,0.0,0.3
844cad22b3663a15aa5d53626e22cd9ab738897e21a98e64b3265398aa3cfb64,1,0.0,0.0
e6beead58461caa14f7aba86783c06685274da586c25f4b005920b3f3550bc1a,2,0.0,0.0
3b7e578a5691751a1b8c8debab93149723be173f9b6bc0865016cd8bd23694ba,2,1.0,1.0
cb87af77f0426b805a96a2f86871b3c0549fb83810c81f0cdd53bb572c5f9d13,1,0.0,1.0
17e65ce3f6f4283110baaa8f0b148efba9063d6806f7fabd22a443b1d1e59364,2,0.9,1.2
2dd1e8a9b02b53522086762bdda619fc9d1c914207ff73a74d11bf6da5af53b2,2,1.0,1.0
da36468e2151239af8c4cd4e6c57303763dde08ad9903f114aa1f62626d405f4,1,1.0,1.0
5e357b052be4372820ce81e861f18f6995dd4ed171e4c0df56d4a3f727938fe4,1,0.0,0.0
85e7a2f86699fec80b84985254a96d5c513faec301248ee8d4c269cb216db33e,2,0.9,1.9
7683e8e46628cf1db32106fdc69c387b23c42260c391299ce93877d0fd9f78b5,1,0.0,0.0
1279b9d510bbc44d35393a99a206be8e31f353d6afac121af0c82991908eebde,2,0.0,0.0
3204970c50c676d44b655ed38f03b109097e90fe2267f87498a54cd78ed97bb7,2,0.0,0.0
b00b2eb31549444fe5ccb1e81d8a220d31a45ce52a2cb1c5c8562d772d9c3296,1,1.0,0.0
d5cb06d0ce41672c1b5033aebffd547d33fb4821f2a9e85e058d283f545dc72e,2,1.0,0.0
4954c57203dbd589b60ae885127188e55bff974e7eea5b24b44399c24d629ff5,2,0.0,2.0
456583f5e20eebb0251a80c13723be295b648cc73ac3d9b206ced1cc652a7aa8,2,0.9,0.9
b859147d88c0c15a5eb2bd2868a7863c9ff0efa6d7cbe777daacdc1f6969642e,1,0.0,0.0
75ba897b0fd0cfb9750c2bcac52275c9dabdac9276a6e4b49c40353b79b3f957,2,1.0,2.0
8bd11866668f0e49d4e0b77a14292815b13f2df33e90c19a7f2807d1f5f4ee65,2,0.9,0.9
4d61e72d04a76923ee0f23fa73deee594fb9f11af79ea2c7c9d1e6178c63c0e3,1,0.0,0.0
8edfc275f98eeb064ce1f5673887c6618e11bfdd552a2013301484993a50f63c,1,1.0,1.0
420f7306a8b038ef733b8659cfeb30b0cdfbe493a3e4e3df70345770d8f99ad8,2,0.0,0.0
8d13fc34bff5785273df98e8f6df9799958d5cc7922a11cfaa2f65b8e3fe18c4,2,1.0,1.0
cbaea1b674ce38637ac3ea3bf7aed7fa0107101cc0118e0e0581eedc764b37c8,2,0.0,0.0
26e71dac1417cb7024c8232aab8b5abf4341821921442dae2c60944588bbaebe,1,1.0,0.0
2a0f3c3aecd660dafe7e2bfe45546a2619b4a4af58b41ebcd7c50f515b51295f,1,0.0,0.0
f66fd4873bf673a6defb2c5d5f5e7f3197879c9b528ed00bd9d24d23b2cbf0ff,2,0.0,0.0
c218c953ac1623f685c50aacb8997a9f93e85c693e89798f608898d11bd20a36,2,2.0,2.0
38e3a34e873591f2f0491613a1bbfa8f31df2e316ed286c19c73fdd729c1b867,2,0.0,0.0
f07c951fea9936929622810c61cf16405982c655adba98aa312926f0031b8fa4,2,0.0,0.0
578f4f67cbac923784e9db7bb0b69f5f7a9c15116c2b326f8c885db3bea441fa,2,0.0,0.0
068fea271e73d12eced1cd532b3bc3af7d64de6b081c14ab7600aa9682dd70cc,2,0.0,0.0
981286895bd9b1601ca241cc45804f9a07757adb2932b7c3e190db064f67a96a,2,2.0,2.0
cea0b023786bb49e4a0f12dbd7a13fdb9a9c9eff33c13fcb5a5da8a6fd302220,2,0.3,0.0
be4c7525c8d925eaf7218ff2772b7c2509ac5af74d680c783db8c9ad077349b6,2,1.0,1.0
7df7bfc8503a15f67e6f922b5ea1a169dd537d68144203675c81319f108eddfb,2,0.0,0.0
6ca00efa791f8e615fcadf639adea5610db980159b804ab6cc097433fe8e8dad,1,0.0,0.0
f49eb94910137dd3384587adc41def5533b5ca8091445cc56c71c44c9870e88c,1,0.0,0.0
4bf8988e4f89492fa8c6db15514e9fbe68cc2153abc57ca7fc553d191759910e,2,0.6,0.6
36656e59207b3a8a5941b5853c62df1ca66c89498cc97ea5b350e03dcebdbda2,1,1.0,1.0
b1a24cee3c81b91c94978cd4acaa2163b144cf4bb269a0bb69a87603e71f19dd,2,0.0,0.0
8b6061f837199057c1c235965a118e0767f9241d44eb19ffd590659170bba7ee,1,0.0,0.0
98d8c795b561efc948e9d2143306c1da25be5950ac99915454c711e09a949860,2,0.0,0.0
db4e16dba5ecf3ee6e3f1d6debdf4c6d51c1a3a2a83a397202b3243a1e3691dd,2,0.0,0.0
e00a18b8ae933810eeef6dbfa8986ab818945fb8bac6ea33439c61990eb1278d,1,0.0,0.0
3ab1410ea7cd03c070f4b68f4a6b3b9ac77d53dde87603d61b441acf53df9933,1,0.0,0.0
318eaa13e837c1e0828220b026058b264b7a2766cb0a33e5ab9105a9fca954ed,2,1.0,0.0
e681dcba86c407bfcc03aeb84cf95a996598fb099140247a07ccfc06ef187f95,2,0.0,0.0
03e1594cfa07b0f81a64d852c10c4e5cd7767de1abc45e73f95d90c32331003b,2,0.0,0.0
62d61e39eb18027901a1576ef758fd5ff6f790c408f8f0f0e1cde9ee90a65525,1,0.0,0.0
f5089c2fab691615763ba65ffe60ef252f01896f9d4acf579076ad4218352b75,1,0.0,0.0
b0b9b66fc10b141b8f6e5ba2f97b0a4a6cd77d8594b3ed6d40b092d3adf18277,2,0.0,0.0
60466a83cc31d16b2e3b97649820b2fb8b9272c772f4eb562cba5c334b332389,2,1.0,1.0
3da7d51119b4b7f5f33e55a15ce75b042d4238fdba131c8063f61f6e5bdb29ee,1,0.0,1.0
e7827560be715dd219dfcb05f40f2832f7ed2e6dc292c401fc4f31713c347bf1,2,0.0,0.0
29f3d0d2ad899bc690bca376495978a6d0287fe9ddaae4c26ea776c2720b9d37,2,2.0,2.0
6790366d46df21e86957392fa04145884f5ac7749b9a335ba7372620fd2d163a,2,0.0,0.0
d8e46861ca09e1c92ddf6df40905f4ccabe8f989ec259ffb557f0b2137610522,2,0.0,0.0
b87b3c9351b4152ed4f82f00167a500e40f766cfeefc1d421575af57e9489850,2,0.0,0.0
f2666b3b2fbd28b76cebc9a1add57959101197f6a5c57f4a393b8c77d9d508ac,2,0.0,0.0
b2ade90f140da80bc36b50ffa3d696dbe9e0a268e71d49ec05118f8325d0959e,2,0.0,0.0
636e01a7162dd2d9b48eb70f73b7879a92110a52d5703700f7779d7f5ef2d643,2,2.0,2.0
35ee5a518c17df4e1609a985d276d5899811d30e28d13d0b0f942230bb047f01,1,0.0,0.0
b9ee4504b27fb720c60f93b6fb0fe07da6ee671c309df3165fbf73f9c8788622,2,0.0,0.0
07f570c2b7733999b23476c695f7cadd04036dec208463ab75bc2d4642cac0a5,2,0.0,0.0
62f3cad4ea007f935de4183fdcf865d1df68d1df9e339208ea6053ed52e3a42c,2,0.0,0.0
98c20d08aa6a7d82cc9edf6c9be8ead7f8d67c48094125b91b0dddc6bff5ec78,1,0.0,0.0
58807385882572ea8fd5e1ac9c3a3867acc7a24a3cd18b73bcb68e3932a5fe1f,1,1.0,1.0
6a3344641f662dc35feeaab03af60a0784cba751e4d6f474cd7c9915320cefb5,2,1.3,1.3
6f8a77a08f8ac8951f59419642be37e85a1c8cfd21e68ce40613cb4e1b57c8b5,1,0.0,0.0
214e7d3645de263b6182ab67bab2f373b6f96a0067b46da7c054ec3293e1bebc,2,0.0,0.3
72bced2e7cd10f4d955a2cf2bc2504ec55cd609c0419dc8c354f1287054980e6,1,1.0,1.0
523e5444e4e517a6915a504f59ef41a6397b682820bf4ad28fbfca79e4725e0a,2,0.0,1.0
5ea81ff556c0222d46f4cb049671cc491ec863ead979d7b837798b8386c09e2f,1,1.0,1.0
a791e316389cdc2264f454284b37bbbc6af6839794ce19334bc513e5a03c9e5f,1,1.0,1.0
0b0e0292bf957c8c2c5cbca6ae05a7f1acc2f813a9890fa1f9f4c04394b1251a,2,1.0,1.0
3d42999093818be066d501c92af8379f87a1f5fae58685efc423be67185409e8,1,0.0,0.0
8a997973765ea936061aba61706c84689845f3b5fac83a054967ba465175a33a,2,0.0,0.0
28806f66678511ffce737c67b544c1af6d2190afbc4b40de4b991dfee6ca9bad,2,1.0,1.0
7b98cf950adec740dcf9d5e802e974a17bc684c51a925b35d8fb71a71a758835,1,0.0,0.0
55a660acde4fda8cb8d2974d5c352d4bfaefe58906c0c543a410707365cb675d,1,0.0,0.0
73cbfade1a272ae10f5c40db965fa8108ffba0c49a41561aee2dd38dae41a382,2,0.0,0.0
41ed60a7ad61387e74479d389b08c6d51ec8bbb033a04b2b7c42c0a928bf60fd,1,0.0,0.0
5b0a98e71499d00efc2fc2ca9d7fecae82ad924458e3690bdcf0a6de27a3ecca,2,1.0,1.0
8bbd224fd9ad158697713f9f0d3e86518b24785f1e1011cd76c127bec1f86cfd,2,0.0,0.0
ea5304200119d65f6a947a8f6ad955cf57151fad25dc51252e0c0bc4234cf779,1,1.0,1.0
d5b05978fe577b266fa05393824f164c03e42f8cfa9545bdbba5cc9939a969a6,2,0.0,0.0
69a42bf7d352ec0ef29b0274be9b5d1418bcb23cc7b656340aff408efa2cc378,2,0.0,0.0
f2e75896700413cd4d40114a65c5d04774137edd602f7b2a4cd44880de982a81,1,0.0,1.0
1bb3b896d1fbb8bde9832414f85af7c6edee1bbed6428b33aa938ea0a66c3a58,1,0.0,0.0
225f0636e1af9676af706760aa0308bde8f1ee06a07ca8a8b0ae06f285b6e4b8,1,1.0,1.0
2cca3cba8420c3368948be2e85943d0315ae25881b46d9e9412234d180686141,2,0.0,0.3
d02ee223eef17b4c644c3ab73f9ade045590d3269f3f2105d830a5897e75eeb7,1,0.0,0.0
a13d874d0870fa9ffb0ad961d95870cf5ac897ba69ae60e999fb3ea2b50d09e2,2,0.0,0.0
cb638e03f3d5b889cd2c5064d901198152eea3d4a6f16fc39348a45925af5061,1,0.0,1.0
4d6f0c5393e834e4a700693fc25fd6adbdf2f841f6eda8d7c4a3ef17ba1e81cb,2,1.0,0.3
effb43e3d3180670ca6f816bb1280ccdfb9fdd133b8f4dee91128d5152bcfa63,2,0.0,1.0
f0f327705ac0c4512eecd848b9a33ea926321eb243b89864b48673cd30caa409,2,1.0,1.0
abcd2c943e88b7fdf92bdfbf936a61507c0c300d32c191bae46231945e3c1cc8,1,0.0,0.0
d10ac11039722a18863a507b8a51e6cf33eee6d5309f2cca6607336c588360fc,2,0.0,1.0
770d8a141b2eb7fa91e7b6e456e40c164a41bba23730e9f8b71386ef1e0cc16b,2,0.0,0.0
8f7971e6db25758700925ac1489db85f040f5c56ce5853b705a5dc9b806c55d0,1,0.0,0.3
06a5f1d7ac3e401d8d583dc8a70c61214fd13ed0080a5dbbd43be416897f16b3,2,0.0,1.0
c01835602564f8d3db99f4e379b7fb898eab0f60ee53edf3fefef4b3ad6a2270,2,1.0,2.0
e925d0f23f419ea8fd60075fd5e8c970b2fcaad3c3942a5f22a31cf38e731f92,2,0.0,0.0
f7b6481da3eb7a0d9dc9613a4f4ffd1150fdc34383b495fe0762741163f7e1b9,1,0.0,0.0
170cc1205843a31bcd0ad33d8270e54a85ee3e7d455046d0b04247c401b78d1e,2,0.0,0.0
c47e0b4988e30f4857b2404673a8ac939814a4eb17bcf72e87a94d6a8de61a62,2,0.0,0.0
b415dd363040847585ec962fea420518df4bfa5a162b3ba4b33cc31720a8037a,2,0.0,0.3
9fb94e318663dfe5e52d1dd2bd8f0342657f9506d74cc69c999071dd31bf1e4e,2,0.0,1.0
54cf69a31ebb2ad942490d511bace3e4423e81e6eae20699571976500538c7cd,2,0.0,1.0
41f97b8eb69f2d8d1f03a31aa4c160e471418533393b7b633ae9820427a9d623,2,0.0,1.0
ef32d92ef5768e44c510e5ce73ad8e63f77c08d7ca1273484ae5f4dfa6390fc6,2,0.0,0.0
ff89587269f5446678439160eab783288789ee0f44c1ec6e57efa39f7cbad6d8,2,0.0,0.0
45000db3d19365d909fe6772682c2ff252b29d6335a46f5ffd33984bdac6274b,2,1.0,1.0
3c5043a2a46cc6e86e6d1796e0c7a53256a0a801017cc90b755048266939e94b,1,0.0,0.0
18488797f6f91b50e233301def98b7a4232e764c60e9c15d76a831d9ddf40dbb,2,0.0,1.0
22768ce0ab0cd5d4830e1d8214179a32bd7a2c86bef897190ef2d1eb8352de92,1,0.0,0.0
44759623dfda53d8cbcce3e5404962cb46f7d9bd748ea22e4c6f9e5e99a55e22,2,1.0,1.0
cb01229b91351ea7136029726bca184de7588caf1de4a5146538c198012ae60d,2,0.0,0.0
8fca7aaac632c04f9b1711f12fbf141fb69de439ae4a82bdbd048af744621976,1,0.0,1.0
068e10abed1f31974b51db058614783ebcb973e84b632294e233298116f44aef,1,0.0,0.0
25d9c9a450af2625b384e4ef5c6782e991f35730d28653e16a4b5e4231a6a6db,2,0.0,0.0
3f09ab852a2adacdc0c185c0309b439b9ecfec40bad2e0990dd2f1718e7c57b9,2,0.0,0.0
c2f30ac579341674760bd0d807ef2d2a3fb460ba30629cc611df649107222734,1,1.0,1.0
8e6000f6164cf77852d734d6f6ef4a0fe521d49d0a7f083653da71beb460ab99,2,0.0,0.0
d83e45895d8eb6069a691465f74710bde8bc5a5f2676ded62cd2faef60b29846,2,0.9,0.9
61e3192e50089c959e154b0d5c5303fa251a978c10ba8fc8ffded4b47c38e853,2,1.0,1.0
013553626f4522c6cb6916cb17fcf08cc6e22b7caf8ea36fb5ad63c1e6c1008c,1,0.0,0.9
8de76420bb8f99fe99f728c7d51d39d14a998fb44592ef0a8a5233ab89da2227,1,0.0,0.0
404502a7592df6f016f61b5d507b9c790674eb9758c3aa44f8958dd480e5a769,2,0.0,0.0
8aecd29b0b527b38810a15aa325f1491ab98a798e968db1edc0cac1839f485cc,1,0.0,0.0
b7cb0777a37cf97f527e4428c68f797ead4c0bfbcc9a4b3009034acebc121bf9,2,0.0,0.0
8898ebc43d5c979c8330f0bc309df8711a26c7648ff83937872c6071bf87a7f2,2,0.0,0.0
d0c1ab7eb4ace9cbf067a2900492eed647ee0347cbffb8d663ca6c3327acc9ba,1,0.0,0.0
b0dad1c8cfcdaec934f37be0613ab2397186daea003ba780c8f01aa65fb4beaf,2,0.0,0.0
ebc96ad931d1fa0db288e4f5a7b5323f58b78ee892dcc15355506253c96d6bbf,2,1.0,1.0
745c8c9af9c3aaa288fbbb356191039c35296b24e3cb06af331697b056db6c14,2,0.0,1.0
a3dfdf852665aaac5e5d0493cf2f32c9adc98d04ac2e657d171eeb3e0aab047d,2,1.0,1.0
7b43c9da393e0f52fa63e777191e58504ec48699b6c2750d6e6d0b367b02f7fa,2,0.0,0.0
b0cd5d0637d48b1425801cb420516b8f88f398786ca5ce0d8e8cb4514f5ba91c,1,0.0,0.0
6ceaa7674f766bd139e8b22bcb7191246bd8a494330a1c727831b07656de0713,2,2.0,2.0
770b3c686775622290a1837393b5e9262171fb3b89ac8de05acb5959abb8fc30,2,1.0,2.0
81ed4ca5a22445246859a7a4517530ae11f04ce4e5b77e7ba21a78d4d8f6dfb6,2,2.0,2.0
3cefe0613d510be53ee2feb13cb8262875041721e485133d81f0b2c96335393b,1,0.0,0.0
98bae87d043f36abb6a6b7113b81894ccb4c32d18e36676e61d8bee96b4613cb,2,0.0,0.0
f4ceef85f7ebf404647760144a8490a2bd4b7953930c1483522024b62b9985ad,1,1.0,1.0
658ec738c9c66eeb8d2ab19a7ff5488af25ef05cd3c12386308f16d48abfc9a2,1,0.0,0.0
ecb210765f220970db23aeac25ef177c91dc59a1fbfc2f01f8918b0ae89c6731,1,0.0,0.0
d146e0f71bb815e851c2bcdd05aeeba65f127c0ba9a07395f884031122a326ef,1,0.0,0.0
c1c8e9a2a6b8be0a24de76b81277203a0a4e4830000b76409bf6f93a9f63223a,1,0.0,0.0
048f9e97041474d6ce5c42bd81b85bb261d612d6c511b768b6c16e6eb869c15f,1,1.0,1.0
4fa89d50ad51e3e1cc1c0f1f07e745e47998d8eb1afdcc1d6cd41989c6b9fece,2,0.0,0.0
8be024fd34d1efcf07baf0f96411bc4f1a8547fa02fdd26a313b62e161788518,1,0.0,0.0
751acacc6f633247a2ef6c3ea3505a9df154a64c5869625a812843ef082c9fb4,2,1.0,1.0
7835c066c9823a0d3107d732c5ba99b311298bbc66369760c128f48102d089c4,2,0.9,0.0
db7d218f998b8313cf4d6fd822c342b3eab3365032dde645e15318340e2b35e4,2,1.0,1.0
df6c43e500e6407382e15348474358b0b74c6800d5355355628af957d797602d,2,0.0,0.0
4304cee7aa66b988f8d51f9b5c37b5d46794b1781e5f89f8f6aa6eeb5cc8fa8f,1,0.0,0.0
c3ed86bd9d643bf17d9a204e8967d6639f9c3875c069ed44c034731d6b15d681,1,0.0,0.0
b15f0012b1c720ba52df774235582949c4872f4840b7203fd08b508e368286e7,1,0.0,0.0
e1bac871ee0a898215ec9e675261b7c189d3a4dc1860f95592fa9a2a52d52b73,1,0.0,0.0
e7259e5e709ae2c1f03d9f2a44559aef13e83df11cb5df8f165e1082c031f8ca,2,0.0,0.0
4cb7eb61ab355112aaeb8fc5794148f8cc8fecb5ab9c247b2a2c8b6e0673c2f6,1,1.0,1.0
ec9d96a7f816e8f8758d01ef8ffb1e14be2aaef1809e4b0e6cf7a55dcb20caf8,2,2.0,1.0
95c0f991f9deef77bd6a1593ea6b4fc6f4b3579ff4784d504e62675a29b6c5e9,1,0.0,0.0
3f4b1f706bba59d83f6e0bc4ed074f41c1fb4397cc58c0d46242ad9043270c9b,2,0.0,1.0
c2963acb1b291930c84b024662bb496f013ca651ef14d1f09669e753404cc908,1,1.0,0.0
e1cf5131a332ad73822ad7bfe8f8b990be7bc8a4b79a9d2d35cb7859cf3a2dfe,2,0.0,0.0
eae8dd30e479a41f58168a541bb92eec02fc329d6987dd1d2adac78d0b67999f,2,0.0,0.0
ccaf9dbb9fb2e36ca4da412078879cdcaec8b7f923250550cc6f0dba44d7eb89,2,0.0,0.0
fd47160a2397555857f81030d8626ab8c7314c7662039a7e7dfec66d8c58ee27,2,2.0,2.0
b5bd3394bb733a8a9d5f27dadea6359dcc11f0dd7ffc7289d0e35b7be38dd235,2,0.0,0.0
08ea3e73bedbbdda6ca37ef06924f50d23a57eb5749ed16706587c9a27f4fdb8,1,0.0,0.0
5bc4f042227df7cc280305d155844901f13dc33768f32bcba6d02cc5f084a16d,2,0.0,0.0
b336e656c9591b4210fe62d568a70a5f4bad407fd6bd530dc5d477012d9b023f,2,0.0,1.9
aab95e586abe00630c5d0ba0493d82058c1a7ac6a395cdfc39c729e4409b98e5,2,0.0,0.0
a2f0b037de1adc39199597acbe98765b854c9c0f679289abd2294b2a8324f303,1,0.0,0.0
a00456895f1a6ae34f2d5211d1183895d58ccabc98a1a63c89b206a508dd9542,2,0.0,1.0
41edd1347122a939cf4558378a7db68345b0303ed54d7f8fefb29440f663158d,2,0.0,0.0
5d837e1b17cbe806d450f9b542dd176e9b0ebe76bb987f1b2e8efee6f9cda223,1,0.0,0.0
bcfb18625ce916f7e55c84e475d992eea073572cf8765dacd09ab4d5c5930a93,2,0.0,0.0
6c8bcf8dbbc69037168959612d07de4ad1c9880b9dbe0a7225bcc51f06c00c5f,1,1.0,1.0
ce9b182b6f0593a9a16e041597d297d9f9f98485a0933440f6858fe078d9b24d,2,1.2,1.2
ca2fc5304389d86f0fd84db221705e7fb86064c28dbc5365493f7a6a3cecab7c,2,0.0,0.0
3b62a66c20953428d08575fd4ab6caf98c80d942aaae0311a73d2b6c4cdf861f,1,0.0,1.0
e81be36fad3523762c1c5a80077ce090860cf08cbeeb5a2612c8a95b28fadd06,1,0.9,0.9
eec275b236d6bfed70d8bc1d231e8643236e7cab3129ec437f44873163101ffc,1,0.0,0.3
881adfaba82d274ccc7d2f3831f46ba00324ca6d9faf7de9745bea59f1771c01,2,0.0,0.0
6241b1d0eb89aaa2d6d8f08b9e86227c3ecc73c441a1d883f7ded63919b57ea0,2,1.3,2.0
ef96636c1314a940357f0e8d97ee90a69fc27ea6bbc3766d1f1be22599436fe1,1,1.0,1.0
bc76a7adaeb399aab1570e8d3e821554f6355f6a7ddf5c1af5df44770da59390,2,0.0,0.0
a4473195834cfda7e15e9642ed4072a6800c5730955ef269912e39ae0154c891,2,0.0,0.0
17b0bc30fe202effe2c6891ba0a81949d28458278039f8dec53c2a00e00e2a1c,2,0.0,0.0
a651a26e33fdd33f93e807b84788c12e36eec4c89c6069e51280aac04aa6f20b,1,0.0,0.0
7183562a3f664503a6f1c222862d0340529a39fd48e04c3614e506412d491b6d,1,0.0,0.0
003926c7f697422f7ec95c597f23be84d3de756ac9e67396d93a6cc2bed7cc63,2,0.0,0.0
b92c80f15a2bc59bd1b761a14455b0f826ea7db46222b9a67c920ccad43996f8,2,0.0,0.0
2ef25721d6f08125483cc0ae696a1d32cb01e2907ef257974db34afe3c4c4aa7,1,0.0,0.0
513c7448e33ad59c618e6e53f1727f6288221f404fd6d6bebd638826c65964f0,1,1.0,0.0
748b34496a4d540ba976e635bb8da5a18ef98032e7c3380ee1055ba89599d28f,2,0.0,1.0
89f6b623378b87673788d303d585fc2f632e1a916b3475893d627b5b339572ca,2,1.0,0.0
de52d1e081935bd59f346e24178de83fb4ac5315dc806b0288157e054296817a,2,1.0,2.0
460db39519a7daafc562d948250732facb425c85312e9f683fe70255ab694791,2,0.0,0.0
a66b65d74959d1377c7e19b94b379116410a2f509ac86171fb3879164e6ebee3,1,0.0,0.0
26486c16cf9555ec1cf6c4618356019e25f75613a339ef4cb12c39ac18d3a80e,2,0.0,0.0
a6c208af55950adc3b9c0a02a2cce4af7ec102e60285e6e544c31bfacc092b5b,2,0.3,0.3
27a7ce3de2db0ace73a3246f9c7d47fe806b5669eb726d19acf40df99cf47481,2,0.0,0.0
e373e212e9fbf634928c496ddc785f318fda65f77e8313e9e844fa06535f4ac5,2,0.0,0.0
2e4be1144aa289963e7dbed67dd68fcfbf226faa2237b1f48056451435294095,2,0.0,0.0
bf3823baf063ac5f8556b970a8e4307360ded355ad46b0686f04ee19a2fe3f8b,2,0.0,1.0
d56964c7e8e8ddb61b6e808e306857aa813b64094a1ba26ad236a315fba12b5c,2,0.0,0.0
9ac57f717c434ea2b2fa99f4416e70b9de74587e96790f1616e4f513fcde802c,1,0.0,0.0
6d6f81e14584195377cf8e6ef9a0c722760248e1e8de486b7332143a85f5c116,2,0.0,0.0
15d4a41831220139499bc84abafc6bd227f2b7175685dd47ab216e406023e1da,2,0.0,0.0
e2077ffc61c145d40b152bd5a8ae371ba62c16a761125bcb87f2f4b28c752387,2,0.0,0.0
e4c0a99aa37923ddc223c92da4c10508a0f8413c74490d1a6aa621d10ae603c0,1,0.0,0.0
1f5f26b7b803b6dc0021e59754219d6daa3d635049351e29dc359d578172fa61,2,0.0,1.0
4739252ab8f213d42471a0651ce022ca38d66e4020b8038e8324215b83720c05,2,0.0,0.0
11f20459bba3a4e26371ca1c15b4be2fa77579a709659aed5a413ef37428f229,2,1.0,1.0
4e478c7c1ee7141918d033c59abd27cf11bee22fec76207522b907b5e39bd7fe,1,0.0,0.0
2b961134a3fafe5f1bf9c7d0612fe59e9a208f10f106c04d15cb6ef60d6d32bf,1,0.0,0.0
ba92d0a0791bf56a9e4f911f9f840a6ddde9175dad0d47c80e80770fd0104e95,2,0.0,0.0
bdeb81d9a928e845650837964c5f2bc59c4e9d0d91673d6af1349764bf96a42b,2,0.0,0.0
c1b5d9c053be82e738d5e77260dfb3fcc0eb9cd77491d513c24473f687a81452,1,0.0,0.0
2c63d52e8be64061ffdd5c108f9cfab441ec5d81b7a7875f820b0e406b301c06,2,0.0,0.0
4ba9c7126da9b62ebdc0c5de6ab51a79854c2a7e0b8cf83a6b61125eec743496,2,0.0,0.0
22bfad7d07bba1575e0831bbd5b1f17bb4333f76ec418bf6362b2fdde12b9354,2,0.0,0.0
b9718b86b1349ae75c2ee8ffc75f75335a860b99496e5e9981ea588300eb4c56,1,0.0,0.0
fa77e063f16e02e424ed59d7a234660fb0390daa5c4f06dd9051b0ea4077fecc,1,0.0,0.0
920533dffafb0487d023d3c60dc261f603a318271de76d5db086de0ac40c6f04,1,1.0,1.0
3c47ef3be1d1ca11fdd36429947f494ff088a5d0cf8879ade90d45cea048121b,1,1.0,1.0
358b05f5bb442e92f11a5ad5b1277646a4debecc511ef32c7f60a2c84dcb0018,2,0.0,0.0
ac4c0ebe2ff4e40e5c4704573865ca1b227747030f6bb631fb0c15c8076d9906,2,1.0,1.0
0c2e677b71c7488a65b20443256a0badb01811d0acb7316e72928e09749c9464,2,0.0,0.0
f40ab446e91170a241409c7f4ada1cffc5a6061b4d3aea02c77399d2830de58b,1,0.0,1.0
b69e4f11968f3767826427e0395edbbf4930defd841d240e73d81b6d3f2892da,1,1.0,1.0
2decc082d611f239ef2da419eda4ae709e4853e58767d7894c647f1320c22c59,1,0.3,0.3
761ad07669d1cd1db052d0ec6be40d06b45dd6678ee8fb8a14d05a78a57cd0e4,2,0.0,0.0
f7054b06f451e7298009235d5e485c1428847cc19d6999467022632412720238,1,0.0,0.0
6cf2818b414d1ed25bcee40cc26e3f09261b5d55d9548616b7674eb8f5d79ff6,1,1.0,1.0
28d0de6d68d595536a9033da598c0217f94574012b95610faf9ac40ff5feb6cd,1,0.0,0.0
feb3bc3439614849f96d11ea5824b950213e2c51d655f37e123a32765fb862e8,2,0.0,0.0
ad01a8dc7c0f4a187fadcd1f5ff4873c477f9b7c6b9edae660a18819f2e10011,2,0.6,0.0
a030b1ac92f79f251a5a6ebb8f7ca77ed8fed47aea4c2871cf8e79e407f73b60,1,0.0,0.0
249d3b0dfda472f53704d81aa5a237858d8c868efd0b5f933025d3103d491c1b,1,0.0,0.0
ab7f397dc1a0b3417f54e6ab4c2dfbdc758a96c793b7193f8482bb86184e35ef,1,0.0,0.0
0882f14c780cb181dcbafb43e4543d2c45304033924aa5fd9c8137c3aee736a5,2,0.0,0.0
b6955aec1d9cf54733d167cfe051ba42c33c042f64b8cf7fb944007588a05cdd,2,0.0,2.0
39e64d9c7008019d70ac961e6b7c7e0ccae23e256a839ceaa0d255ca3fd2ade1,1,0.0,0.0
b99532d1964b0f4b66e9fa29630fe9f161de70c9c39e7fbebd3e2c19835a9573,1,1.0,1.0
d2eae433b682a2cf156777be30323f79e48f4717bb838311755ff55312b333e7,1,0.0,0.0
72fd29e25095d62da8f0e959d475d8f3d61e5ae978918e6f5597ff18a5c1859c,2,0.0,1.0
b69b1ba62147758f8ea803999d01655fa906332381db3f963cb8240eba43cb93,1,0.0,1.0
0209a84d1c608929fa45abd298e2ba78221d728f44427a4dcf74bac34f0d0102,1,0.0,0.0
24b323059961aa27ca1680751a3f4aa7ccc74745f9d4fa1370daf71dd80b2445,2,1.0,1.0
7ff2bea12dab4b2ede44b954209bcb95b822b0115aeb8afb0151fc84a6d05c57,1,0.0,0.0
14c5159ba841dabcb354051246a71ee741ce2a01b76565cff5ae092c897687eb,1,1.0,1.0
10728071890e02b3b5d00348147a2517e9da9f7e6eb577c29819c5ea55acf0b9,2,0.0,0.0
fffe79d0aa200f2c67bb2b1cdf39d2e485de1882339d3cfeba3c574e594f7fec,2,0.0,0.0
5992ba29ea64d1fddabcb59e3dd4595c329ca2df271914e0b9b040c44264a18c,2,0.0,0.0
3a80772189d21fe782a3693feb7eb5e0fdea248bd86da0a4103883ac04a377c1,2,1.0,1.0
923894c44b57c3010f9787f773316ac6d65d3e48507d964302de0085c4462135,2,0.3,0.3
66717d6483c8e8363e03a08882e73b8fb02f9d56bda07afee079b5999a8c960a,2,0.0,0.0
32c52b824ffc165194209f510b04cc201e7902b6ca2f1c848b8360683df6065e,2,0.0,0.0
d7687954fafbcc8dbcd0f31593301d93317db5a97df1b8cb5dddd28a84160711,2,0.0,0.0
eeca9a15e420917616ea8d13ca653ca6f666060f6f1e67cd8d22591b36d67f28,1,0.0,0.0
55252c9ab2dba3849335139a85b006dfd251c3f9c6583ea5f089dd3aaebfd512,1,1.0,1.0
3af9081c5d2d4ce4a05d25a01f0f5100016de7a1c0c497618a2846f4887dfad6,2,1.0,1.0
8b2325344e98ad7513520696e0f066d27bc62719b17c0a8ece42cdfe9e316e37,2,0.0,1.0
db564c8567240b6fa5bfd216101eb726cb59f9ef03d39c4d309d80600cdf9cd7,1,0.3,0.3
17b357e7bc7802035d7364fbc42c47916c3c2d1e863bfd309073ac2628eb8279,2,0.0,0.0
0181bd687a092edc7cdcf80eec40834a8f3158fd481c962c04772e60167149ec,1,0.0,0.0
4c7f501ba34c493c26b0dd4aee6c06f8ea05bd404a5297a706bb25f66b8790b6,2,0.0,1.0
785c49806381fe6da97863aed6a106f00f193bc01ac162db11e25b133adc5eae,1,0.0,0.0
f39591fe163cc4fcc9d26bbaf6a2a2ddc6ecdd81fbfc35fc66337661ba9db450,1,1.0,1.0
a428f3000b243f9dce3320b34463eda7a1fc90ea66231b40a320a67e43c52be3,1,0.0,0.0
873675e0e2fdc833ee674d5133a2157cd191b6f8132953b194adf233ea350377,1,0.0,0.0
0fa1f8d77a475660914048b62aa17012c8048dc437136327e305221776778643,2,0.0,0.0
ff731de1dc8496b7f6a6d6a44618c30644d85f527db092bfce07854e78e3cfe5,1,0.0,0.0
263e9d5ffa2fd96e6906f5e53551cb3e8645f9a6405f27007db6335c65370733,2,0.0,0.0
31e66529de1b7badd6439c187bb0da0be9769d96a88f68518b90d7aa89d7124c,2,0.0,0.0
4122524a9ea4de08ffe391bb1b9b805cf6e586a7b56b26b5ee33c25490a98e97,1,0.0,0.0
104f77884115301b5dc760fb3845817fbf52ef754975a86479e395607ee93a79,1,0.0,0.0
2a2f1bf451af4bfb37529eaae7797a8d121118dd21b6c33466997706865dd77d,1,0.0,0.3
943f61b7e73b4af04b1319456a41ae334e727103c463c64f63aee8e2a6def540,2,0.0,0.0
8533bedc2827aae86800a8dff74bee6b755ef00dab405dd85c304db1cfe8d7f6,1,0.0,0.0
c2b4af03dedbd902792117c09e7858b89adc5d9bc1350f72559bd47bedb70dc6,2,0.0,0.0
6bf4674c0c738382e60a77036c47083b1c7a6b4696a43ac2ff43feaac7465f07,1,0.3,0.3
69aaa982576773d3a0ad4fbf02479589e534c835130b4a7ef0b8e5430eecb2e0,2,1.0,1.0
dc1086528a474124f809ce36aad8e2f3e73e3b55bfab9e9566e8a1cacce8dae4,1,0.0,0.0
57a6fd958eddd61a37938509a8b7cb8ce760aae816a08995ad65b002b5bc2d54,2,1.0,1.0
4981f88d33ce206eaa4aa23e3db942a1e1f054924a7e17a187853eb92f1b3773,1,0.0,0.0
b4be3249809b28481d56e3454a85b9d5f4675a0d4d827afe3e16d3f25057a743,2,0.0,0.0
88fb61ff94fab3f11892fdc1d5ee37f7778429de9ccfa911084c2d1edc761d88,2,0.0,0.0
e62fd9ad708fa67d08ceda4089d53930ba1596b75e31a0b62892c04de369c293,2,0.0,1.0
8f57caf918c4ad167f9762883717ca6a4cb0f7c4e9c142f2d834e43dfc8088fb,2,0.0,0.0
f7da28205f1087382b4c2be7152dc10b5beb3ad39090fa74a034b6d7a6f46958,2,1.0,0.3
f845edfaf8711708b76c7e445968132cb314b2f9236de77b7faf0c174e522708,1,0.0,0.0
68e931aac37eb54bcd3fdcaccdf54ee56f492729ecfa209b5bfa38ad0dd995b4,2,1.0,1.0
cd711922b2d359ac5f9719ecf8e052b488a248daae2a0808790583c9ebb73ce3,2,0.0,0.0
b289651e7c9517d67b1e2b8a42cef83dd5ef3bb8e76dbb9242641b3921f295f4,1,1.0,1.0
41eb541dd5a0c216eabca7ed9c793a57cd20c02541a6744a02deebd4183696c7,1,0.0,0.0
2ab6b1f1d5ffee943d5dcb772a27b8466aed6cb09f3e0746c1f369505d64e0bc,2,1.0,0.0
31aca1ece384cb24d96145f62f3ee0d5a0b791a777b5af673489acc7a3b8451c,1,0.0,0.0
c6b4a7955a7a111870da698c9451d732f9a633a2525df202fbcd1bb86f2a90c4,1,0.0,0.3
48d389f43400bd477d5f2b93b5a983a7aa24503582d2d897d8d8c674a3809852,2,0.0,0.0
dd8b9f3f83840754ee1685fdf79713897599b5eb8c018915de726b29fff85d42,2,0.0,0.0
ad2fad08f17a17e762634ae44cfa2a64759c35ab4ded8014a5fa4908e14630fa,2,1.0,1.0
eca9a1526a4770a39c7181308a2aa74b6cbb9bb502a09f6f366daf43c02928e6,2,1.0,1.0
eb7f9c225c8b1649c246c934a4df9baa623a78744e4b0be2fe22f92c48ee29c0,1,0.0,1.0
3c3e059d70fb4c8d7f772b14d7e37448307f7302729e9d06de15ce2c3cf5bde7,1,0.0,0.0
907be22d3463ea29e1f0a597f4fe2c8273a34413893250bd4ba31a2bc161fdc8,2,2.0,2.0
fbd68f22dc362aac922d92d3175716679ee166d413de40d73a5c3937d6d65020,2,0.6,0.3
8448045b579ff632b022224dfe2f3bf412c5ade082d62b0451f213cf64423796,1,0.0,0.0
50582c7de6fba19f9c2da4171a63ca7146674c5ecb325a51cb4c4a1a88818f95,2,1.0,1.0
6dadc7a7b5fc26d30db7baba1276185903f784c31ffad810d1ee5a98eb5dfe7f,1,0.0,0.0
ec394be9428a428248217eececc09dc41c9bcf3553fd65c8e59155e8e5c9199d,2,0.9,0.9
4827d35467b7b618da63497806a3004521a30e5473abb85db34ab95e57a6bfc7,1,0.0,0.0
1497fec9ead5e624db1c95ebc91b5fb0ced7a7256d97b95716846a9e2104616a,1,0.0,0.0
61362fd4c5eb44e517fcbe436a9189e42e604804a678431fb916319f92322d51,1,0.0,0.0
2d2dc3545c731128ecb3d7a9e294ae773cf4c72d6af080a1667091af2e80efeb,2,0.0,0.0
0deba1161d5c7ebb0fd216b0ec24bb8533836481e560e1aa0859c4852780943a,2,0.0,0.3
c22772c47946e015924b6000622136cfe1c5422948ec6c2bc1f2ce16f1e92fbc,2,0.0,0.0
fa7b83837935b2dfbd53aefbee30aaeef5651cb54ad169109c6d7dee4e09d3e5,1,0.0,0.0
57d8cdac4538138c3470274bffd0c8540e2bbd25c4b98dc066cce0783565cad2,2,0.0,0.3
6da65b754b8cbac03192eee5bbba6d19fb7b4aef697e1bfd672c02bb68b32719,2,2.0,1.0
51fc8d51e8681fe95efca107eb4b9a0453ba1dcb08c996691f3128491305a225,1,0.0,0.0
2b3a0a43ecde60c20c4588285c383b19a403880dc9fd735738d52bce54798920,2,0.0,0.0
532934fd7e162490bc262ee27b681856b060ad43dedd0dc5b67e76ae0536e2c5,1,0.0,0.0
caa1dc4066bffa4800055ae63a7f7cc0b6e1ff78853450c8578267735d3c42ae,2,0.0,0.0
49fe555e5ce16b2407ba9b131d07da0718652e1f5e0dd72b065f5752de8d1c39,2,0.0,1.0
e70d3a2ccd34e7f286060c7cda9167ee1f8bcd2c9759d48d3cde8c3273f07633,2,0.3,1.0
e9a57c45f1bc5642cb6de6b92005c8e4029f45641239832bf76793cea65c0aba,2,0.0,0.0
717758c7922ace34e774607c7fe918cf8f56349218a1551f7a29259ec6660301,2,0.0,0.0
efbe8b6804edd89181923e11e92e8a140f28e813cc4d47c9375f28113de00142,1,0.0,0.0
cd0bf58067cce5bb9baa448e71b4cbb0315f89a9f9d7a252ce35c1ffeeccc439,1,0.0,0.0
3f3dbc4032ccd264dc66f154134c4224d97bf9ab6ba8566092288d01a51ee08a,2,0.0,0.0
507dd66d19e90f4bbcd851323106591ce11a18ac0f1d721c1973cff157639877,2,0.0,0.0
e7178f3087d77f33149fdb1ecef9bf55d3c14d6cbca35bba08056bc4dce7cd47,2,0.9,0.9
0122f529ac3b34c48bb35201db4aca614778027b1860af863090d9b6119ce4fd,1,1.0,1.0
cefd33cddbab195ef0ac0d28d5d0101e056507d3adc3c4617adb6d6e4a64c239,2,0.0,0.0
58f6d1927ef54ff929153e4cac905586054c2c22cf68c365d2bb4d5f08bdb966,2,0.0,0.0
dd14c9b7a6a45089143db38c743617c6707e2d368c6ba4825d4ae2b63dea67fd,1,0.0,0.0
3d70bb03360e90703584a9fdf25f77abfb36aa300a1dd540139442eeb397ceec,2,1.0,1.0
5b3d3fb063dd9c823150ab18aa2043d81783ed979970b3465bc778f3624a22c7,1,0.0,0.0
c823095471bb4b68829e96a4218b81b397eb905cc34b64aeeb0ecc07abcf1db3,1,0.0,1.0
6b54c41118dbe9962ecbdfb721dd6dacd195f72dbe3fe5c7708a510f9582832b,1,0.0,0.0
1a553e469535283623c8e51dabd414ac53b31edbfffce895aa7f359fd0b52204,1,1.0,1.0
64dd43c11de5f667885abbb7511c6c64fb9de96227b356cc8c2c0309f75bdaf2,2,0.0,0.0
35e1e647da91993237df0d7b1647d1ce167ed1234e19931015fddb0eceea1737,2,0.0,1.0
86622aee88610737cfc76d825b9299409539fec695253114f5d0378d5c8a3ba8,2,1.0,1.0
325c1be2e223d2091497df1bd036d5e86d91c14dc5d5e0602cfeba8f6da8492e,1,0.0,1.0
6c823af2907355c1be1baa44701b66b75ef5b9a2bcb0feebdb20a668c6981806,2,0.0,0.0
5ee2653b4c3fa5cd021cc8946a0bdb7f17f36813162019678666581074921b85,2,1.0,1.0
70cb759276c78284652a120702eb0a1b4da48296cc97d8fffb182a6c58846fe2,1,0.0,1.0
b3dc94a6c7cd5a70ffff42caeb5a0e885fc23b8a990014f4de710ab8949bc62b,2,0.0,0.0
96dda2e6fe2eba3631732aebb618b4454283927f87458f0af5a3aa2b34eea919,1,1.0,1.0
5f272a11c9f638547846eb0426440cc27fdc619ff9fd2e3fd7f99cc1aa0e9415,1,1.0,1.0
3a8df85c5896338cccfc66f868fecb2aa0b3256b50f83293d56c41b9b54784f0,2,0.0,0.0
eb5ffbb127729537c8104202babb181392a2a95224555e8a630608599434422a,1,1.0,1.0
7476ecf11e7d057b1819bd504704f123bbc3c703e8e279468a0eed73fb56966a,1,0.0,1.0
3c4bee51e4100ec0659f11b2eeead8bcd5a35bd250aa03342780699f8e8bbe32,2,0.0,1.0
7ceda4814a7e9f200a21f22c6ed574f4462038a9651ece0a06f19e186d280f4c,1,0.0,0.0
4a9e8de6e679782bdb4a6c3eb13bde51fec7e9e8b8d841c2a372191daca6b536,2,1.0,1.0
f03a9b4e0745336b2e56c76c50cd11315277c0d17141d70b6a8c52ea8a144a21,2,0.0,0.0
3f2c4e4a7d77779678ce037f66f67f5fe0a888afb8ab106ad4c9be17dc32f356,2,1.6,1.6
51931ed77eba90eac33caf854113b726515a5e508e6f9a65478a389440251315,2,1.0,1.0
947ac3a37e04c77bfe806fab832342fd0f1bacbe64fc2887f5602ba8511964b0,2,0.0,0.0
894b95177cbbe2ed2be3af113aa63b326d8fb563cae5e9774234c7a49ead78d3,1,0.0,0.0
6582187e524aa4f3170554f7aba361d4bf0e38309c0c023042395d895b2d5036,2,0.0,0.0
c5536ffe085d3d73084f719e8ec0be49122cd3d9065d42eb05c8256545dea17f,2,1.0,1.0
ec947f2fe740dc3a11a7e4c89fe0eaa35a45404eb3de23bcc81b3fa8e899f362,1,0.0,0.0
94929a738622d1520c14ff05f2a13a62544c80ca9184a3f41bb8b92375195115,2,0.0,0.0
ac777a61a54ed7b739f2a75c8a6dad799c40845176534b568420d4818f2219a2,1,0.0,0.0
c54ad0197d4b7588fd2a97cf32ead212eaeb261b284968dfec1f7eb8af6db912,1,0.0,0.0
dabcc74bbb3ba1204faa38fa21bef38ae53f9c698856c1d233a164910819cc93,1,0.0,0.0
b3b17906b58c058faf39fdc7eeaf9ff7cb602872f9ea22fcb85420ca7156ad41,1,0.0,0.0
e00982857cfd6c3518a9c41bf7897167505944fd8f3520f026fc5686ba612a1c,1,0.0,0.0
340996250bc519f15de47bbdf84b184df3f3add23ebbb52dad1fd90dedb2a676,1,0.0,0.0
ef8dc03f3c89bd2c2a6ac68f8e550381fc02a78dbed7d9cb2d55f17d3b4b25e7,2,0.0,0.0
7b67b96173d6ee2d9a605cd4d47a42c2368bfe53eff7ebbcd68166ca2c41937c,1,0.0,0.0
2176974d8525df6458cee08ec73b32bbaa951d2caf854e1b73864fac0e0227a6,1,0.0,0.0
d38bb3f4efd878a5a47cc41593700da6562d246c22f02cfb69aaee752d5cbba3,2,0.0,0.0
69bcb768f4c49747cb0e282a02104418f90f96ea00783b1a75fcc95e76df45f2,1,0.0,0.0
ed347f747b7fc14698f5404e537c999df47b7c48d4123d783bfc78d53124bace,1,0.0,0.0
868d45b3a2321a9ea987a0fc01fc0c98d45eab00debb6888bc037d568eeb53c5,2,0.0,0.0
b227eead39568980257fb36d0c707b35366dc7ed021a8031d05754b2ab95ba8f,2,0.0,0.0
6d8d810c555aa49f495c2b9000e563781e7cccea8be6341aaf3bd9def966f1c7,1,0.0,0.0
52a96889905087d19bd4c0fecbd399da31678545707c3298827707eaea3b939e,2,0.0,0.0
de9aaae48399c32b41708de82542f8ac1e7388a843be183b0728506046adbd27,1,0.0,0.0
00763f695e5f652481e3f283ef37310755f5742b9d32c376f6fbcaa9f122b57d,2,0.0,0.0
b99a8045a1c2a62ba4f09df10ac46981f6147e141d5d6a9d8f48806b91f47a84,1,0.0,0.0
0f15cec354f9e6d3947af9c0ac15723ff639206163a4b995d320624f0958d6a4,2,1.0,2.0
13e06dabc67e9b626a4cc8a641fabb7b22d318385749dbbd21ec7aeb4d00afc4,2,1.0,1.0
8fe9639d24f91f8ec06f07d2020667b78fb2ebf69a24a2c3f7c41f29acc0b9f9,1,0.0,0.0
d8dfc71fdc04e07bf0b683c9575b6a9b92d640ba3e336786bf27baaf06ec5795,2,0.0,0.0
939596affb720d57d78bf749492c9a97ae2ce329604268aabc3a61c4f9cd13f5,1,0.0,0.0
ff29d9c5f645e4441f2fbacf6a30bc437d053a360a9cb30a33da2631b38cf399,2,1.0,1.0
41cab1476ebb65dd6c6a13f60418a99f16d0af38776eb947c1b99bc90bbfbcd7,2,0.0,0.0
c48ee432bf31ea6333c6552b7af3761fa22a480187d810c04b0895be0864b1b0,1,0.0,0.0
1f8e72fe49d3f5c62bf03e901feb45fec1f2a6a3d9407a25daf9fe34e7f88463,2,0.0,0.0
bb520bf0a59b4ee3c436489b374bb795fb98c3bcef2eb3262ef423debd4c7395,2,0.0,0.0
ed36859bdcbde1257a691c991394eb342566f5d91b0f296a3f12b64d90a8d44e,2,0.0,0.0
0258bad63225d1826d279eb4b9c889062832c0b0cbff9e4762e3bafb53897631,2,0.0,0.0
401f7b274897057b105e4ace16dd21f195289c0e749be10e1b2fd3c6813a6117,2,2.0,2.0
f889db5b396c81b3f972d30f983987de07c75172811400c7b7df75cb722af2aa,2,0.0,0.0
66b0b68ef680255c6d2b5ddd71b08a47eaa4a2586e9b07a162bdaf7da2e4f0b1,1,0.0,0.0
442260d5b7770d47047818fac537efad91830b1f19eb5c720d96bd05c5d8bee6,1,1.0,0.0
bbf8a46650ef4dbea3df746e9855188b355c139079c11cf9c220af00f37b89f6,2,1.0,1.0
5c525cad816bd57b04827a1ee84197ac7babd29e1869c6f8a62d584f6a771421,2,0.0,0.0
6788bbd6bb2a5058bd2e93523c06571b084fa700b175d54ae576c7cdb2ab6337,2,0.0,0.0
bb066a59d322dfa569f627ba3cb321abb0a681ac42592ca22893714d0c5b2db5,2,0.0,0.0
08a7e185839dd007b3cc3e26b9350f3f38e76251a25c2e19515dbfc12cd56d3b,2,0.0,0.0
d9cc79931c1b2a9b5585ce9c4786be1821761d5737c95b94af7a0200b7950e60,2,1.0,1.0
359b025bd1a0dde3605fa775e5368f07cf958041cd2fe1717e41b2593a753045,2,1.0,1.0
65d2a090d43e588f201ee23cc45ddd8e797140573cd8376416e09f2349df2200,1,0.6,0.6
4d1fe71f549cdca1fba92e1b8b2acae41c911e6dd35461607fdf0d305f40bb38,2,0.0,0.0
2c3530ee99a012d397b54aa3884dd3197b07aae355b6bce526de3ab11fab75f5,2,0.0,1.0
9cd6675148339f0bb2f0e9598a3a492dc9f4e5eeb75ab6c9bf3785150b8fd907,2,0.0,0.0
ea47df10912dc710b2d53e14a66b2fa5f51dbba553e54d8ca105703814d7ddb1,2,0.0,0.0
d673a11ae6ad3bcd93b58b77245a541f70627cc162f9eec544722da310c3937c,1,1.0,1.0
cb3c7ca42da5871a2c103cf353c5387e2d16f7789e250468b089019ca270b484,1,0.0,0.0
04170dc81be5004c80d469a28ae14e79f3dd8c4cf92e5a93949d3f395c3994c3,2,0.0,0.0
4eae09277949b8d61425f18ced336fa095d79d7f97ce46be586d26817686567a,1,0.0,0.0
5aca9278188a3be265fff668445a436a88dd3d0a162d66ece3815132c8593021,2,1.0,1.0
e1556642281f4b52b02b1811be024921420e9018716d4e4a787bb96eb9b296cb,2,2.0,2.0
c2ed2f1310fefe6e0c72f2c5b89229e3c2c8bfd0eca4c885f89e7ed5d27c0198,1,0.0,0.0
e97f561ca6e7d6a0d7d62310dbcf1f0002d0fcb165cf07a3aa89a262dc6f8926,1,0.0,0.0
15a731a505192a93f92ff56b36a6646ed5508a2e05f3f86c94ae65ba1f380064,2,1.0,1.0
c9f65440160333d3cfb4946a324943be955d607b4275150db0fe6b5f5718c8f9,1,0.0,0.0
5b91e9e6642aa5c7398f929c86b602b76d32e97a2826121c1bde8e8223c4b256,2,0.0,0.0
e53211d30762b5f507aca9adea1f860bd2fc6a5a3f241f7919286917c70c02e3,1,0.0,0.0
90a4322729de87c6115faa51cf92b3312d7c88a93c01326a03cd52ecda8ea6dd,1,0.0,1.0
21b9f6879ce23d058f6be3be09bccc673b0962d175d95e5d771a8c41d4ff96ce,2,0.0,0.0
b5b741f22ec99a622745b2a044d847b0a8cbcc8a6bf05fad6ab2d361ad17942c,2,0.0,0.0
0c38721c6b9d5f3c9e7434f664c1dfccd819053062476f9fc91d354c0b8be10c,1,0.6,0.0
8c8b51a2a5c3bb7f723c79e504d08e8796e3a4eafdc661a57651302e3adc91ab,1,0.0,0.0
635e43293d8a177cd5fd4aa3414b33160e12366d39602e52592e05b7473eb529,2,0.0,0.0
4885568f69b59469e1659a212623d9b21b02b0220a4b0314484c1f1a87cce3e7,1,0.0,0.0
d61637c6fb1eb4fb1bdb3d693329b3a3a81881b30ddf2f62030c900e3fb18389,2,0.0,0.0
2bd05ab0cee57ab5f7bc0ac2d690cbc40c3d32688a2e4fa8ef8cd59a5c8ca7c4,1,0.0,0.9
d9f9727f5ed11ea5cab3594f6ff55ea10029dba6ade1fa80700011d0d534d9de,2,0.0,1.0
52daa5bd1340c4d7e8f0ac800c1ac1668f494f3c70e4b6f3d72c347e311d3cd5,2,0.0,0.0
f69c0eb98ba8f544a064ea052a44dc0a7614f6ad5cab5495e539a66e6b211fac,2,0.0,0.0
fd6206dcf50c5097df87043b3c51d6f57c2c1f4eefa04b988d0c29bad594707a,2,0.0,0.0
a060e41742bc9ea9e13d1dd79ce4a64a0c066f9c98710f8bb913aca7451b6e78,1,0.0,0.0
67bc4878e0a3cbee185917485c355af04f72cb488059e418ad55cf68ff4da1b8,1,0.0,0.0
afbc165920b030f1f9735887b163fa698efb23be54cc3460b91481527f66b6a8,1,0.0,0.0
a0eb49e841853b712d785a0fb05b1532ea806daf030ff46a880a3dfd8f3013f7,2,0.0,0.0
f9a5e3e3535196f3f66a2f812a09cf19000f8c63e13452b9c9613f9b42902893,1,0.0,0.0
972a46d87c10fbacb71c2d581518f56bed1f40599e5e12785bb656c7d1e46745,2,0.0,0.0
5c3c05477d98e0f67642b5aad647872e939f8fd6ed93433d33e59a06e6adda95,1,0.0,0.0
c67be820f32f2f7c321f17001bb3e738e4a1cb9d8367aa81b61ea383def06976,1,0.9,0.0
f4695df35fa008ff0a88476ff65e3d6dfa3242ed6ecbf21f3864bec8295045e2,2,0.9,0.9
94005cd86829cc30a86756cf7dfd437f96cef464bc9aba27ba7cbfe26977db7c,1,0.0,0.0
73c83df3e35c5a3b39acb77fa42393470636a195960d73d25a3d5f4511c91613,1,0.0,0.0
63e23e1f32f02c1939c3dd98b1f86b91115a00b0c4871ab6efa250bf0a8ee0a1,2,1.0,1.0
8702aec3f6d7b7699506b18215cfe54cbf785400403eab2c92f7fa68cb682f75,2,0.0,0.0
979c8284a929511eab842b6647e42d23f80c58506c84c55776a06ade27f1f373,1,1.0,1.0
f43878c96390262582614cd1fd7ff123910f3383e53a0473042addd44931455b,2,1.0,1.6
5a3b47066ed8d1fe6916e4929026c9ded569197de30bdb35210487e5f0a6aa83,2,0.0,0.0
92c3277b8f10e7aba3b14be0c3c8602f4c805f79d8c084a77bcf06b53db27e17,2,0.3,0.3
a54a0a054fc77014aa60962ff3f6a7ff32277bf60f8d901e4540568b2c4075da,1,0.0,0.0
a5a4e5d5da40a0de1e11a2784ffb12a5a69b5c51db402810a843afed4bdf1ef7,1,0.0,0.0
c6c1fbd551b7062759b754a27201ad630a49d58fed9bb55eb639952433f8d045,2,0.0,0.0
d5fc6d4091f4b318f7e57d74fd89321c0b1ef3fdbbb2e578a09fe8a762fcbf5b,1,0.0,1.0
b054ca87d7140688dc9aa426fbe3c9f6b0c3e67d640d6d4f43adfc8b3c216106,1,0.0,0.0
8d6c6346524f6d0f8283abf01f160ef16fd9441b2a557f0f4d5379453505e65b,1,0.0,0.0
a3fd901215ab70ecb3ba7a77c3aefdba2434ab5cd9fec9f5ed9531413bb3e439,2,0.0,0.0
fbe315c2b0dec9184f0f70356119c68e9378d91e2323bdd0ed004306560ebd9e,2,0.0,0.0
3329b0cef71939ff891af0daaecb2b5d31cf6fea060aec45cf8d8ccb74a8e5de,1,0.0,0.0
f49f918fdf1acd62e871871f85737a45ed37ee4daa1c8b3efff66552558a64d5,2,0.0,0.0
4ea2988369180118a93500b517401844bb9afa1d1d009ac5ad9713c183bbd01b,2,0.0,0.0
555a60e6a94d87bef3f73b4ee3e7e88f425ce321e62ca0195d3e0dd5d2389324,2,1.0,1.0
4c1217147aed0cae87ff3b84516950da1d8cdc919b89f7754c61272baaa2c29d,2,0.9,1.2
1b2bd100af63bb977f7e1e790746ab54832d3b74e7e14afc8ccf19c362f0a278,1,0.0,0.0
4ded3205c2248cfa647347c0bf61428e5ee9a54c4f1c1d0485c4ef17c037612b,1,0.0,0.0
aaa7a67039cf80ff268dcc1c54b827ec4fe0b0c8afa91ea61110859e1e09fb4c,2,0.0,0.0
e5984b6cd87e6c5ff15229d5bc3fb40f005ef41ab12f8a3b786908b8fc2ada83,1,0.9,0.9
a828736e18aed97f7c5e6b7cab5ed850935f7f45f3279c525ddde79f669e2cf6,2,0.0,0.0
2f0cd26aa15aa64ac032457058b46ad9fce0a388530163cac03cc61a93827f5d,1,0.0,0.0
c612276297c3973e575f01f0b2e5f4d01d3e86b2d43ae1937a9fd239e4eacd93,2,0.0,1.0
e1f73ed4a55fc40d84f8de965c8ec6164894e2949f4acdeaa3f9f0dd36cdb9d6,2,0.0,0.0
b5f41c8e7226f7c9e14b3d9a304158809f475a2bfb64c168916a7edaf73087f1,2,1.0,1.0
845997dec1c222dc651b0114e72fa55b73809ad6a535532b1e19e45c7eb02ba4,2,1.0,1.0
e4b3220ba02b4f51714fd638c5870acbed07505efeacfaef2496664c3e00f452,1,1.0,1.0
c336ba844a9d85b3ca8836e95a36f7a4f0653b76ad6d800e4b73c81631bf8a04,2,0.0,1.0
fafb2bda964772a86034dfccda224fc4988123f4b7963e7e23a613593c994006,1,0.0,0.0
53b638337aae1a0c86d35d61178cad6382bc2bae4ce43e518b7dc43f93343ae3,1,0.0,0.0
88832c94eac3049a602ec3df8675d5e6d94573dcd08f680ea65930075ca39154,2,2.0,1.0
80f3cd1b7ed66c2f8078c63668c9d109dcae5d269ec57938835334bc8b659db4,2,0.0,1.0
04ef438eda3311f5689ad95d509d4e63f144186c84f4d3921e5eb17c95250258,1,0.0,0.0
e5b1a80f948b04dc6b6dfce2e125b1968baf4c437675a09af05dc347c00f9da7,2,0.0,0.0
e1df4775189e0401944c97b5cadefb23c50d91b7b1e8c0042b1d678bae7e34f8,2,0.0,0.0
a1236a78616bd75428caf1c1cd0d941a570338e819324fca96714668ff380cea,1,1.0,1.0
b339ccec73215feb06dae7b26b42ed2ecdded8d0a14be1c64a98029c5f40cb63,2,0.0,1.0
ca98d13610159517c7c32fd4ce4e2d9aed65c6357cc8909ed5ef171f387f479b,2,1.0,1.0
a5c9b4e485683afad30020495a8e845676bcf616b95b35935ff81a5621396c4c,2,0.0,0.0
965d293761b9dee68a7daffe15b9862582eab220244972c3fa43ba7356cc7ebe,2,0.0,0.0
061bb644f9b5c6501a6888ee3b6a681aa3ec8ed953fd3ac811d5bf19b052830c,2,0.3,1.0
4365f84b5d2cbc5c740bafde088b1aeaf5c7b8326c8b9b5bfe2a529f9bc7a256,1,0.0,0.0
c4603db7f2081c497975cab89fc9f25c2c58c16a9b7dbbc7528f1ee837ce3b7f,1,0.0,0.0
ef9d66f4d4b24592dad42c9448bffdfb10a447a9bbb4529b0fb95ff65792474b,2,0.0,0.0
ef73f4bc6bd42a81a0494ab93d80329ea8b1f4eeb9d9aab89e3d78cda07a5d67,2,0.0,0.0
33ec4ad497c5c19b420a849ece14799575e6109361626ca80ebd55362d3e1e97,2,0.0,0.0
1018a559b3bc2ed8dc9f548fa232677a92bf41702273dd11de6b7bebee30fb75,1,0.0,0.0
019152c3cfa5e17a321df6056965bc418bacbc96699e003c3dae0486d5d6e53d,2,1.9,1.9
8a47e42b9995be627f1764521b836e547df32f7aeea47d75501c6995de2674fe,1,0.0,0.0
0a10854709c096d1bef31e439d2fcb8493a17ac4039668572b260da98d8d7bfd,2,1.0,1.0
39707e924dc5eb6c21afd27bf9a9d3822d892b28c8542596834f3d6283c4febc,2,1.0,1.0
8a85c25a0511d06b0e00c0b352ccbbb8437e62162fbd212c0f3ec5b013138e97,2,0.0,0.0
83101799d9861f37dd74aed5ba5152ca677ed81b8c083c1474cfc764a4bcd8c8,2,0.0,1.0
e3d42aec38d387d52ac8ac338add52db8eb572fae348a4d73bafe608b7403e47,2,0.0,0.0
52bcbb48adc775ff15463fced47d578011fdbf615c0f45b6c31b8e9ea864329e,2,0.0,0.0
da8dc526a91c718aa729004f4e1dbb6871459e8a1d0c5363f0e24a733c07cb2c,1,0.0,1.0
44f4374207ab486b1fae1583c2b816eb3b1927d2283443f36345fe939c852d67,2,1.0,1.0
1f2cf084fbabdf012cde0c1603aa5071663d61dff2aaa5acb960339657f5b7bd,2,0.0,0.0
2fc64b6df775760a40fc61301ec696b06a5764385cbbbd520798f063b61851e7,2,0.0,0.6
882fd3ec5aa49d527ff61496ba108ed5ecbdb96377a0ff37ef5c2b36ed542806,2,0.0,0.0
479026088a439cc79a1c5749d705695cc1269896cf2e24932dba50aed8923bc8,2,1.6,1.6
4dc03ca767dd6433cae908c4abb1e2a28f19bcccd9b5ad082f3e599c2362bbc5,2,0.0,0.0
45f44040e8dc29aeb79f96bb68f4bcd3b7b79c115c66934c4f6f63541c4915ec,2,0.0,0.0
15f154adac66ead6b3f24cab19f275cf6ad8acf93e8d1a9420893238f255b873,1,1.0,0.0
d793081c82ea71c9d54f11b1cd49b79349f9a58c8629d1be93a60d88daf1499d,2,0.0,0.0
740e832e55ca9eb64b44a6642ea09627c2d87e0accac82c82a5a223aa0c5b0a9,1,0.0,0.0
41a0084764e332f891773147ddac5d9c1262a1b607a25329ef2b7abecefc6820,1,0.0,0.0
f21b7730aad903e58a450059dbfb9a5a36f45f8f1f2587c6a08762724fcff9e3,2,0.0,0.0
3d03323a7324d096dc3ea502c1ab387948b2fe39141e9dab5b0b9e205fcfbfdb,2,0.0,0.0
bdead61ebbd3395137d7b7c2c5ea9e6c5baa8b9c304b10e6a769e75c57b2dbf8,2,1.0,1.0
da98f5001f84b482b2aa14db3df7e7832cb8b79ddbeedcabacbc34ad63d11581,1,0.0,0.0
f4713414ce62b389382b4e028bb45d93aa83b1cf67ee464a3410fc0a92ea7db7,1,0.0,0.0
b8fa9796c524b009b18759f41635a50a8622421bf4190e2b098146e2aee1a77e,1,1.0,1.0
8903d640eb21434712c7461ef285d11da8a954f18e8d281a93dc39fc716d6ac9,2,0.0,0.0
c872dd774d6e4001cfbeee807abf9c8e5ed62838d6db06225eb2159a2621ce77,2,0.0,0.0
473cb1accf6649156b2e494b329000c33f698335fd3d994a068c5ec1c85e4c12,2,0.3,0.3
95912660c46fa7d642b803ca2308c4320ff4ee0be90f129b62fbc27048515cb1,1,0.0,0.0
9c3f04c76d8c25116ae195fc3d9698ae378c408ce5d97df7ac1c196dc4fcdce1,2,0.0,0.0
1c63910647289c2620f5f079b6b8b3188c8cb36af0a43777269d343801f3955a,1,0.0,0.0
1c1fa3406b130309db016eb594859094bcc229c20d8462ef82c44b1276045e3c,2,0.0,0.0
3a55c4bc6fa9a5b9af3006f567998570bbc1c02091fa040af370ed43d0cefcce,1,0.0,0.0
ff2d79ef95609ed3bef248f2f14eee93d5da3ed6a8d968351b3ef341e53737b9,2,0.0,0.6
f4392ad5a4e271652e52b384a96402d6eacd440c67f89f3d350e9a55e79cfcd3,1,1.0,1.0
78f22f0f33ad8e087766ae669770a4dd390fde7895730bbdcd654ed759036054,2,0.0,0.0
4459f0cc72bfd906aa685fb9067b0a7a63464e94fca8fd7102494e2b106f1911,2,0.0,0.0
b6b10312539bed528c78eefc0eeb7f84f432cf0058aaedf6ba089c3ff612904e,1,0.0,0.0
6689f5f1ca11fcc328d5e211a9113115b631489cf77b02cd744173fbe332653f,1,0.0,1.0
32acc339c4162dd25d7de9888eb73dc9955607593a2478e7cc84a2c79bc71bc4,2,2.0,2.0
e8ece59191efed9d1e64aca8f20454a2a36129dfbcc0ad36d639ca4024b3eaae,2,1.9,1.9
584ff89db2db064d0b94228796fe96877eebc178d23091b65ce097230e7b502b,1,0.0,0.0
92ae39539e7f87c3b4e887d54ec82dc9ed534f0242d3454eb64873e990f46d43,1,0.0,0.0
0ddaa37116b8bc3eb5dd1c5692e1159172b33ee248c5254c7ed712ff362cffc5,2,1.0,1.0
f38f634bbdbbaf7724bbfb9e4446f6321cf8edda6c6ca23572ed39a5d2497c5e,2,1.0,1.0
7257d0567211e3ae01077e09eabbbb6667114a52219ad4fef9dc2f93a0480e5d,1,1.0,1.0
0c4b96afc0fb14ec7f4cb00c57775c40b5e238debfdc7b6446cb37ad2affe91c,2,0.0,0.0
2ba16417826b08e1a064bbfe017e70f30e29041a8430075d6f5524e127c07f7c,1,0.0,0.0
fdfc3563cfd50929e86bf3e211d8927c4685f10ff4ebab01f61e4384dd58ffc1,1,0.0,1.0
e4ccd582cf866005f65c9420a933c556b279e6e98d5b8b668cbab8101b914fa4,2,0.0,0.3
2aa3d2ea1b808e9fad3fed96adac8fe71d757e4914ab56472b2ff21f71d11f21,1,0.0,0.0
ba32caf3b9e4dfdefda73b483164b21425950fce0e03d89052702a31ca3af501,1,0.0,0.3
da71c4f44d7ba2a52728bb3846a4ddb2401c6816d294a5990d5b6142e7e00e49,1,0.0,0.0
1f1e51933fabf674a6b2c444f41a39816708d59e0e7c205dfb5402e5cf09b073,2,0.0,0.0
015662ec1e1df84658290d85dc5f0efc660cd101a793272d6d6f005f830f2f57,1,0.0,0.0
881af5b9f04516801ca127edf44783e90e8ab735eaff002a9479ed5784cd7dab,1,0.0,0.0
7e6d730c3e1919f024804aaeb3268868c34f26ca5b344c17919781029de97301,1,0.0,0.0
889d1140e6bc80f204f0db9b9dbf4b63afa9c10fdbb5e9e4ccfa8bbfdcedd65d,1,0.0,0.0
63f87eb2c96a68f5967f8e17d8088d3951911229de72f71139105776fdd31831,1,0.0,0.0
eee8315e0e3da6512b98d070f994f605e67f42864073202a84a7da3587079441,2,0.0,0.0
4bd3361da2533b29c39ccd5b988093348764a86ddec87da0e8c27d66d402d4a7,2,1.0,0.3
e0d8833f84b1eaa2a0c847631694bf91d9e85fe358fca5913031a16d34bd2667,2,1.0,1.0
ad798c889a74832bcd69ea27c85820cf62b1c939ce32e6bbc3ad3bf9e353a775,1,0.0,1.0
ce301d8c0da4923e3a430045f7dd56defa4653ed2b626c6bbc7328faf999b664,2,0.0,0.0
a279721d6ae3909ba0e53de33f45103a08690569f00e055409ab4fc4a4959a58,1,0.0,0.0
7039b8c77857181af0dd398c60ee9c0df92d8e7c08673de7ef7073b06ff19fbe,1,0.0,0.6
3305a6fe4bc135dd70722a631d2c5006b2dfcc8b2a8b8b5d04f63049491cc07b,1,0.0,0.0
3e05c44aa39021b1ada219f6b826cf340721a14e8d31d6b66cf31a084860742d,2,1.0,1.0
42a10b671ad41bf52b72e3dcc365ae7f3be3f760e64722c7391bcb8b4d253ff5,1,0.0,1.0
c17c8b7b58da96069d907ed61246b747f1183cbaf9889135b867f90fa8d7085c,2,0.0,0.0
3729189ef5b7fe0db1b664d2dba0d8b8895939f73bee4764735ccae81ba6ac3a,1,0.0,0.0
7ac7740714839d82759a2a66923a678e0e5d9bde0052e85ad5e8c388ba3eec8e,1,0.0,0.0
be0cbc4d67d69e63da740ef422591707b51b792f14a4c13d0b55a1fc6e263be7,2,0.0,0.0
60cd683a6c9eed065f449d0475f0bf65f46a59eb3d1471e415f19551afb49284,2,0.0,0.0
93b90880b9a07c95e7b0d8e6130ed878f61b6a28a0d40f2880ca8ab42c472485,2,0.0,0.0
503f7a7a340212b314b036550babd492c63d2ebc0a060de79c961774514fb41d,1,0.0,0.0
e5031aaea059543c0f5dbe99ad39fb4e0cd92ad9ec75ecac74d87a3bdd52c3da,2,0.0,0.0
4ec865932ff7198dc50eabcbdef7457ff1ac5e5df27eeda4fd2d28b95814e729,2,0.0,1.0
ab1227813db581277f001ac19bfbdb61b0513d1525a5d3532b57c6cfbee3753e,1,0.0,0.0
ebcca8ae6b547183e1a089abb13c37a5adba588620bb0699ef570496875d39dc,1,0.0,0.0
0f308e2ac9b9b8f0950e56479c80d6051c33260406812721d6ab041769b44d66,1,0.0,0.0
87f96fb5999d9a4064aa925b98f72d904af9bd5816c40a1e84de8d3e8ac0e2fc,2,0.0,0.0
95d18a8d558cc0fff5f4c5d9cba318872e18fdf0f37db30296644d5f9389890b,2,1.0,1.0
7db350bcf460088df9238d96f830720f8118bf66205991a58e9b301278374b90,2,0.0,0.0
94a7dac0175c982c4a3706f50aa15593b2636ecb8058ba1c6d96b5c722faeb8d,2,1.0,1.0
59e5d1be7cc56a8c8c7de791ab0673878b724ced7e619f8ab47027852d72aefb,2,0.0,0.0
0ff7a1681d36ce64e48d9fec468a99e0f3cf6a8d034f03460cc190b0d1a552d5,2,1.0,1.0
d79ab2656da52f0a07803d7df5820b1e34976eadd206cad8c9279b39bd8c1710,1,0.0,0.0
0076c68f3ea57cfea3cdc205d2b65fccd12ad47f0e1da6cd5ef90be72c5d7d15,2,1.0,1.0
80e1eb641ffb35bc7330348a5cd979e546fcc46f2c62186cb68a2b7b813bb8cf,1,0.0,0.0
bef0cc3e4819f3e8a7140cad3ab9eb93db1ed721e57f1e418df68f1044dcc7ee,1,0.0,0.0
826c00f6a71b10beaaab3d025d546b1980472ee16e5d27f60175998c85393bde,1,0.0,1.0
4e1c63ed48f634282740f55afcc41cc472eb955809a12b6e68dccbd847b35597,1,0.0,0.0
dd0d4ecf134e9093661849bd4f2218a3f6b7d7039f277dd63c14553de99a67b0,1,0.0,0.0
821b390d12373ec3b321049e3649bd0f037f471061ac030bcc6908820af145a1,2,0.0,0.0
6b754fc2a1a45608e7ca18e6547b426ecbf2c77d957da97df784a8e86d62789f,2,0.0,0.0
498d77048603825d11076351b86bafa8523d06ae8bb46af2b85ffacc9bdd97a4,1,1.0,1.0
f2df57d7ac151b70ca79724f142b75dee3ca935fcc1988e69d976b432e791079,2,0.0,0.0
cac50cc3be677b72848b900b3ae7612b3951a9ee996b252cdc83c53fe18386d7,1,0.0,0.0
9fdf69fd06e3f0e59a86e51175d149900a5e4d8deaa523a2eb54885d709279f0,2,0.0,1.0
9bec5414ae8406cd9c7f1a72c9ca9087ac8064b320f17b9eb0bc56f57d0546a5,2,0.0,0.0
8b9a7704b130cf2386d108bc66b2ce7d8c35f2af5eea64f2ddb0eb312b429e89,2,1.0,1.0
68ffb6e917ce77b31042a73f5ac25f11fb7fc538929598164d9a47a53f2992d0,1,0.0,0.0
f3b37995e092c82f18dec53431f6dd12eab60f3aa647e1de7be5a24a2e776a84,2,0.0,0.0
88130fcbf95b6f4c6a6400469eeec3d507502f23c3f00af27ccc17b235f79805,2,0.0,2.0
204bd11a870c8a4fc25767546b138bdceca455c3c953d35a344c269a6d0c77f6,1,1.0,1.0
2616484609aafeb6ae0f08d6b30d0f567b8e91870d9a41dcf3f395cfa0f6bf54,2,2.0,2.0
5066821f7011c884fde70bfcde379b536c1676e4eccb5bf99947e6d7862e187c,1,0.0,0.0
3b87dbac7c75d5d31308cec5f0cba9d1243eb6b6397461aa1aea933c58dbf2e3,1,0.0,0.3
ee908c76cb9b9635e02361b38e3c17fa4f96cf3879be43833194f4b4771569c4,2,1.0,0.0
0f3b3bcd39c56379e07bbb9197a139e0b8cb4b9e4a273a961ad1fc54bed04c3f,2,0.0,0.0
3a6c524ac93bad76d11e4096a1114196b448d195edb8f64aab5ef9e1f14f1650,1,0.0,0.0
a609565be432b1e7dbf826ba47b0949c846b0e127d17a92d6c209f628bf1dac5,1,0.0,1.0
066be882001626d4950308121ad65e5eeec62a6c28e527e9f146d92f43a718d3,1,0.0,0.0
1e4be4b355b202cfc286b8860bd7cdda47023fbc49f33dea9e0f476025172796,2,0.0,0.0
fd789674d6625373a27cf994362853a4761ac47f470fdc4ae15a8b645859ec67,1,0.0,0.0
9480d585f8592b801787f9d9997a3375d5c3b5526d6df0f214273336dfbe0a26,2,0.0,0.0
4bcec296f6e14e03075f56fdd91d7c829a24d79fa7726590df9d462edd8569d6,2,1.0,0.0
891dd6716a5f9a027c9c7e41f3ab30f9b071b884e83b46850fe4f1043d85decb,2,0.0,0.0
a40c8f910d84db617a9079247916f0cd9ffea86123a586be13a5d6bd2df217a7,2,0.0,0.0
49fe3f2dea49e52a1bc811792cc8e2a3e73e26304f6bc247a0dc56c7f3b99114,2,0.0,0.0
0e1b05b501f00f1c51cdaf77a212fb64a9ba66824d8716cfcc60612a4116afcb,2,1.0,1.0
22d853fa5ec86dea693052891ed405c6a5b9a06d5b7b4806a9d82e8ef8773d3c,1,0.0,0.0
d8f7cf8119853005ae6cd8ef629f9b95e9fcc7854a1c93523a21b3c33f1b4036,2,0.0,1.0
ea0d6c099496c56fe5023dbd221897542d48dcd2b37fc9d3b57cd5089aa49ec0,1,0.0,0.0
140019682ac343a9c908e0aaf93ebee6a30c7a717ef2e0c945be1bd8009d1d24,1,0.0,0.0
1092c8c58355bd2216ea7be7771b5542887326fc8cd60678d33032ff7b6481aa,1,0.0,0.0
3d009c0aa13611afc3995d8905bb247a8835b2a6449fd928498d7d9c9766b0bb,1,1.0,1.0
957b397889624133e38e0dcd65311fbf4192b9ae6f1d888b55be13264ed1c7da,2,1.0,0.0
e92fae2c40bfe5b500671f4758f594be2cca6e17bdc822c1de2db5060faece40,2,0.0,0.0
937ef303c0e71ccd5d7f8949d821fc7c33dc24e85476166d668e2a84823c5732,1,1.0,1.0
59610f6978eb61f3083ba4276ca52150eddcab2a8665b0161a77f1b1526cc5b0,1,1.0,1.0
d73d665edeaf73dee112e38517d80465a38524c9a308ff2a3c1009dd1478bbf3,1,0.0,0.0
f629a857d133ac963e96b162fcc241a8e3757d41ca467d74427ce4a91ab2cdd3,2,0.0,0.0
3fcd6fbb5187a1fad5486e76f7920237ac92027a3f2d7158ddd5cfa4e0595bec,2,0.0,0.0
4c43d2fc4567d4b597a9cb6be14857ea9463926cb5f012f5ddd504934f94567a,1,0.0,0.0
86b427c585b87c640ccb0d17fd153f61a3fef6a709cca988f20a38411fd35e91,2,0.0,0.0
227728452ea571157b9b0d41cbc943fcfb71aa150750f074a9ad4df1e86103f5,2,0.0,0.0
b94670308960429ebb63a0a667fa7ad0613441ff45593a32158b4c2c52047027,2,1.0,1.0
49de1a33acbc112a61900dcd26c3d02c1c95b1873266a040c8ee9111a836d383,1,0.0,0.0
a4682cd6a86033ded5e82a7fcd427f8ed2e17a94132b77ba8c2d70999428a413,2,0.0,0.0
0dd23982b5061e9780cafc81ef01a307d3b2b270516aee097a7aad89eefff1f9,2,1.0,1.0
03dad903cc7eb44396ec140e7576bb8148729e10efa6b9be3fdecb8041018115,1,0.0,0.0
4ec0648629d8b8419e7fa266d89f8b3b81076a911a1aa5f7d4bf940751a77bf9,2,0.0,0.0
bb1f747c7ca70760da15cfb9967d879c47ce4ce3be60a0848720fc25f9dbedb5,2,0.0,0.3
7a64c4e21ca3fe4359d7aa33f1e5219cac4f541db8365fa30ce67cee0c34f022,1,0.0,0.0
e6c90d4f0b146a44649dcdf55cdee36bb990ddd9a2f88881f622869a4f1c9587,2,0.0,0.3
dbbcb8f25a582a7b4d1c703047a96d7c4aac39274b8231d8fad573a5675e2ee4,2,0.0,0.0
7e1238a0396d2e33a6342fba3e264381ca56d523876a5a53b4a338ad128af311,2,0.0,0.0
f64daca5607446f7fb731d702c23339764354ae30b4b0f917df2f11ba74da148,1,1.0,1.0
5af099cc17aedbe208bde45d4f7c9bc8c3590042ce52f9dbe45c4d7a888f0887,2,1.0,2.0
72f4b0e68d9998f5ce7fdbad0e56785ea8f347a546c5fa3ec593388b19a302c7,1,0.0,0.0
8a09fd89593f7e80ed28645888230e68feb07c45d29a06ea08d79109e37cdac0,2,0.0,0.0
5bed5994d324e9a227ad945d3cb6f1a7877af13dfd6c0dd78da883ac971fbb4e,2,1.6,1.6
15f25a1dd966ddfffca8dfd76beddb6e582aa48950831617690d37808b45f833,2,1.0,0.0
f0e340588c4f16eb8e3145328b26aad143be1defb2fa600621b823e4e8f22fe0,1,0.0,0.0
2a1009a3759ccf7af930cd2fb9c59b2ffe2962b4ad12373ee8708a48c4d9babc,1,0.0,0.0
0e57071e08c63453e3c1eb2e92c940c310cc894adef89d59d7c18db63f81ecc4,1,1.0,1.0
2ebb1142730846495fde8f516be2863a0af7dc1bb874777d4fe22f285a9d80ef,1,0.0,0.0
544c2edfd821aa461cb90064e559b69a908384615987910cadb0ca381661c3ec,1,0.0,0.0
18235fdec25c84b64efd2a6705dc4ee15f68e61790fedec3a7dcc4010e30a964,2,0.0,0.9
c45850acb3ec87eabb38d65d9574f99ffb73612cee9b3f321c0e1201663194b5,2,0.0,0.0
6cacdf7425632d2257514a752f9bd86270ae66ced4b9bdeb662ad8c0ec7f9bed,1,0.0,1.0
d8bc03b87a37df83ee61ee6bc4ea4628939d7e885c8b1b0066a57b05f147963f,1,0.0,0.0
35542cf2e2cde330cf4274ae22e2e05d642c6618b7a5b48e55ae8e3eabf1ae68,1,0.0,0.0
1159d8c63a4cddae3d916d60c9ffd8393e2adb106c64778300722b625b1633ac,1,0.0,0.0
32e353592353e2a3e28ab1ba4f660056551e7a3ac858e83fc6243e110652e5a6,2,0.0,0.0
6636f002c1224f4612d23e94fc0cef93501c9c4f98a0a82227a56a0e98ec0a26,1,0.0,0.0
48cd7ba12627bb3cdb5c3c9b550a3308700f33339d3dfe528d2e101d85236e66,1,0.0,0.0
b2fc9dcb9beb7986a5df57ba0b31e32f7b1afb88677635f6bab52df27b611968,2,1.0,1.0
f960ca2740dda08e84f9ec767598997292822fb04b4ab2abacf746eaef51d9ce,2,0.0,0.0
14de99e11079d94294807d290260f5f1bcc527cf2e4fb6f9724dc223bbec530b,1,0.0,0.0
b1f0f7caf7786d8e55ed95ddc24d7e3cc1b23a0d7919e96a8839ed42f4babcc4,2,1.0,1.0
dc0bd94171f545b2f755e13dfdf3c0d06b0733037b5406483083b24f9723b688,2,1.0,1.0
9758be1d80a3441616a8e85f7ddf6dc3d0727d54453bdc7c625df4287f14b75e,2,0.0,0.0
b10c4b559f690ea0b94e7359d8719bc1da2124306b47769ab56b50e6a500d83e,1,1.0,1.0
a34f69187b003657e390550fcc5e915121fdb1d2aff4afd85048fcf094358118,2,0.0,0.0
195800a3d4cd3d243820344c1d73e0383239cb196357f52820adc9ed4bcee10b,2,0.0,0.0
81432d43b901c92252cb8a4066bd2627a03403f83a57921f96623c8de2acb0b1,2,0.0,0.0
5553fca436ca6c400bf2d0ac81099712dde33800c484c9db5d8c7d0846d57432,2,0.0,0.0
b12d71d536fd6069429e1afb11169b36c21851cb0b5ee8f15012bfd04ddbc1a7,2,0.0,0.0
6b406bba1c0ce648dd61bfc92e0ffee30632a8df46bfac43dc36e63a78d74e52,1,0.0,0.0
b3c006a0d9cb2f02d5876a18532a2f45e6b4328f62aa47545f2c5cc8d51f7033,1,1.0,1.0
29ba03b115350e2c961f2784f3ee8b174593d35cf5b71040204f72a38963b906,2,0.0,0.0
1c19afc3b320ce0b322a1f07e7c8d0ec29e229a95b2284a8ac5e49aefe02eb20,2,1.0,1.0
56c0ca7c1dc9f363d86abd801c3963356d7445935a9bda5663bd84c8ce791009,1,1.0,1.0
a6176816cc1dfc1575753163b221417d50b524bd7c14195e509aee80a49b70b3,2,0.6,1.0
15eb7f7487e8e60a988a04b85db96f22b4e58200c0bf96c088bae8cbbdf814e0,2,0.0,0.0
9a51f1e701cd073227cf117539a3eb2b90cda6f1f444a55ab6f9b51267c231c6,2,0.0,0.0
537331bbd93a0f853ada5e034ef3e226a0332eee53ace7bbda0ca52d9a516099,2,0.6,1.3
f055c511560217bc7913c5e0f142fe77add7aaf6eb92ed0533c6b0c5c8f4dbe9,2,0.0,0.0
923050405c1f085d9a5a07c337c47da831536ac99216b816463eb0d607854ad9,2,1.0,1.0
6ecdc136c8393a05e2e45655a817efd3ed4b1ea0720f4ff6516192fbebb7d832,2,0.0,0.0
c7dc67e2b09e46c737515e3f5c0019acff4315d01ee500d87043665e34962f48,2,0.0,0.0
7eb457c061eb48ebcb9a76c9d80aaf774d7ec58491a7b591f8ec5b36371fa63a,1,0.0,0.0
4b8a3b6d50a2da0b8edae637613f3ad6824e68160fb44bbe5c262d1bb8441e7c,1,0.0,1.0
e7a5218c82d06262341f0c322196da82603d70d7b73899b0d4f0bb75e476c322,1,0.0,1.0
a83c2c6c83f5a184c434008c76de9dd6a0dcbecdc0e19f5e24afde5ab07447b9,2,0.0,0.0
d3d38bd95af0b3b3d74dd5f320589c3b6dca347fc538e227bb74a1dcb783b676,2,0.0,0.0
833859d4263dd0fc008fa2c0e2e75337629d561e0257ccd383d477857c1c677c,1,0.0,0.0
d1ddaeb2ffc899d50d16d7459cf5764293387f23def4540a70fa9d6ae5375bd8,2,0.0,0.0
fc4f178319521f7b595524e017770ed359af11712c33c654931ec547993fdc61,2,1.0,2.0
dd2f7e4bc8a51ddcb09de1006efa6631e2a8389d22efedaf6e22ebba6a53ab51,1,0.0,0.0
ac65649b766efb1d6eddc4f01d163098376a3246e235a4cfda18d51bf6b5c607,1,0.3,0.3
4331245a5ddf97b75e19c7ecef007c5f93bd8d9331ff0fad7cd67c4b1ef00c3f,2,1.0,1.0
0327b5f18d37aee93761bf64c417fd9043686614027a9f19b3f91fc956e04f79,1,0.0,0.0
879ef9ac798ad8968473284c1dc99930fb1347d4a097294f843d77ba0d5943ba,1,0.0,0.3
b8e52f65f9e27d9c704b9c12aea881ad8ac6a5cd8f14484a58af9bca46c60552,2,0.0,0.0
550f485158e7ff5dc1ab1ec9683cd2151e8d758330ff7ba98433926cd28367f7,1,1.0,1.0
4cc248e84e71420e8aab7ddb9b675dcc89fa7912a025efdc8e552c1ddf654d49,2,1.0,2.0
fdbcaaff6a93ad072ed3ca89f77820e8d327c2ee522d8f888ee6fca92d68fb55,2,0.0,0.0
1bf5ba34a1c37ebf8b60e615c727e32b64e808d83bdcc0567fc1227e95b091da,1,0.0,0.0
b363971dbe26913135b4f75d23bd3d6e4fde1784d716742b5066f21ff2480bd1,2,1.0,0.0
b525377c21c451774b86759e9c5f90d97ef2bcb074e4465773299ec006a79db1,2,0.0,0.0
134afbb66283342a58a81985f223ff7fc57b7a12ed6dd2c22aefe185738abf03,2,0.0,0.0
6070ea137d41c44257e19954370b397ab9a2704e4ee5c8b7ef2ce79e727fdd82,2,0.0,0.0
4fb668e50e18e359dbf848cb431c581b52e83e76cd32098da9a8a351dd09659f,1,1.0,1.0
59ad4d704809235fc258b0125092bb0c05606ade8369a89a3213c9f793b8b063,2,1.0,1.0
c62fb4636f8ca9b3213e1588a21d9a97467bc38827a2d963d3f6a42b2d27ca6a,2,0.0,0.0
3c6f67d06c396e0708498aa3512636ec1266efd2b0dda62a9779132273987fc1,1,0.0,0.0
29d4db445fc36061dbfc872ac2b85fe4d5b3386db7ad954f33d50d784ddc66ca,2,0.0,0.0
82caf398e01eefc2ad454442a6c417ac7ae211ec42b69f6f20a661d44dc1a4cb,2,0.0,0.0
7bcbf7b86273f242e98900697213124ac37260453fe094b6d2f653407c93c99c,2,0.0,0.0
a8fda96e88c8dd2488b98e03a56aa11a9c4d367a55d08f20f8a5ab9f498aef1d,1,0.0,0.0
2a4fce86d46a1ab9cda9fad35280aa774ff6a4cd1f48236444c71baa5271bf79,1,0.0,0.0
657f8ba68e3a4a737272979e8cc4dc8cf564d4c4f0644f7bd1b8488b4df9ef21,2,2.0,2.0
95727500d7311ade4fb17a9fb340d6beeb82a2070e9f654cffef93fae8332bdb,1,0.0,1.0
40ea0d57644df304db64aea2c0321d9eda94495bd454b159f71809149cd55fac,2,0.0,0.0
c0d461f2d25f1c15c7c2c77b003bca1d060d9bc98c81b4694b3439abcaf4a954,2,0.0,0.3
c9fe2c4f14cd3995576dea413c389454c090a2cc7ec12ad21beb620c71b0b5f7,1,0.0,0.0
6cba1b971259bdffd07fbfe887031e194e69b65de6997b1f44d7721eb8f50242,1,0.0,0.0
7401d0dc01cadb3a4e95293fb11e0982f063099ae50c4fd012cc83c0e6cc2c26,1,0.0,0.0
e0f1e2652b34bb15071c80336d61c2429d29e48d111a90c125d4b5769431ad46,2,0.0,0.0
fcb102d0470749d2f5dcecb4b045e050a02c9dd3e7335be4c0b98bc93c9642ee,1,0.0,1.0
ac71e507fbf2ebf885c8a17aff7b37b82e0a1532300d76adf4e742fd6e167f83,1,0.0,0.0
c33419d226ae3c6b4e853b498fc8d96f231ba694a6d40a8c7bdbb504f28d0c28,1,1.0,1.0
c05b2b3f7ddb7470b547c12b9f659e8ce1c5624e5b93e666f4dc1523194843ac,1,0.0,1.0
09d8b08ba01ffea64c7308bfa0a024c3cdef4a8356227b3a1258b4a6bfd06dfa,2,0.0,0.0
c4f0da05aebcf398c9ae2039460a93a0c1c8b05acb2347868d73c6f2e6eb4130,2,0.0,0.0
7b156e0e9d181fad0443bcdf38b383df5a21073f4cd6f944b8b4e5d7875f6be4,1,1.0,1.0
19b9e3fa9574997794a2ccaa3d7e76d5e5fdc841ec41f9b0fe28bf6d5334117b,1,0.0,0.0
cd6dbbdefb83b4d3de2ed5d91b7f7fc269498821274dd4f515ea4a884b0f1697,1,0.0,0.0
81e465e9b9f28f987e971bcc50e86131ca2e25ce3d8540f71e0fac995df55193,2,0.0,0.0
dc486410915e7dfd0cee09ea855c5f3f30f2341cac353c8a972f8f7cf038c871,2,2.0,2.0
995e2a5c1ac564d383e25f79faaddb54f20e8351a6f311c7fe9b77583dea5372,1,1.0,1.0
7b04ba81cdee31175fe5a7f00cd98e95bf4f0f517e4ff6c9eaccfbd302f23bcd,1,0.0,0.0
d7a74b792df9a26f0ae2c0d29d18777238788f31dd0011a7099f3eb555def689,2,0.0,0.0
51ad7ad8aebaf653fd6a5a0bb5dc239194ae9458247ea325282e3b1fdf31babf,2,0.0,0.0
831f002322b9d3d906b466370fa7b9095ee2c6c4942874a4def3691f43fa5f03,2,0.0,0.0
ef8b0e75f65117ec6bb139fc7913f8ac321e44542913a578468d54f2258b3cfc,2,0.0,0.0
6ea5fb09e6fd28ce863013946710e13cf9cb5af2f6ddac3659580bef22324573,2,0.0,1.0
ac339b6aee2e5d3d0c28ad669b652093297fe50d3789a1cf5f06a437a9170206,1,0.0,1.0
0fb308663e2dbef5d8832db6fa76e160e3514861fa73fa4dbd5783fe07614962,2,1.0,2.0
680a830854c88383ade59a849849dd3c619fba0eadf90ddfb2bb78452881475c,2,1.0,1.0
2c54013a9404711b5ce4c741284f8ca504b621def2963444670bc2526cddaa6f,2,0.0,0.9
50c298b21ff829ce1d973b0c498aa96e1cc2358084628a86414231143c1cbea1,2,0.0,0.0
a51470bf7e854c2f6a0b532be1d05bf70494e226d9a52ecf398df0a01102e059,2,0.0,0.0
9fcf86cab131e5ab34b4d4a78184878fbfa42ee4e082bd6e6a231bf6d389a1c5,2,0.0,0.0
097ca13504354163fb4962ff1ada6f7444276d46e85c4ba6f673d3c236b7cb37,2,0.0,0.0
a034109982ff06d45f4f85efee30f2a5ce6c358d536db09f211488b2d1ccac1d,1,0.0,0.0
0eac612d42129411bd78f9ce05b02ffddad47b29a94dcddec6c7c60748c84bcd,2,0.0,0.0
c497de99251c09e0bd1f163f74c6351f2403ac076f765b15ee8841c76f5d1502,1,0.3,0.3
dbe5dbc759400d4560f8b4e77b8b7ef0ca0ae25ae117381e5952f1edb39dc4a0,1,0.0,0.0
bf090faf04e40f33296e2e201119775407026d24fa2d64c5e64d7ff397f147b8,1,0.0,0.0
ae6537f894fcb26ea4d5c17e062ce631f92e633ea7e77f2400adf7e3cca38994,2,0.0,0.6
57ff566391879b6c3604291aa82c8d0b3d17c80f665b2d9143ac8d765856ff51,1,0.0,0.0
0265d95891a768a8e474b5d0853ce20598ec17f897c25bac103ae4cd02bfefb5,1,0.0,0.0
5eb409ee5fd47f8c6ab8f70fc96a48f58eeec3d03afea186857c0e636d29fe59,2,0.0,0.0
f80b6a940c8e51f4e58d63c2603d4fca91fdc5f2e2bc1a4e2eec06553daf1bf4,2,0.0,0.0
1a8b4c619cbe056670b818fb56f6a3e894c458c1d9deae858b387608765b164f,2,0.0,0.0
2449fb91c8521cac5b73f7fa5f8fa548d1617453bc4b727cea6a3435f45f4048,2,0.0,0.0
d32eff2f1ae0d301216f0242cd052bdb06105ac71f6e35f146b2b59795389e0d,2,1.0,1.0
d35464fa408a254fe6da3036ad03832b13104b2473a27e43ac978ddc5a705c64,1,1.0,1.0
57b37a6186607b69a07f681d9690fb88450c5f1980dae78a300f0c062b5da0ae,2,0.0,0.0
48080bf412fbf6febd2701f4ec5a5526b4fecd46fc94e34b3299297223e82789,2,1.0,1.0
afd2d4a8f3d9784e839fc6b44fb618a589da3b1c17468aa1ef7eafee78437ce3,2,0.0,0.0
14687d51cbe449f3e48b1433b175c160e71706128d6ea4e741e32b293303b6d5,2,0.0,1.0
2b805f7476ca9ca13466412ae3d5ec4c0e049c2357dd55e3f40692d7642653c5,2,1.0,1.0
eba1d64164bca758d0322eaea41df235e1f2fd7b0ac8ec58ed216dd96d254b28,1,0.0,0.0
e912d06330f66a496dd2e89723bd10b19a586730340fdf00f6d19ced8ad3bd83,1,0.0,0.0
7e53e80e17f291140e4fd0944645210df6348aab2332bf74eaab2b468ec58573,1,0.0,0.0
4be973881d41a68aec0660a51ba8fe58fff354a99489c772f6c603856f67a6fe,2,1.0,1.0
1f6df837a104e8789039d3efaac4c226ee3e222f0e1fd0fb9b2e5869d13764f6,2,0.0,1.0
b33f24c9d4c5c898ebe01c101898985ff40d406fe099ca6eeb8fe4ac806d0240,1,0.0,0.0
45f2d5dad6de030e57ef7066a0846886602a6d82130f064fc64fd9eb3bb4c795,2,0.0,1.0
f6ef9af700907a05fcc0245fcc911d5680d97eee3f2e5169bd4ab7fb871da1ab,2,0.0,1.0
c7ef0a6f492d3afc9d171091c06084f1c1a3fa9fcca19950d0d6cbefbdc167df,1,0.0,0.0
6ce7948ff64aa42edc1b9c74ce1212695f1ae0a2d7995aa75536f045af959eb6,2,0.0,0.0
9d71a22d104660e034ce7b87aa9bbd09af3b07cbc4bedb4082d6d56060eac6af,2,0.0,0.0
7ee35c737f7972cccc526e926ad47ac48a44da32514062c6e4d5c689f74580a3,1,0.0,0.0
e267edff7f846538790405181eb99bd96896386ddf5242624aa35e1697075834,2,1.0,1.0
83c072deda63302fff33e758ed97bf52722a09acda4c4d5f26e8b47dfabeb7ac,2,0.0,0.0
ccbb548e3c9ccc67b636cceb83e2eea59892d76c6e9c02f30c21b56304221b9a,1,0.0,0.0
75376fda630d903644cf571af4c606e87fa6a0505a29676d910f6769888f618c,1,0.0,0.0
56ab3b7a00cbb4df21ac3b6af0f340b8db2609080b7ff4d57324f94f3561b468,2,1.0,1.0
a84f233740e80051e8a0be1ccc8c84f5be4d7ba3b8b565a75403e09596435580,2,0.0,1.0
d36c55711ac1f6c96c7ef5df3addb2c01f1e198c67a20d7155108d98aaade07a,1,0.0,1.0
0e521922f7815f933065756b34c810bfbaebd4cf82fbdd44811d4ddea78cd6ed,1,0.0,0.0
f6fcb7f7ee761338f1767a4dccb0289a6a303f4157a47cf9a6b9d7d039a20879,1,0.0,0.0
ae4ab0e41e0bf68ecd8dcb8132f37bb8fa5160e705e20d20f9e216dc25aa1885,1,0.0,0.0
6af2b6cafcf14e0e875cda3767937be2f30514d496f0f160d54fcb34175d0bcc,1,0.0,0.0
1988383c1b79037f1c5685fb56bea9dba8d6f8e4545886663a308fc0e81ea702,1,0.0,0.0
7f5540455daf7fb7368772f23b4954544ca2d459c7b4142f5688ae64b99c5215,2,0.0,1.0
886f87375db2461d9afd290f509aafa816a5f721873e9fbc3059ad4ef7426b24,2,0.0,1.0
8edf9958648d58a726d6b8ed4a7d6fbb806bbb6e1e86c9956ba9467996d7c18f,1,0.0,0.0
cf04397252062a8fe6d10f791115f30f428306f3bcf24ed59cee36e16820b619,1,0.0,0.0
1d1cd7bde637c9ce7af1adee876618c8236c6f0df477d137015439f1122cb72f,1,0.0,0.0
74600effb8e02d8460309b69e42ac624f8b4f410541c893e4c0bcd501c85177b,1,0.0,0.0
ef020368f4cd171f06368910487c90c86bb088aa3de698f6a4d38dd8b4b473c0,1,1.0,1.0
7eb593dd058752974bdffe3ee12bc88d9ee18d1a58a4b06a39dccfa8189c73b8,2,0.0,0.0
b1324f9950d666b49fed44d1261a54ae2df250eafa603b00f06c1989377aff63,1,0.0,1.0
74478b4643bf1e35421a638e641f69f2e4dcdf8324e67716f4efaad2f9291395,1,0.0,0.0
739f045caf216ac6a40efd050f0a03681710f13a9bc0a9354ffc39d393eece21,2,0.0,0.0
8ebbffb1435c148274ed39bad0ac6e45c97395185f69b91f16c2cd1abcd90a8e,1,0.0,0.0
07dd8f75e3087e384f6516d17d7dafd7bb10cddf070d2a1292c7dcc517a9cc26,2,0.6,0.0
4511596154cf266fa8290c99e88c0c1ed8db49068dd9e08a24baf9b82c2992bf,2,0.0,0.3
58bb1a6cff6c73fc396c3617e9116ebac3de7803be97f6ea9088e861252dc121,2,0.0,1.0
4f8d11687e2afdb11373978351232b39a92e7eea9beca70d13a187e4079d0f28,1,0.0,0.0
8b37ea1dd9004627a6c38fc03af7df6cf80aed075e7393af259ab8250eeef6fd,1,0.0,0.0
8a8abbb08aebc2c14a553b068c243516f58e8b0a8c73d9cf2dcadbe23c072440,1,0.0,1.0
27bbdb9be3017707edc3b686ba4891566467c55dd9503f0e82cff61f8c1bf278,2,0.0,0.0
778de4de9a35b99a93d57d8eff5183367c5a72bfff0306a669cd83ee43e90a1f,1,0.0,1.0
9c5ef26f7f2335692ad7a7060f0e727605eab7f476f47b05c0b9a1a80ef4a97f,1,0.0,0.0
dbdf31a0601407c431a9a76f286c48b82959088ef9c983507cb50b3dd61fa7d5,2,0.0,0.0
78d65bea46d7b5c51c2ae757e45aa182c00ac756a2e4091d4f2a69fe1a4cebca,1,0.0,0.0
d4952fe7305d06f13ef620ef14583b1bb5fbef32dc969f5b0693200f071ba699,1,0.0,0.0
e07a09b16f6a7a55ade0b6874d81ffebf95be4d4be1490bfb50d035297bc062a,2,0.0,2.0
c9a1f4c6cc8c1b243b58a24b2d9f5fcd8910ac6a7a474e4aa827e6e5852e61a9,1,0.0,0.0
76f5359c69bb2805b773eb8c517e5eae11bf6b9a58596372d14c52be3397533e,1,0.0,0.0
70f9774eb766a47c311d8b8d76fc184809c9c019a42f8cc3594b860a99c3afa7,1,0.0,0.0
80833c44335b021a5f55a975ad262abc82f809e39adf3595a4e2261f8c9c466c,1,0.3,0.0
da5bf860a37c8156aa5fd2ef900ed3eb31c26e2d072fcd60f6ecd64567559d18,2,0.0,0.0
32b431e6be886bfbb5d7123d2a4ebfd99ba6b4f0a17a135817b108b39db278ec,2,0.0,0.3
fb9e72cd4ecc3e10393c2bc75e8ca4849a99abdf5f79c7e6ad75c411ea468895,1,0.0,0.0
85ac9b45543c74324f89d04f518b746be773afe0356ef63392ca9a05343b005b,2,0.0,0.0
36b5818de0c68d730aa4c4748df4e76218df9079e659d2b8f64ea34a7c4afce7,2,0.0,0.0
849b8ed307fd67430025f1da4a4efef6072bfc60ca413e1ee71bd6252b14e242,2,0.0,2.0
d7c061e4e557d2ff2beb9aeeda56d5acde9c9e5e8a3f6f386a7b39c2b703a586,1,0.0,0.0
e86ab6c169dc9313145f8ddfac6471e6884881b0d4973df1d31ae95452fe56ab,2,0.0,0.0
7ced787591b97588e3d95f6bbb9a6fe926c5e38693cde68729dd5b5a17b5ffef,1,0.0,0.0
dce354f2c95cabe46e5bf19f3552c9de9d106825eb82bec558db8e38010ee219,2,0.0,0.0
df12b14548dbe12e66dcb27033f45b5a4debe2407112b3de3f05c79fe0344ea1,2,1.0,1.3
4f78583e6ea2133254954c63bb50cd72bfa9493b9e885ad89b6cbaae4d7d7826,2,1.0,1.3
17293e1a9f42ff9b7dcf754d3abaa7ece18ecaac4b4a5c11b42f155bdb6c65ed,2,1.0,0.0
dd6ad9a6dda7437fb2e6d46a29efb7dba2a7e420d316347cf0470067a7b042d0,1,0.0,0.0
eb48e34a8cf63adfdfa420559abfa9c74e35d7f5664c17a3ee2b296cbed159f9,1,0.0,0.0
1d4d286071af225b6a6b2a4498764a26cf0229a9f18e6b97a5a6716aa4020cd2,2,1.0,1.0
5029c97fd413304df5ed4afa7f7dd7617c2524900319d2c8c03a9eaa92209d58,1,0.0,0.0
9bd2bad5187dda744405fa94736d58443293a3b63bfc5445e69d968d24a96327,2,0.0,0.0
4cd66004c590ddf54507b1a76ae9d6a8f3b582ed8e6c8aaceb1d02eadb03ed34,2,0.0,1.0
145dec59adeab7bd18684851d66e7157fe9982c75b2ae3692e57bd4223ca2300,1,0.0,0.0
5db189afdf3870a36f046939d6ec8af8961b2b7f6dbc508ddaa1f4669461c29f,1,0.0,0.0
941bfaf1344da37349827f902bf4c5ea79908a2b8ee1aaac10011a129fed0ec0,2,1.3,1.3
75644451d965bfc1311bab4d115bbb08120565ae814f96e227e644e75561d5de,2,0.0,0.0
00841c3bfc55cba134aa3edc064392b47aa7ecb897c151b9a36e9113dc1b6b23,1,0.0,0.0
2406b282bc358b69eb4dc9e6c0a1a669226cdaa265874af59c9b4da77b3bde77,2,1.0,1.0
c1d40a6973e9f55c27e1b80390cd45127cffc2199e0b393ffb087dfc5552772b,2,0.0,0.9
cdf72545c655900fa9f0a4dad89cd0a499ac54bcd866a8a7697b37c6b88a9783,1,0.0,1.0
541e77ecac06eb004870838f773176cd2ba8e70f89ca4a60aaba49f8d724a344,2,1.3,1.0
e4f90354067d5f71036e6ca2e90da05d8a73345bb89650a42d6e5fa4f95bf376,2,0.0,0.0
f56b2d8a79b2f6347db9c24c1af354728fdc1106bbceb25b54fe490d7fc2ec0f,1,0.0,0.0
0144c372cd40dc5439dae60a1652683b985f67de1a5480581fbfecec462ea520,2,0.0,0.0
86c71e1ff6f473d89f85c0a620eac39950a72b78acc2caad8d7c554839059067,2,0.0,0.0
73380d7e711a113ced288f698ba4964b0664f62b3b91fb79da07bc928cb81223,1,0.0,1.0
41dd8a91c53b2f87e6639009223a4d3755978a3d8cdcaa646e144b920f19b981,2,0.0,0.0
30e2a3b1da865a3be7e4aa97b2fd73fcd00995cfacac00a3b65a540cce894c2a,2,0.0,0.0
4e8167600c13a042a163523bec3c8cef4d8ae125abd73e1ff035706efeac4346,1,0.0,0.0
511a6d586f1a99952c98d611a6a75f3849ac6cf5a130ecf0aeef1f2b02a497f4,2,1.0,1.0
9abb3cb89ee4ed0d6a15b335b635ff6551e4ab6ed33437eb99c2b3a46589eaf6,2,1.0,1.0
e242b6bbf280785cea953d5e681a008627cf1ec2ba7ae776cf4ad2b6e93c5e26,1,0.0,0.0
35bfa641172884d2aeec03747190e970b482b7eeaa4f9b0d5290457cf6a9a0eb,2,0.0,1.0
ef9b743168b9406be28c3a406bd947077472eea5b62ff0edbdb95729ccf700e4,1,0.3,1.0
f2cc346ba3376eb9b148993157bf32feb339dd8c689c7ada21fe3d045ac50158,2,0.0,0.0
7908e44ef568d99baf656c9615f58fa80786a33fb270b9898b7e357169fec4a0,2,0.0,0.0
2f24911d2f4db81e27e2ffdc66e7a55d944bf916d48df2ff28fdbc5aac734b6e,2,0.0,0.0
da5cc54c33abd02c82c8940db9e54528d82a816de469881da27ab5017200b37f,2,1.0,1.0
edf10115db1b72c9216dbfca659083b6e4dbd3a8f9ccaa710418a855105a1417,2,0.0,0.0
c8bed17ba050fe400297394a73f673b2bc63056431e8e5e97c8fbfc96fdfd4c8,2,0.0,1.0
659ceeb6728b85ea23ab35a6d11f65fd7df08ea7b80196e1de1e065c49bb58d4,1,0.0,0.0
38b424d677308636c5583c603989a0eb38480801ceb7ba3df324b4b9f2e207c5,2,0.0,0.0
dad08aee878d31702cd6566100a4b81290099b3f2b6b887af925de848b983524,1,0.0,1.0
236c4c9f63830e84a4d29a3fb70ebc56abc20ecb58562753f525b2844f457dbd,2,0.9,0.9
c7e49b8a899d48d522d980b10b7d1853406e9615940c3af994c5ea14779703ac,2,1.0,1.0
6360fcac20ce55113e824c0df11e670f83603ec89408487d28cb87863fd31dfd,1,1.0,1.0
7a38c4a1f14e9437aa41608aab54b8b6e0c2a37814b4cf374a9b1acddc78d714,1,0.0,0.0
55c0d8c824b9da1ab42ab6bd5b393676ab8df2ac1b1f884eb2dacb05eb187c9c,2,1.0,1.0
dab08b12c9befbd652d2a151660759e92e8f332025bf5a4831905874fb87d379,2,0.0,0.0
7ecf2fae80eaab7d2f4eb9e86ba04aef522221cef6599aab2d2b93ce4e005dc9,2,1.0,1.0
e4671186feec897537641894fe417ec2e83f568a9515e960cec86da86a3ee463,2,1.0,1.0
d55ba9501dbed3336c0df423c414a049c3005abdae89bf3a949d4a75e28cfcf4,2,0.0,0.0
0c6ddc2d06428cea38331dffcbe292850dcce77cc7702e1325d3e2517361e4ab,2,0.9,0.9
c2ecd7572796620464a98d924bf3c14bff3586bb82c7c6e63f95687b2371999e,2,1.0,1.9
67e6b9f32f3c04cb3062884f59d6cbc42caec87c5d948b12a177b79cd7a6bec9,2,0.0,0.0
c64f0115f93e479e620ef805fd052ba476101965ba00cd2f38752a3421cdfe84,1,0.0,0.0
73edfb23400d9ae613c9e080612247eb8beb3bc7f3284e4d7ca486f0540715b9,2,0.0,1.0
49f97a572bd6ef37c6bbee2bb7abda63d245d92dd731a442d93131add4a63147,2,0.0,0.0
b682e59f1c6ee02c7a15684e02ac218eb04c6d43262f520f038195f634e75a0b,2,0.3,1.3
987747fbdb735763fc7e4832a09d5fb66d861053ebb80a873440cb4da3d0306e,1,0.0,0.0
8b4194932201e07626e6c6ba427860e0cb1a46d938012962b9d841e855507e73,1,0.0,0.0
3d9836c449825c23e1433badae049997814a4225820cda079f0c96c583229844,2,1.0,1.0
38338112351b102c3f034c363bfdbb19c2e5e6ad726a3e2ab394219c4840cba9,2,0.0,0.0
9adbd20a1f3ad72ae6eee884d9a3dae7f7b1eefd580de48259c54225985c6546,2,0.0,0.0
4dd3f8268b0b2de506f715695c82c2527502e5337ffd99c9769cd26f6751f35a,1,1.0,1.0
c360b6f437eff08254b406ae5c2ceaca4865b0046ad31defbea111b508115855,2,1.0,0.0
8d5baf117a4a985bec891a30edbf900a82eff804aed779d72916a643a662e8a5,2,0.0,0.0
8b9fa6300f496b414897945285e147e7be08af42ce644e62af9210f00a61dda3,2,0.0,0.0
844de62b482b77bb9b126f49cd30bd14a9c4552568f112d70ce99230fb21ac88,2,1.0,1.0
40ad19e49bbcb44049efa98a1bc2322cd097be7395037579dc7df6cbf43641f1,2,0.0,0.0
0b2cfde02daedae1352926f80dae852ecb5a4356217f0743f39b016cdc18b987,2,1.0,1.0
446396db401485fcfb053a09bbcd59cec10e858692d1075744302965b782e6a1,1,0.0,0.0
d06970f6f0b7750a4b08e3ce60f6ba3d7eb57a0e4ec6a81e14fffc9a444933d6,1,0.0,0.0
29dd8a7b534ad685106bfa362bacb2c492644a79dc888cd8b19ab79424928488,1,0.0,0.0
0fbdc617b753dbfb2eadb3b48d06e7e348f284650219739faff9101932043106,1,0.3,0.0
c614f354ed2a6b5d24ab4cf958dc9af8266f00d936f01f2185c263676f727205,2,0.0,0.0
eff99a3ade56ed3380b05bcfa93ad675c67e825c130334af8f08b434e953293c,2,1.0,1.0
36b7bc2df4de04023be17cefc7ab9b93bf08a80c7897e5bb946e38ac3a3534f1,1,0.0,0.0
763c2ac201c90aaa6f5aa9f148dd1539bf7bd40535a6e59124587d56de45d114,1,0.0,0.0
6006e17bc956a3f93c40026e58deca0cd4a090873831941c8375caa6dfb6716d,2,1.0,0.0
e24594dc9e3c8f306009658d5c10d35c229392cea9c291cdf0d05d71feabe451,2,0.0,0.0
b611039797f131fe56b927c4f255cd495cedd4f0752ce84c300e85caa724bdcf,2,0.0,0.0
5173427ea894d1972ab945db38ac1746e701795ba8f34440b84c04cfb00465c2,2,0.0,1.0
0d1e274ccc079e64a8b34a80abc91fa3dafe228714ef1ed87cf0625fb4aa4e07,2,0.0,1.0
39c5fdb1f4c96820a38d01eab831c2c04a3d498603a17c053c30b65ce8b470a8,2,1.0,1.0
4fb978a9f3e17e86656caac0a9802d26296d9a2207a422969beb14ff11ee9837,2,0.0,0.0
6c993409bf5b0d8e3e20d0c1ee9a875c1784529aafa94a17e985dddce291eb9f,2,1.0,1.3
45812a86b98bcaec808b2698041628f005bc01dbe1b3594a0049483eba5fbf04,2,0.0,0.0
dbe891e9e5f3a8dc293342df0d38391f722b5bfe28e976538844cb6c97e56204,1,0.0,0.0
fa476d9f75f52e7848b924ae5720ae0fa22c186158d000acceca46489312ba1a,1,0.0,0.0
6b6ab33c745de9ff6190b9f958e7ce2eaf31731864a3a8f0955854b3b64415a1,2,0.0,0.0
c2a733b6d92e8e55ab2259c785b6bd8c3e35699701aa863b160bec45f5d44dee,1,0.0,0.0
4ac3b143869508b9895961332ae06c37af1fcc04d7a62058e26453d00215d735,1,0.0,1.0
df7e8b9f9d9c258d34fc445fb9b4c01dec3384b8881534fcc502f382ea159e4d,2,1.0,0.0
305ac4e0fc42ff3c33a0d4e7cf2b95d587a90ca466c0f4cc84fa72eda88a9358,2,1.0,1.0
c08fb63361d3f710811fa0d43e1043ea031f0615a9a969ff9e8d3069046b51cb,2,1.0,1.0
270423b1cb2caf4537a3e5e425ee7d9548576224826ed31f43472abd8a574793,1,0.0,0.0
8335c8a7c4a95a04b9df29101872c59d78e582f97f1e64bb7958771f5d035fc1,2,0.0,0.0
8c074764620872c7dc2fe0b5268b1cfddba4da08e8d016456106f381d5438b86,1,0.0,0.0
3cf49d0cf2cbdc40828a996e0f4846989c77a0fe228946006797b86815085c77,2,0.0,0.0
01b23b2d171407cf280b0757a33072e40a7a89d8a91f862287aa9facf137656f,2,0.0,0.0
10a85ee170ac9ade439a65a454692169d5aa540079e98386950b4bdfacd09b26,2,0.0,0.0
e260385ff11ca36310d1e51459e18ec630eb6de0bfbb83c604256ed6dfd01a35,2,0.0,0.0
910363dc5f337c4f8dfb08dd65c741c4b78f2c0345dad8f5241c5328ad15a01b,1,0.0,0.0
a5b4cd82d248f28ca50eacba9213b686026869ef2d4831714c52f7518fb87501,2,0.0,0.0
69f023c404122e82ce71e5e47ab262a2696fc7236ad10ad97fa9952d0356938c,2,0.0,1.0
de0fb17eba45fa69afa17093937bff5ef76127da9f5d84412591d675c2e51012,1,1.0,1.0
c42c9dcccbb3a1659e52a64d2cab1a3a0bca3b3560747dc3566c4382b57d471e,2,0.0,0.0
549ab9c96b61835098738a978119e959116e19acf6c44401bc84ab1b60a801b0,1,0.0,0.0
40f0dfad70a65b9be799c02b47a082dadb7488395acadee8e80fdaed2806b7a8,1,0.0,0.0
a46584fa16e754a51007cdb78f05a81ff06216a69bc5719266a96f5116e42f48,2,0.0,0.0
ef15d09800782f4774bc4e72dfb2844781e796e0ec3c2337ad861d3c2396e73d,1,0.0,0.0
1494d0e42bd42328c9862dba2168bbf9ae1f96f94c58b2c24b6884949894263f,1,0.0,0.0
9f7ab0fe4284cbd775f562fe3068bcdf604a08006201234712f7dc0aacd5f9e4,1,0.9,0.9
4fc5eb556e13528065181384ddf8907d35e2e884df517869467983652bfbe8a2,1,0.0,0.3
8763d0c04a303e7dabad784545f4abeceb4e47b467bbe3494d62532159cda60f,2,0.0,0.6
253a586c9cbb33350ab7bdcba89fbae409765f5f309757093186354f6aa28e7a,2,2.0,1.0
147c9bdf46842eae7c7b4097eb14596a4417283c544617b27112f90adc756e5f,1,0.0,0.0
5e4edccddeb824ed80ec0b7ad687d0b867aeeae9968b9a849a820c9e65edc669,1,0.0,0.0
47b7abb94f24624f8452240f12061682bace6dddbba37ddec8d368659752851c,2,0.0,0.0
b88ebc8eeebedd1b6d59dabe4e50a87543f0c7428daeb66f6a79d81d9e0385c2,1,0.0,1.0
eb72ead13aa294105c49c44b2a42ffb382643ddd77b06fffe38ff24f3218798e,2,0.0,0.0
4db57c6675a0bd29ed4fae59074532ab39524162f6613ae8b86c1bd8aed160fb,2,0.0,2.0
377a8351e0ab625c1bb37070ae52922336af956f0867b9e79a341936546a9fc1,2,0.0,0.9
c452ea4a632613188e183e025683c52565eb88e166dcfe112b701a30b04dd066,2,0.6,2.0
ee9ebc849b1e2cccd9c45a2801087c2842098ac7315c520597d0c370dddea948,1,0.0,1.0
7c5dca9f2e2425d47fd120ba40d98fcc6f005a81e26117a5445e4239957628e8,2,0.0,1.0
f0abe6fc3020d012e2dd39e362f7b40f5a756549581979a652f34c6b4cd96034,2,0.0,0.0
19e7ae17ed4c16db6439dfd7a6d691d7d36790ddd34a95c279572cad54b7ffef,2,1.0,2.0
d3d68ce3bdb7eb5ea3453c689edc39dfff7d17920b174cc22ed6344fe8b43409,2,0.0,0.0
2e9ebd487fae9d493ee8a95bc3e36f234b13af8fc59500fccb29fb07080c12e7,2,0.0,0.0
b87ced23a6d095cee93bd36183df9577d75f537ef52d379fc4a7fb1c08c669f6,1,0.0,0.0
0c0b3201ab4a27555c99f0e9cede44b0b7de7121a91588f9224cace473b81654,2,0.0,1.0
e9814942dbce8b4395e5a261f554ef7254cc5520721fd0b74a2ea3a724cefb4f,2,0.3,1.3
e90d7e30a0ee9802613b876d7441f1fbf137a79fb8271354ef7fe0be6242fab7,2,1.0,1.0
2c960fd65ab645baf2e6d99bd0a52f71e1f1aea6b65f1b10d47bf61c20cfbd52,2,1.0,1.0
98deb25d35003301b69220130db1ef6f50eb88dfe3eb62e1a66a72d1a7eb22c0,2,0.0,0.0
570fb95195a471ee6b48a46ca3593ca694e7690f1161744bae27464d0a570c03,2,1.0,1.0
78ef14a5be083264ed0c37a9c4ff774ccf373568087de5d3535faceaee524277,2,0.0,0.0
4622d6e5262b239d86088fdb9ccc7d9c6365d8f68066519c13f57875019eb216,2,0.0,0.0
684f73f97ad4a89feaf30bd5774892b4549b82ff9acc16006066e5955823752d,1,1.0,1.0
f87f3a5754d488bcdd1e706affdf10818dcd7a8db69cb5c529a1b6636e3e4957,1,0.0,0.0
6f8ceb94d61b5b3223692ee2d555e9dc74e610b68efde22a44dbc8843c8cfb0f,1,0.3,0.0
e69b01ffe60dff213078cf6cae94a8d88457263f03487816ef4005738f8964b5,2,1.0,1.0
2394eca2ad0d64d2d0ab92d3fa3f76c16d4e0c3ecbb5acac49c4d30bb6c34b54,1,0.0,1.0
70e8807f9ea9ebd93fb2b2d6c149f15c20eb592d9c28e948ab9c5c7e1d8b10dc,1,0.0,0.0
88201edadef3b532d6309aa8ed01dbdf587eecde7937b822392abac056ff1f93,2,0.0,0.0
ed33ab2a14187e823d115d72d85b81ea33f9c7c822401ddd38a0b04e8f557d27,2,0.0,0.0
91f0f2e98c56eb191292a4abf671bc71df1107cb568f9eea70940b438477fa31,2,0.0,0.0
e6f3e46fc8d707959619c4f6c6a04723890422d1ea860d952ef8f979e856db33,2,1.0,1.0
5adf0456f4ef5c38b49c4946164e2218d20c8fb180b0aa28791b1fbc780b77c0,1,1.0,1.0
bd91d5a907e38af2a999ab53707af4dd8552cb91785664ccd882fe6685a113b0,2,0.3,0.0
412a3f78a246e5d0688b1b492a39266a928aa76742aa75bee68b2f085a14e8f7,2,1.0,0.0
ba99a1af7b70b8bdd9766a5cdff8aecce154e2abd5e01d6218d883ff1f03e821,1,0.0,0.0
315bce488c4e2d23ef6f647f918ff045ccdbcd0787aca20542eea17627660ea9,2,2.0,2.0
a076c3b78602aa46763826c3eb7b42f4fb330e126c2907690f5a536d2e4234f4,1,0.0,0.0
b9bd319613f549df888879ccc1368c6afa5d44b35b75ddfa2d98e531ec8335be,1,1.0,1.0
c68d6401f922a20fbe9e74a3af286207f2af272e6913c8898c1f6d32379fd747,1,1.0,0.0
1f2455f2e8868c7dbdcdbdfedb97e850da2d07efaa0fe58fc8ffc07d69d09e31,1,0.3,0.3
9654301ee3c2a79755f7cfed3421fffbc7642017ed61f607c557e03544d06fb8,1,0.0,1.0
f78374308410f91f2232af30f918a8965d7b6a9f259f87ab35858eca64da1bdf,2,0.0,0.0
1180e35499441d53c2e9692690b195bf035f901d34ff90e3f9a80e7223f292bc,2,1.0,1.0
9a9bdc05c7fd9a45b55059ccb7a895276065b2e67f40f173c92883d7f9e63f43,1,0.3,0.3
7eadd4d4bb9fca4ed87585dbb564b73ffcbd419a1ba4c974014843a7c7da214f,2,1.0,1.0
d2693042b3e4bc1924abe43ff29675157da86eb794f456b4007f0f84eea86102,1,1.0,1.0
ee5249359227632ef156b2e86768f2d33830257454e85f79a0ef620802711383,1,0.0,0.0
30bb4bbf7121ed7224d0dad121ae303e1a052dceb5e8807b10be8c50a5e12e91,2,0.0,0.0
03ec01e4fb63186cef1d5331ecea47c16b529ebda7372f7c055651a58ab3e0d0,1,1.0,1.0
39e70d76e268afaaf6c3adc1f921c298091e2b14d8edc7bb785278bb399a57e9,1,0.0,0.0
69e0a9c5e3e5e861bd265a0ce3cac0f190cdfeaaea726be69ddc8563a5c49fb2,2,0.0,0.0
351ad9ff7a71cea588576f8ac52dcd89c8dfa659300a90c70258dde2d90c1dbc,1,0.0,0.0
ec4db57de03ddc4e1f251e58c121bd8b2a3fd96b8439aa50b859d9ea929ef75e,2,0.0,0.0
3ef4db12cc4a266a5e05309722af591e292d1f7176af6d4ddf4921ef0704081f,2,1.0,1.0
0ae41e3aa5af2f148c93b0ba2b69c6c1df91255b294992bd0feb3a0d718c58db,1,0.0,0.0
9d0aed1b4bfc6877e732485620b86cb1d7f70674825936cdd4f0a41f79d8baf5,1,0.0,0.0
eb634c9fa87d72047412929e392d67130d7d520200c07ec22916c31923e66117,1,0.0,0.0
023edb555b39f16cab4fb98c1fb12677c8d22d17c455c04096d257503f08d048,2,1.0,1.0
17f893d9570e476585b09f226fec288983c33d0bebbe76c9e2cc9b1dbcd4d763,1,1.0,1.0
c45b8124c7fbb1fbcce4d691b15be84c339b5eb98b996ae1b0720eacb7604561,2,0.0,0.0
80d067f61d026ea36576527d09af04e97b27e93960eb2f9787ff963418831dc4,1,0.0,0.0
8b7249fc0be0bb820befba93be4a9b7b973b4b950c4bae1e63dea2bb7676a122,1,0.0,0.0
1cf794aab58dba74982ceb1c62d2d20c6c98febaf00e1dce65a31d803ada4747,2,0.0,1.0
f54df77bd362f03b06d4d85bb1390a88d9022f2b39c0146d330baeea63e028de,2,0.0,0.0
a795df5e6e477fc1a8e3f2123b20cea7c595514ca6df8626345eec86f5d5d48c,2,0.0,0.0
be872d7c4d41a342575b1f1aa90c217318cc0a7ebdb2f3298a6fe5d1f145f11b,2,0.0,0.0
e6e650267b8cfc568e03cf8c71080ea403a041697fa0ac1edba39fc26dfc28b5,2,0.0,1.0
6797db5369e260bc6c911a946228c23766e653ff72234961178c78020ba3e34b,2,1.0,1.0
a07ff380fae26db80f6c2d63036d0050cfdf1956745d361e938f5edf8d5b3588,1,1.0,1.0
e2c464124b62ac9a2b13b3ae62553b0293cd3eab5a4dd5b378a630695145fea2,1,0.0,0.0
1130e61c7498a0d330fd0f909641d4de25fbaf19f33356b1b383ff24f3677f31,2,0.3,0.3
397c804ecf7f76b4b17014e73f8fd3506e1712a8fd817418658b45a71ab28ef9,1,0.0,0.0
2f1bf05d87bcc442c620f3bc542c6ae318fa85a918499964c302bb745d01bfdf,2,0.0,0.0
f1812a2376bf9dd68a534c7ec566a2cfc3e716108d459d9c73294f7ca3565bd1,1,0.0,0.0
d87ded8067e08d06940d21382a9887d57cbae43db1e208f747ef80e03f83f649,1,0.0,1.0
67e58d9e775736eacb520a1860c245dd64b5ab079d044f2716568c0a6090c786,2,1.0,1.0
0c5374e961b613df17ef042ae570ec7c40590ba6bcab8d9f764d7805d0aa088d,1,0.0,0.0
0e63f14d32b94047f6ff2338e44273c1a97fba760e123b9bcf9abe9ebdd89445,2,0.0,0.3
7ee864a1d7a2934c764192eec7dec3cfadeb894147a34e875a2c53b1498ab47b,1,0.0,0.0
00858a45047131b3149250894175b004df3d63ed2e8e63bd80c9907b97f77445,2,0.0,1.0
382d212139c6fd1c85ad87a20c72c90282d0df50ffaaac6ba6f35b1fcbf044c3,2,0.0,1.0
8ee179a137b00afb665b93da71d6b8c500111672a97484666a6ebf96941831cb,2,0.0,0.0
629bd140306f6a5306af8c765944474feaf0096dc69bf272b552f63294cd55b4,1,0.0,0.3
d53bd0981818529d014da06587d3854c36d25ab3f7034e34aae5490c432d3680,2,0.0,0.0
8cb5cbc4efe5f67da8855b96cda10bf3707a61a0c11fcc7c190608bd44e1a2e6,1,0.0,0.0
bdd0dfff73389b4ef1f37c2ea5529720a9877208066dd89e3ca0eea2d270b862,2,0.0,0.0
2f12e3b74bace07cc41be7b442e1e2c1574dc8f3e7f9356a7378fda32d595774,1,0.0,1.0
e6aaf719835bd06f2c112e4f8aca4fc0c319e6ab63355c844e73998cccf8ea9a,2,1.0,0.0
9b4bf01a94db718161df7bd035fc33f8b9841a6343a01c7aa53bb0d69ca1540a,2,0.3,1.0
045e467769bd5fdea74ef8cd0bd1e74aa567683b445ead6f2c9355933114af7b,2,0.0,0.0
19f7f8c5b4d0bcb5c80152efd9e697f05cc2364e513992a7b73c5e7acc65c0bf,1,1.0,1.0
ff2eb2dc4b5b94b094f4932d186dc2e010f9be55fc99f7c1583ac1fedbde821d,2,0.9,0.9
13be5fd5362ea75606ade5eaadb7472c8e0d586f8172ea3f6af9df2686a4ec6a,2,1.0,2.0
a38fd0d2c2ac24802bdf7417a8df71a41311ffed128aa7a2a8fc88c5d7656cc8,2,1.0,1.0
04be1bdc1b504c28d2c0a90a0a7ca4036381bc7b8213d164559ae0af22a3c413,2,0.0,0.0
e018e84905507f7762ff79171e8ff074354c7974dbaa93cc56ca7cb6f126409d,1,0.0,0.0
205467df1a51514ee8fab3061c1902b58d676ae3b15fe9503816d7bd0a86fc58,1,0.0,0.0
2a2e14220145389ff202b2349fd8097539a89f028aca7b8fb3fba965e3fcbc88,1,0.0,0.0
cb3c08e25087bd7c914ee0c1caf057b056f6ca9dfec1a49ac27b3c42893e70c4,2,0.0,1.0
20fc91b488426c9f606631fd52f534c19d681dbdb5528bc0e9974134b8edb788,1,0.0,0.9
ae854f0cdb0c6a311e7d81092e563099738c956d9a082836df9a40663f2ba3a6,2,1.0,1.0
e8eeb2ed6d8f341c06a4ff1d09b45a97d45def9e10ff0b7d876ec44d850ca593,2,0.0,0.0
2ad9bec56b326aa7b857312da941efa232a641e000633d883cf64dae0a44fe2a,1,0.0,0.0
96e6d688d95d37bd1bdeffe05c68fb62f026845c299d2ef460e329cc2c906957,2,1.0,1.0
73c57133a5465bc1982ee8908f4d10207441bcab294a23b931ad6d604f2e5e7b,1,0.0,0.0
32887717e0339b18e479bebc7aef08fe8c04322793d3d67eaff85d288d506cde,2,0.0,0.0
2125f4577cddb527ea6f68bdc6fc0cb14b9223f4b8d423e6b524cdc6dc6c51d8,2,0.3,1.3
1467956643dd345b108163cfc7180a8b2a7966dea18801c42612baaeaf0bb545,1,0.3,0.3
7f75566b028fc51c3bc01d79f69388fd8af00ca1ea5262a15e16b8046408a3db,2,0.6,0.6
b883b9f0fea6ad0c7ec2cc484b438c85752638b196780fe2058723fb608b8099,2,0.0,1.0
ee3f85c3cc9a4b8c8b6a8dfc84f0d608424747b2047e0a817ec8a0a2f9ceaae5,1,0.0,0.0
c634f24dfddacd001bed6269d48b4299633b5ede16ab27f7c7c1ef99b04755c4,2,0.0,2.0
72df8ad5a37b22d7f94928df4e55cb4da936a496b4cae815709fae5709a12417,2,0.0,0.0
6ff6e6ac7844f3b797d7b5ff1043a3a35b07ffa6a0288ec508aac13073eb4a0d,1,0.3,0.0
ab2389470f32337badd5b70f603b977cb19bbbb6f459e3e27240d4f921d7b9b1,1,0.0,0.0
7500a74544178a3c7bbd4915d41dfe7555ff741ab3de0153a0168b1886026e25,1,0.0,0.0
53638c34c63748fcebcd00a6476030fce43d8a4dd28691fe3176c084587014c8,1,0.0,1.0
88d54b0993950bc6ebe1ea588617a4a7ceeef1db9b4e6e62be9001127534ddce,2,0.0,0.0
e113a08e86c7bb59dcfef0312ce1e2379f929bc0fac1c730aeed6fc44fd2834b,1,0.0,1.0
eb82630a80e1721d508ad925d8bb1f7e5449fef0fc7d016ffe8593d89e758403,1,1.0,0.0
8ae036fa5797ea3061e7d2c6d0bb3e507a787bdb239d0767f1a2bd5161ee93f2,2,1.0,0.0
c451366caaec529ed38ac3a7bb51a506d0281b4d58eaa9ff2cf90e8824ef2e7a,1,0.0,0.0
bdc8b3945fe977161f051a1f4408317639acabc1c5b315b7221ee9939b0af736,1,0.0,0.0
0ca041e3ce84f66c96c6d98dda20108bb3212be50875c7b1faff08d153880fa7,2,0.0,0.0
25281b91de2d19c47df4f188c8c7eb9b515b3a65534242f6479fe751c55bd53e,2,0.0,1.0
d657d970ea070ff6922759514d057686bc41b3cb1ea692256e549f9ab3fc4efe,1,0.0,0.0
da36bf18f61d9fe3818c8eb81e7148e1a99f5e82a022bc8595189948825ff1af,2,0.0,0.0
f24c6c4a69789abea2b05897b3845f2629154a1f749d1a7fb8e3f0ed008adc67,2,2.0,2.0
d9c8f204c73160f9cde1af19b9e34fd45f43010943b1ba79399b2333f3c13e3c,1,0.0,0.3
2933f386ac93950f8b56d6a098abf8a0c2b3d5fd410102f1583c6b3ba63e53ca,1,0.0,0.0
361cf24cff869183f333eccedf4051ce2de7518aca7813921a22c65b5b72a4e4,2,0.0,0.0
7d7083084bff5fe7a0e03e1dc98690e473a3837cb9b2c56c255b7b69624ba6a3,2,1.0,1.0
748e3a8a012c814fae638902741bbf42b99b713c779660fbe4b9e6b394ccac5f,2,1.0,1.0
43de4c4098f149c43cb18bf182e7b3be3d29e7a4ca3a5231afdf99fa4582d0bd,1,0.0,0.0
8be216d40e8e3044c5d0c19cb92ec10f130b866447eee273ccad3b1e3c41a0b6,1,1.0,1.0
9cda71481fd683c9a95c75603dae1b18bbfe74f820fbe93c406a30f2de7c72a5,1,0.0,0.0
475c7d351ac0b577d37795e9133c8d1baaf1aa475e7318fdda798d69ff3e1709,1,0.0,0.0
def4cdb723a36942b30cf016affeff4d69f3c9bbabee2db87417baf285ea38c8,2,0.0,0.0
8cbe1fa306840d5708417b4bca48f8302d27b9b2e78d627db90a7971c02d2bd7,1,0.0,1.0
47a9f02e75e9ad3202b1e04ea8869381623022a8577387893a6eff329a56ffe4,1,0.0,0.0
74df01bfdea5de6895a329f8c1771a5edbb03a39e95cd0a22966c86aa0bdae30,1,0.0,1.0
b654dc4f0951adacf627cce5ea72d67f48fe825ecbb24f55ebaa219f484399ae,1,0.0,0.0
77b5d056f83c4a2b632ade21d624a51997377579affd57233deb11d2d24d75fc,1,1.0,1.0
f1fabc376745fc46ee7dccccd0a509e880d2dfddc41857f54e9746179f44e1df,1,0.0,0.0
c22b49f9826d0b4dc5f0a1f75c19a8ad8bd0b0247234d13d0e3fd56d0825e7d6,1,0.0,1.0
fd70b852b457ecabf11face8b52e16eca0e7d81e4fde920fc9f272fe520e085a,1,0.3,0.3
ed9b743a4d311cd66828e87bcb2b99907f651ed0131a9e0fc370e55710c9c3b0,1,1.0,1.0
49299325a01af5f9581a909eb9329f5d3f0c9b1fa4df37cd390e9c56e7799c1f,2,1.0,1.0
de2d44f8b0414c6a5c700e9aa7f6af8028700dc13a25571cc36e17b1bcf8d179,1,0.0,1.0
8b374522c60d47cdf3d690fa63c2a61d3a261fc74aaac979dbb2f5e3f243e7c7,1,0.0,1.0
dbafaf297f083634b3c9145b0237e836d4e9d221a9d0dea008fc418971f543ce,1,0.0,0.0
a1e2ef060440e9af92cda9149ea7ec63bfea2d832e4e420fb3941493b008d858,1,0.0,0.0
85cd632589f4cb621dd84320e2403086226f93aa33323dd72113cfa928b9a43b,2,1.0,1.0
45d7e5bd7272a0a9d6b328e8fbb4919a58f68aec1ba9a8ca174b3d3750ff1eb8,2,0.0,0.0
b30f52943207cd9990517ba73191f5690960cac756b0778f1ab185a776e8864e,2,0.0,0.0
10ab94202ad169c32e55f16ad064db89b9b81db01188bc4bf189e8f57b1a6587,1,0.0,0.0
0ab05f20fd1e8bd14fab19620dedc57fd96314c713fe008d53bd45f5dd942827,2,0.0,0.0
2c08e0f61d0c6ce397bc0e161c3e9a2a0d3353b40ed1beedcbcfde56d02e9925,1,0.0,0.0
85f4c257d685dd2f4d23dc23c91c6822139b288703033f9b4615f35143be067f,1,0.0,0.0
efd2f256af2fd7b4a02660fdbcb76e100707e09e8dfafb71ac751e1508b79108,1,0.0,0.0
a4a4d40781e7c94ec97d988572a50897094047060d1a47dfc198492c56f483ef,2,0.0,0.0
4a0538041dde1388f02a828ef7d097c08b3eb0f726322e60ea07e5df64c0d5e3,1,0.0,0.0
f4294049b6c9ee112782737c20bc5e1ef0ed1ba445851124f4cf7dcfc066bfd0,2,0.0,0.0
1305b47ad424ba629c9ababf391f63b502bc41556063a97e0f1db46fdf61a143,1,0.0,0.0
d1c0861720b184def655f7555f90c086f14218cfe645fe6930bfa1f0e0262949,2,0.0,0.0
1a5db51e39b1d836b5328658c2a3880ad690af8dba08670c8865f207ea1d8e23,2,0.0,0.0
dcc5f96ac86e27957ca6af009f31ba9b1b5e7dfa58dce449b32c1f21fead6138,1,0.0,0.0
2c1f8f8dc9ff9febfea8691c553872feec718ddbaea4c8e618d5a9d42f83c29a,1,0.0,0.0
f1bc37da71af8139bb2f15d90769a64db63a9df94de6437e0fe5159dfbcce1c0,2,0.0,0.0
ed0a54a8493ce0420867e64dd1c6e0486ec6ab2f69002ae3cdfeecea4d6929e0,2,0.0,0.0
c99c148467ff5ab3e18da54cfa5a42d6cadf0a4954510bff2a010325015d5c85,1,0.0,0.0
bb1e53b33f907a45e6a023430e8b24c6d80f06416052ab298fd280600307bf2b,2,0.0,0.0
d1b01b5d5305bf21d059780dfc747f2ed4fac64bafd87c48fda8a9efa074e365,1,0.0,0.0
0d0bfd7c634116a8072be2ec3f53f164446b2cd5a498a3018fce23e84d332fc1,1,0.0,0.0
8088161995d2c89b8d7ec824d72ab3a856dbf156100823d25e7d3611ea4416a5,1,0.0,0.0
0b5123b025128d02233fc9be58577f51496cfd3e7fb68d006fd49fbf1b850f2b,1,0.0,0.0
2a144239ab14e42a828c949dd8e9c8407fcd92fe539d8318da00f91e933e9e91,2,0.0,0.0
c026fbcfdbc7686c6cb660186f9dbf39db44b9ba70d20fb3bc70444b4ad68543,2,0.0,0.0
c9ef1b0d54f91d5d53f6cd75d1dec6b284b4af5042c48e2ab1b7373a726d5bb0,2,1.2,1.9
8a3ba6819c77e2de6d12a7a21a59d705058a181f30a811ded62adefddbe41f05,1,0.0,0.0
9e555319b14bd5a6fde4d3d5b68dc0963b9aaf5ed341472548561df3e5f2b6fa,1,0.0,0.0
99825a44d34e65682312575067ed6c44a41abf37ef1ece3ffeab279cb7986099,1,1.0,1.0
632b247bc9ab4b417dd504ffd3dd1c0ec431ae4b23e49aed920376e6f288560c,1,0.0,0.0
daf032a031d3de65be0fb9ade3c9595c579652465ead0ca7870a7ab48ac8f239,1,0.0,0.0
0aef13f820dd8f96b93e04d61a972e0ee899031a7de821085f44d36b69237e50,1,0.0,0.0
f69327a9a44df5366c4edc3d8198bf4448fc15e8db2d34b7beb4a85951a2895d,1,0.0,0.0
c66f4879c081712e6c26890cae46bc1f1b32bee88e55795409559b6037bf87f1,1,0.6,1.0
ae93ef8cdb85cd6b523e2f01c504bfd7f7293f04cb1d9b7b6c470de952f1319c,1,0.0,1.0
c110f6527067b4194b76a7286b4c038d0a6c49adcbb9ab390ae8fe3e2467e5e8,2,0.0,0.0
9f7819ec374e996f6a93d9beda641139a4b2da8372f6893890b63ff4baf0b4a4,2,0.0,1.0
d6d022cd1bc801b36fb96353246a36ef8d212343f624caf49ce7b0133cf89e28,2,0.6,0.6
d93cd87745ab76644aaed05366844e6bb667d2741dd75ae967a8e290588ad752,1,1.0,1.0
2de57c34e1f081ee42d57c9f0cc6c574e87ea0a0d47b2fd58199e8d0783fcb2f,2,0.0,0.0
db3553bbf74a6d20eb6f983a810da0bb94d9379881835f8adc9c08a05226cbce,1,0.0,0.0
68f69e824832b7a45705a1ed1357fddfe20f3a301a2de86069105e74f12480e6,2,0.0,0.0
e1300425deeb3d5c231ad259e9271dcab3ae5cb8fe8287bf66c922b166d520d3,2,0.0,0.0
aa9c22679af9a6ba0e7a6f1c7bdec0a745fb7821c780ba1be9747bedeb03e53c,1,0.0,0.0
75a56bc0954c4401ecc01902f53f166853029ebb977b088db59b557416ecc493,1,0.0,0.0
7448623218894f90759d93c91209d611d9b953f1b0f66ee46ef1a4c780073d3e,2,1.0,1.0
c7d3647d2a8b859f332660f5599e42def2ef42d7509a108e8b25f82deec7e84c,1,0.0,0.0
2d36d7b609bb9e171596c568ed123c664383a55fdee69c706d14d7a88782bc4b,2,0.0,0.0
40f8ac9ab6717df5fd8bfcb45398b1b6dbadf810d10e1487afc65b1fef55d285,1,0.0,0.0
85c3a2b45dc2c6cd27b05413d55cf70b65b73a2f16dbc5362d5b98d874dab90b,2,0.0,0.3
bf0f63d011888e0fda77c1b01b7ff9d1db69116c1d856dc024bf6a38c0c04430,2,0.3,0.0
6cb8833340d1dc3ab15390f5e4380efa3394d950a9992fb430a1fa69e490eca6,2,1.0,1.0
1b5b43904ec2b59c3064079849d6f7253ea72934d91f022d883046ddf5557474,2,0.0,0.0
f4738a9ad083fa199604033e792484e61c5e8663af0c40ff8a0ecb03d7ced713,2,0.0,0.0
535337c6e43c4697de35842b7d895273233262a8d7b3ac3ca33280925e6522d1,2,0.0,0.0
96f83ebf15e0ab3e5e10865e1e0b46ec4cfdc006934ca6f9c6f97f6530cb6bf9,1,0.0,0.0
b75a5f285ddc29ddc5751e06596bb5d096591c5a8bcb15fdabd6f904512ac1c4,2,1.0,0.0
a0cf1f58ea92d8df0935cab552c1c69eefadc796811debdb1bfc3952a0de35c7,2,0.0,0.0
b7940471e21ffd66028193a40ea3fb5a5b733bbe892e4e88040284197c816ac5,2,1.0,1.0
51e268c0c349de365d4f843ce8714ee7c29c534b3cdf7a16c532c4ed12374e66,2,1.0,2.0
7303edc9a346042f3d3966949cdd1d2d1014804117a6510f9a6cd914d2619df5,1,0.0,1.0
d049e0e8884d59917ed260d7495ced4aef3e0d29c41b5763040f841ad9cd315b,2,1.0,0.0
6d7c2006c4a3a9be9d0729d3103dc31ecc71781b2e18b004d3d4759b951f4156,2,0.0,0.0
b7cd215ba7f6c942a10ffc04cc1588ade6b562f726269ff521cf0e41cc85fb9d,2,0.0,0.0
2c5b394ff5a30618b33d2c4f00c4780d6f3059c7aa20221543b925a5c2098fba,1,0.0,0.0
5c009bce8b690a34f52eed685441f1cab74d389f00c5657299157f0bddda22d5,1,0.0,0.6
470d1ca375b24b45a90f8ec1d74dc4aead606257bd32c43660b6e2be93d31deb,2,0.0,0.0
2d2eb5f25346c689ea2b4b83f8c94c3b0dc42c0ad28b27bfa39924928e29e969,1,1.0,1.0
fa58f8b5b0096ce4ba814aaef206fb83c801f4f43e677c48694170bf7e01fddc,1,0.0,0.0
3a4fbf45fdd21288fe93087172afe8d5c57090d0e3f8a8c8e7cd1a0f9b13b2a8,1,0.0,0.0
8f1779245afcab23d68d745fda3cab60163dd0cfc9534d9848d7acecaf41a642,2,1.0,1.0
9db595abe7e26e19f3a504326be31db7744428868dbbe5159543d083c2d00fc7,2,0.0,0.0
7e6b6fe34642eb267433a2ef4bc0bffffd47587a05a875c98d3831a6ab5bc8c6,2,1.0,1.0
4040ac38c8b27a351994196213325607ceee99eb76091b7486c37ee08bcc7d5e,2,0.0,0.0
1a261e7e411740f9c49e330052e8b491dc11c049ac378a5dc66d081634bbdae1,1,0.0,1.0
433b1b0b69884f00432da2d68c42c218686ed7f126f173c877ba75bb4c805663,1,0.0,0.0
099132f36378eed471b2a86c46459ac0e8d9ca7a34971aceca355452bb1d0291,1,0.0,0.0
150313eb93fb79b1904e237424dff3df79df7f427b4b1926260c23416605313e,2,1.0,1.0
b8b2592480f57440626bdd59b47c29fa4f914db8c045553c0eba55bfcf146746,1,0.0,0.0
37cb9d195b907c4de941e42f01988a03b4c1f6aa33c7e4f40554db5833d6a845,2,0.0,0.3
e5966e5cceaa327dab6c3830162e78355a2b0b18ccea41c8b4da8902a92da95a,2,0.0,1.0
885c7121e04d92da1725b77adc4cb3a5b911ec2a7bd416b3f14e20af0066030f,2,1.0,1.0
cddc1b8bb7bc1a372da58ec9fbb1b2fb9ddceb9e9b3c13ea2da788db7b4b193f,2,0.0,0.0
4afbe737800cd09b19cea5c50ca4b4366ca1f31a7a8359a263a569b2c41a7a21,2,1.0,1.0
5532753f1d943f12f72a8ec3dd9692b2414dfad892a431de95cb649d83356042,2,0.3,0.9
24ddbb0d07327c77019a8d41212a3dcf60505160663f639709b61b7e0ced83fb,1,0.0,0.0
366560f7571b16d1f15a2ef04261a60b615c564a2282b85078b00887510452b0,2,1.0,1.0
b9d7a9f80ae31393e1fdbf31c52c2e9e9cec450fb53b804fd2ff7b6bec8da3e2,2,0.0,0.0
951d15721641310b598382433c12d2b3f6109a255da4a0f3c72779f657c93594,2,0.0,1.0
2177477c370316ff34e7b83629c1f95cd8810a17d1e13e069df2b960da69cc39,2,2.0,2.0
5ea9f7cf427c605f9a48234bfd5d66b2e707a685d205389899712dc0d413c71f,1,0.0,0.0
14fa7a129ee2301b68d4ea79f6f2c4a4e1daee17f43d429dafe0b5fbaf8a9b09,2,1.0,1.0
c38683c2bc1baf2cce6a1f713ce32bdd1c791b6ac1e916de85308ad3b8cf3820,2,0.0,0.0
d4af7c35fccf80c786c2f519a3c08d37c65cef31608d1fa094cbd72ec18d9a66,2,1.0,1.0
7ea1fb1ceebbf50be8de31ed9264c46bab3217cc956776e84a5a6e4aac8ea46a,1,0.0,0.0
2c7b8cd8a5d971fbee47b2db7318d08860d7efe70963b63c6c2fc9720af9bf1c,2,0.0,0.0
1863c3e10f02a077b447280fbf3d8395f1e375beb8b762f512823042218da765,2,0.3,0.3
140ef1d26c7c956a206c52efdfb79991f7e86da6836b10437a76aa365dd679f8,1,0.0,1.0
3b4e4ebd22725cc4ed0b2dac6c2027b88b65b2af654a5126a2df9855d2f4aa7d,2,1.0,1.0
ee71a60c7819757dc83cdd27d65145e9ac81cfebe0b8a3a760abd83060924a8b,2,0.0,0.0
49ca0276b16f3cf041b949fbcee803a00ecd0e2370bd02a9bf5152b486b200bd,2,0.0,1.0
cd2c10c2bd3676ad108d01dc61dbb35ffd49ec3a2815f9844844fa6820c2b496,2,0.0,0.0
4b5611f27fc95c798c9c3f922beeed1ce6d07253be20019c024be882455a5aaf,1,0.0,1.0
067943263f4f42a3e5445bfde540fae65dbc5c37f6a5c81bfa1854c73b6ef040,2,1.0,1.0
3075e9e495b9d71c7ccb2ea729ffd1690019518a958d42b5f60ac27313e134c5,1,0.0,0.0
ad60f24555eb23c8c415cd707eb6719b89519a4aece0fd0e9101d50e2c40ed76,2,0.0,1.0
2becbdf824abaf1e3888f178273da326811fcb51e8371c519658f34fc4353a0d,2,0.0,0.0
5a7f0023df91941790f01932a90d1f5161c31c249b99852f4a700fa0de894fb3,1,0.0,0.0
cac1655222eabad0aaf233be2677fa81d8a72049c7f9666e1d35dfe3c680a9cc,2,0.0,0.0
6b1cd1e98702f77f22cb7f8d2d77b844c6b916d8fef258ef207d4621fcf2e9b0,1,0.0,0.0
3b45b0fac8d768214802bfe5cbfae3b088ab22862716436bf75107303abb526f,1,0.0,0.0
2447c0a1cebe3961fcd452921cdd0b8c665f963af4319af20735b2bbedd16ade,1,0.0,1.0
fafbfdb49e524fe2681356499c5c4686ef4a4258564e80d8aa5100e8abaa4d11,1,0.0,0.0
a798ca5c695fcdfe47eb8c26d5afef5f82d5683c6e20bfb6325a06dcae130c1d,1,1.0,1.0
97e99d23be6a384bc474dc89c89d0a66a393c172fc46cbcac369a11a36017446,1,0.0,0.0
2c9e6f16d6635ec9e0d5fdc38ee2ae8b7571b4f3855e447eeec1b9348c86d739,2,0.0,0.0
e3b3f4dfeda9205e2f88f6631cec9dcb094b95cae90086eeee646ef9c824fb77,2,1.0,0.0
f2e453ee90db3551404d4922c08d028fca7b33ff0aa93d9f8ef853a6f8d6356a,1,0.0,0.0
5a4d6261e3ded7d59f6a0d13601c3f20360c156b8b8135034dfa26b7ddab3bcd,2,1.0,1.0
b4fc2e1eb42f93947dce3365ffc56ada0d6d0f5417de96043e853b6c664322d6,1,0.0,0.0
0ff49162f618870e5398d4be3c9d27b40e201d9613a4d883c5043a98e0ce8446,2,1.0,1.0
d7ba1348adb084805e05082e99e72e43b081a9d938abefd84d8f769b15af5e4a,1,0.0,0.0
3e2142edcc27ad2abb86a5879cbb2921c190972d86fcf322d3c7a4e2c6e25421,2,0.0,0.0
9dba116878f4eaa50b0e0aaf28c2e9be4e8c3ef607bd53d220f14d39884ab551,2,1.0,2.0
27d0a7c4540c68bc27fc5bc449327f8f6401e845b62387f3896fc6e3e1f92b30,2,0.0,0.0
1e350a82e7a78c31f8ed46cd416e3cd4bc5a58a5a504efce7da88f05c150b338,2,0.0,0.0
39917a246581cec203781a16e80aacb04cbb8b8389481982616aa3561a12ab61,1,0.3,0.3
8317afde52c14876878b7addebc5cfb27785536527c7ca62abf965511b39e642,1,0.0,0.0
446eb8c3cc7546328138dceaffff89454f6ea9080f07e777f7e621d29d5d60ab,2,0.0,0.0
3baf02514a6ca2117fc5bbea67f3bec68709d69ed6986af0c7c7281f87fd7029,1,0.0,0.0
6f86f0700b44f050534769b29e1bc498a80e247c0173395e4fb77b172d5ffb32,2,0.0,1.3
9c16b0c01ff2d796d6194e543e9346739e7f7d5e111d3566b0b1d613e546d3a8,1,0.0,0.0
5ec69e1a541906bcf7c7467338af159a42e3d37c2c23b6166f6ed88bfad57bf6,1,1.0,1.0
83f7e4d5adf0a20c553062da89a4e6f58f1bc497a1a6b22a88074926a7a41fbf,2,0.0,0.0
5d44853d3de9e11e3b9af3ea3903038236a56c1d209a6c74f2069a65a67b06d4,2,0.0,0.0
4c3f3e1f99b65a7d3048da9625f36d4404bf6f7a8d755da6fff5dddcfdee216d,2,1.0,1.3
56fe4a1776d6a686a6889554c77b417bf507caea7066857d0e9d5dbfa3ced247,2,1.0,0.0
3a2f969bb7adc343a45d02c7cd35d79fdeabdde1f173ea28daf7f4f5a2e78551,1,0.0,0.0
4aa2ec0046644686444ebdd422ed99645d8f6dc1107e4b502d09d2e5c7eba813,2,1.3,1.3
b2b802f8ef18bfe5d39de88850092550a3499573ad24e12319b7064efb170980,2,0.0,1.0
7f0d16267f374852728025e41f6efe1014be31f2575aa4e5d6b6d27a79c7c832,2,0.0,0.0
13ec2fd7c19883cf281aa0b083e8e88991a67e6fc68b3c8bdcc25e2416194a82,1,0.0,0.0
a5ff2e987c12a000d60f9f0809cd2134493609e24a3131db1f5bd357d6b6ba61,1,0.0,0.0
6f9072c750dca4481d6eff3641cd4ef46607d6bf3a5effc3a754cfe36f03b35d,2,1.0,1.0
aaa0470877e6345576db88f3d3453013681881cca7b9db89ae85d90621e34392,1,0.0,0.0
69ebd5f39a73425863e879289d24049a4691efe4ea06d4e6bde335185806a405,1,0.0,0.0
11800ec546dc64588cf066d64e4af16b656d4158d14ccfa8fb940a65b986a1b3,1,0.3,0.3
fb6e734aaa37be8d73df76325e80c1c4ac89490bc01b12fa2097e1c4f19d6941,1,0.0,0.0
311c6f16fca5e6d998a64b5396b4c47aeb494e3d1dd8c65ae1e37ddfe8028690,2,0.0,0.0
e67ee189906821a222c01dace19c420d05b3e5fffd9f9adbffd96125fed51c85,1,1.0,1.0
c39f439a856214fb982a1f4b6d82c1256f017f532f12ee1cb5ca96ca9ca0f700,2,0.0,0.0
7139c70571c639834bebc45a71150b3cbf853ded7f3b948d70a69a76b22424bf,1,0.0,0.0
8d6c5b9164d89d15c6cfda5d75d156c51a6c6f6df3cb6a64c010db2a6025f697,2,2.0,1.0
a3e75e8fe1b6c6a6c0d624408bd5c085fa098bf2d7e4ae0cd5c80009794db47c,2,0.0,0.0
cbfdfede31afef01ca342f26f5f1df241c78adf1e6688aabe523113f99b98e6d,1,0.0,0.0
bcfa82adff06194d3eb3a0b00957e9a65b10550613f59af94f1eda927c9979a2,1,0.0,0.0
9aae27d93649469d441bedd35a712d0446bbfe17e29f8f1feddce7d5998b0634,1,0.0,0.0
4124b2771f68daf68cfd14859802499de31c03dee387762d106d50df02daa817,2,0.0,0.0
c6c1bd7e86a6635bd6c1950528bcd99303d064c677118f4e447fe3420c49eb05,2,1.0,1.0
7ee8b806a7d7f801b28a6d82815c03b5ab1c6ccc97f33164fd4484c1c9a8defe,2,1.0,1.0
1698a40f59033fb6e4f750dec0be2eef26bd0fc079328a4e7ade56896629caaf,2,1.0,1.0
14fa18088a17d260b6421d9fd2ca267c0f30dc0bbff3780e030fdbcf25dbc3c4,2,0.0,0.0
2c0b8b23300d7cba1bcc1566b90145d4274e00cbf77b7803b69980bf04324a9c,1,0.0,0.0
6ac49311fb6325abb329c1866581cf915fc3a17cf0de673c3feb81194f4250a3,1,1.0,0.0
bc5033dc24cbe8d31e80bdb1fc223e3b22d032b1264648371ba988609c09669d,1,1.0,1.0
1d15477449c02b191a8f8fb1ee901f3c27f72f52a3a1bf65a458290e85abc218,2,0.0,0.0
1e854a1ee1cc6cfa5a31e9c2446c28a401e06eaa7f49bb766c992d7ec082b50b,2,0.0,0.0
91d2e8557b9c981f34a0861b26c18974555462ee278c13c2e1ba61770e2d8ff2,1,0.0,0.0
09dfee23f40c191e6db294da6f4b196810b08acd46691e4de3d4322d042335ce,1,0.0,0.0
30694e3ea7af8b81f92081fe86972f4b15bd70c445f86064acc60bf4b906557a,2,0.0,0.0
2f61bc637c559e16d0a9800e3089b79999b1d81c7a699a1c56d7c90cd57d09aa,1,0.0,0.0
1159640ed1d67216e843538d9701d6ca53f01438ba98973cb1bab28ed9214a50,2,0.0,0.0
aeb466dd8cb8bf47c6219e79697a8516f3fb64cf985c652197b946ae171d9c49,2,2.0,2.0
77853e10355503ec114a6e81d51bf6b5f44d85f880250cd603a49f90556df2e8,2,0.0,0.0
250779fcf2e7fcd800f79acc47e709c94b3d922b52380af136815cfa20bd952f,2,0.0,0.0
5127d00226fbf937bb92ad9824c19331ef3f098510fac3aed7dac7a13ae67c92,1,1.0,1.0
6dd369702893241ed8fbe99c2dc8b5e6129116dbe6cfa4d12f0dfa24a8adf7a4,1,1.0,1.0
dee7fc9afe380a9d481496a9c56b6b6c877a1105dbec8f4ddf75dd0e56a70a7f,1,0.0,0.0
20c03f48a80e111902b3343343c097a1dcd5be180730f3ebf0b2288ba84a6428,2,0.0,1.0
a4acff2ccfc098ff609bc5a01a3c27616f9b1f8978ec0e26e443a07333aaa721,2,0.0,1.0
d6cf497c7bc1d464ff23195de51c1d3ae92d2939f72a6eaab3b25908c03ffcbc,2,0.0,0.0
f5b45da13cc9e4d3948448cdf4afca433747093bc834362f3d1f44465dbfddd8,1,1.0,1.0
617ab69ac5bb04043dfc92faaddb9c457a7a0f3ff2493c45ce6f5f61d296c801,2,1.0,1.0
6db380b798cbcdf5f19b3d9c83bff63e11495fe41bce30672fbd26592b56a58a,2,0.0,1.0
f84f8f05918390eb70935ad749898bc90aa10b9bc0880bd45047c8806d6c2b8a,1,1.0,1.0
ddefa4fea24cd206150c965336493f61ac00907c1be17fd37886c8648d00b992,2,0.0,0.0
63af1211519612b0c55d2d30cca466185a5ea7aaaac425ec94bf8d4d0a168d01,2,0.0,0.0
e9836579bb65aef89ae26624d744529ba8afe7658ec427ea3881bc40571f7775,1,0.0,0.0
d629644ec2bab2166ec9fa17ba7ab715fe7ebbd0ede19edc3a188a572d5d0b5d,2,2.0,2.0
9d3e07c15f9453ce965688cf0ed70749e97d9a56fd6da57ebf23dc4c2d96eb69,2,1.0,1.6
583d934c40dd325e0ea79d3cb2ac96780e6b9408e6bb5a3040f2d54726ea480a,1,1.0,1.0
0c463370c702a4d76267b1a655cb5b42f3207593c26b9fb64541356f5e96696a,2,0.0,0.0
f9e9e08000f98fb2038cf20c247a92726eea9fd6b36ea775e55d84ea2bd95613,2,0.0,0.0
7ee61525ec9e4ce873e615a51b73966733c27e5f1440dd30d155c243ad14ad32,1,0.0,0.0
fd18cf878bece02a9f8a19c39f47ab7fec66d059de6558f3ca6c33eaf9885bc7,2,0.0,0.0
54226212ce0395548fabcfb00ad41b0fdbcc8e8da4a0fddc1885308425836c17,2,0.0,0.0
8ce21f91f972518fa246057c851cd3c9d314971f0950c1a498084b29849be942,2,1.0,1.0
a8c0978e1cc8205586e2611de60ae17088c4c46b1da2c43e5d2d8301a31652d8,2,1.0,2.0
c240ada961253d40823f6ddba243b9f5b5a291f21c51068c442af066f5a424cc,2,0.0,0.0
b679ad66c5735ff2e1e03db20ae5a613ba10ec4e309c35a8f6a1fa660bdeb90c,2,1.0,1.0
166c9678bb11d830f706c665c0cd9b0e73ae46e3769b217fa607f2854587b3dc,2,0.0,0.0
228650aa569983cc2bdb9070cbf7eda4cdddda7c105d8dd6ac9e62d8ce2be9ba,2,0.0,0.0
cd11424544634ecbfc70b20aa707f768ff21e0bd6885dc9ab766f74a4275a424,1,0.0,0.0
3492dbf7ceac50f328e6c232a4fc45bde8ee34815b197659a7b66933814e6d5a,1,0.0,0.0
c7a0a52f45fc2e26fc262a5ff8362aa855bdeaffddfd4279c2b45dea4e3fa6da,1,0.0,0.0
c1bd4990a584813ec9a4c044dd549224434bf0f504401b9fcb811dbea9874344,2,0.0,0.0
7a6f6153ed057139e9a6a385d6e851b602644ba39fdd29b99720eb593396e5f2,1,0.0,1.0
850f663d28a0231fc6d3fa8d6ad3ad474f0c4b40800f2352b668dcf6eaf2138a,1,0.0,0.0
a5b19e2e3b1235b2c531e0f2771fda4e8cab51203ed3426992f532cc616f68bc,1,0.0,0.0
9f7eb48bccd59e93d10edfa48f563fc3445051b2417dc061d2e3c599b75eefca,2,0.0,0.3
73a171092aab19537bcaceb7c64c57e2dcf36b6f2ae20456fe0fd2d36af773e8,1,0.0,0.0
e64415106b4444ebc1f2d06b0b73d885d5345762eae559c2960e2c811d9c5097,2,1.0,1.0
bddddabe47129c411bb923de53b939fa237fffcd52fbd9de073e2bfd806b2cc6,1,0.0,0.0
58b5c78aa362adec529bedce18a09842495bd8123fc899ebcd63442022a42b9c,1,0.0,0.0
84a28b432bb8de0c78c3b0c8d1394d6c917024108f23ab5ffb84d0d5104ed651,1,0.0,0.0
310bcb9a43b44c322cc1ca2ed453f0942413a7b508b5fdad52035a850c90b654,2,0.0,0.0
aaeb4bbeafd3d1935d63afcade2cf092abdce6517f8eb8f1b95b3efce5ee86b3,1,0.0,0.0
1af2e94f718876a2c1bc5b5f6f3010a91124c833272371423d5c5950a00bf711,2,0.0,0.0
d9dd2aae77878c6a1150b294216458085bbfe66a161f67f9d88a49390aa37505,2,1.0,1.9
f7f0fe340b3d3d4811c58903f336172b8e88187bc7d5c130f76ff4e280415059,2,0.0,0.0
